text,Source,cleaned_text
With 86% of the vote holy shit,Reddit,vote holy shit
"Wow, was not expecting it to be that much of a blow out, 80%+?",Reddit,wow expecting much blow
"Not surprised at the winner, but I am surprised at the margins",Reddit,surprised winner surprised margin
86% on first ballot is insane.,Reddit,first ballot insane
Think trump will finally clue in Trudeau resigned and isn’t trying to hang on to power 😂🇨🇦,Reddit,think trump finally clue trudeau resigned isnt trying hang power
My god he crushed it. Freeland wasn't even a factor,Reddit,god crushed freeland wasnt even factor
"Everyone wanted to move on from anything Trudeau related, I don’t know why she even ran. This could’ve been an email.",Reddit,everyone wanted move anything trudeau related dont know even ran couldve email
"85% of the vote is wild, Freeland was really unpopular",Reddit,vote wild freeland really unpopular
Shoutout to the [Mainstreet poll ](https://montreal.citynews.ca/2025/02/25/liberal-leadership-race-poll-carney-freeland-first-ballot/)that gave only 43% to Carney two weeks ago.,Reddit,shoutout mainstreet poll gave carney two week ago
That’s a very strong win.,Reddit,thats strong win
"It’s a surprise how much he won by, but also not really. Carney was basically coronated liberal leader before the race even began. He’s really the only one who can do it. The alternatives are either irrelevant people, have dubious foreign connections, or are stained by Trudeau.",Reddit,surprise much also really carney basically coronated liberal leader race even began he really one alternative either irrelevant people dubious foreign connection stained trudeau
Wow. Carney got 85% on first ballot.,Reddit,wow carney got first ballot
Amazing that Canadians didn’t trust the woman who suggested we could just fix all our finances by cancelling Disney+ to lead us…,Reddit,amazing canadian didnt trust woman suggested could fix finance cancelling disney lead
"NWT born, raised in Edmonton, very well educated, extremely successful career, I'm incredibly impressed.

For years, I've wanted the Conservatives to put an MBA businessman for leader, but we keep getting career politicians like Scheer and PP.

Carney might have one of the best resumes before entering politics as a leader, ever.",Reddit,nwt born raised edmonton well educated extremely successful career incredibly impressed year ive wanted conservative put mba businessman leader keep getting career politician like scheer carney might one best resume entering politics leader ever
Yeah it was pretty inevitable given the history with Freeland.  I know liberal lobbyists who basically said it was a done deal.  I don’t want to hear dumb slogans or zingers in my government.,Reddit,yeah pretty inevitable given history freeland know liberal lobbyist basically said done deal dont want hear dumb slogan zinger government
"Cheers in the crowd for eliminating the carbon tax.

lmao",Reddit,cheer crowd eliminating carbon tax lmao
"Carney knocked the entire thing out. The election will be competitive. And the Centre-Left is energized, atleast Liberal are at 85%",Reddit,carney knocked entire thing election competitive centreleft energized atleast liberal
PP violently brainstorming more derogatory C verbs for Carney,Reddit,violently brainstorming derogatory verb carney
"Insane Majority, Around 85%, bonkers",Reddit,insane majority around bonkers
Landslide vote victory,Reddit,landslide vote victory
That’s absolutely decisive. Looking forward to the election.,Reddit,thats absolutely decisive looking forward election
So now what happens? Does this automatically put him at PM or we still need to do an election?,Reddit,happens automatically put still need election
"Very much not surprised, Freeland wasn’t exactly well liked.",Reddit,much surprised freeland wasnt exactly well liked
Very fast rise for Carney. We'll see if he can retain the momentum. Probably waited for this exact moment to step into the ring. Guess we will see if he can compete.,Reddit,fast rise carney well see retain momentum probably waited exact moment step ring guess see compete
Everyone is absolutely shocked!,Reddit,everyone absolutely shocked
Don't fuck it up...,Reddit,fuck
"I voted for Carney, but I think Karine Gould is one to keep an eye on in the future…she’s well spoken and gets her message out clearly with such pose. I am impressed…",Reddit,voted carney think karine gould one keep eye futureshes well spoken get message clearly pose impressed
"I hope his elbows are as ""up"" as Justin's were.",Reddit,hope elbow justins
Congrats Mark Carney! Now you have a mission and a heavy burden to carry. Take us there and we will help carry the load!,Reddit,congrats mark carney mission heavy burden carry take help carry load
And Prime Minister of Canada… Not Governor!,Reddit,prime minister canada governor
When is the election?,Reddit,election
That's a slap to the face of Freeland. And that's deserved.,Reddit,thats slap face freeland thats deserved
So no Capital gains increase and the carbon tax is gone... what is Pierre going to campaign on?,Reddit,capital gain increase carbon tax gone pierre going campaign
"good job, no more stalling, lets get this federal election over with so we can start to fix the problems created by the previous gov.",Reddit,good job stalling let get federal election start fix problem created previous gov
"86% of the vote! Carney wins in a landslide! Let's go, Canada!",Reddit,vote carney win landslide let canada
Here we go!,Reddit,
Election time???,Reddit,election time
by a landslide,Reddit,landslide
I think his economic background served him well. It’s exactly what we need with the Trump Tariff nonsense,Reddit,think economic background served well exactly need trump tariff nonsense
The landslide wow….,Reddit,landslide wow
"Not too shocking, being in cabinet positions in the outgoing government would have been a scarlet letter",Reddit,shocking cabinet position outgoing government would scarlet letter
Pretty crazy that he won with 85.9% of the vote even though there was a large effort to register and vote for bad candidates by some corners of the internet. Probably more like 90% of the vote among serious liberal voters.,Reddit,pretty crazy 859 vote even though large effort register vote bad candidate corner internet probably like vote among serious liberal voter
"Now to see if he actually immediately calls an election as promised, or finds a reason to delay it some more.",Reddit,see actually immediately call election promised find reason delay
"I hate term globalist, but man does Carney fit it.",Reddit,hate term globalist man carney fit
Liberals got my vote for the next election.,Reddit,liberal got vote next election
A decisive victory. Good luck PM Carney!,Reddit,decisive victory good luck carney
Crazy times in Canada/Canadian politics,Reddit,crazy time canadacanadian politics
Then obliterate Orange Moron and his gang of melon heads,Reddit,obliterate orange moron gang melon head
Canada has spoken! Elbows up!!,Reddit,canada spoken elbow
[deleted],Reddit,deleted
"Congrats, let’s keep Canada united",Reddit,congrats let keep canada united
Not a surprise,Reddit,surprise
Let's all hope he can dig us out of this mess we are in right now.,Reddit,let hope dig mess right
Carney is the best outcome for Canada. More qualified than any candidates available and also provides continuation to government in challenging times.,Reddit,carney best outcome canada qualified candidate available also provides continuation government challenging time
"I think we all expected Carney to win, but over 80% of the total vote? The other three weren't even a factor it seems.

Hoping he can defeat PP later.",Reddit,think expected carney win total vote three werent even factor seems hoping defeat later
"My question is how Carney is going to shed the stink of the last 9 years of Liberal failure in Canada. He's a new face, but he's fronting the same team and he has a massive legacy of failure to overcome to even get to the starting line in the next election. He saved the Titanic from sinking, but it's still got a massive gash in its hull and the bow is still underwater. Good luck Carney, you've got a tough row to hoe.",Reddit,question carney going shed stink last year liberal failure canada new face fronting team massive legacy failure overcome even get starting line next election saved titanic sinking still got massive gash hull bow still underwater good luck carney youve got tough row hoe
to the utter surprise of no one,Reddit,utter surprise one
Why does this process take soooooo long. In Australia the knifing happens in a matter of hours and we all go about our day with a new PM the next day.,Reddit,process take soooooo long australia knifing happens matter hour day new next day
My thoughts on the margins (since I voted). The tally was ranked (numbers 1-4) I suspect people voting carney strategically shifted freeland to their fourth. Anyone who knows anything about how these stats are measured know if this might make a difference?,Reddit,thought margin since voted tally ranked number suspect people voting carney strategically shifted freeland fourth anyone know anything stats measured know might make difference
Are we surprised? Running against Chrystia Freeland ffs...🙄 Can we have a real election now?,Reddit,surprised running chrystia freeland ffs real election
He will have my vote come election time,Reddit,vote come election time
Noice,Reddit,noice
What a fucking blowout,Reddit,fucking blowout
Carney just absolutely whipped the competition wtf ,Reddit,carney absolutely whipped competition wtf
Let's go!!!,Reddit,let
The sooner the federal election happens the better odds the Liberals have.,Reddit,sooner federal election happens better odds liberal
Best choice! Lets go..,Reddit,best choice let
"Wonder if Carney will call an election now, best time for him to do it and I would be the first one lining up to vote for him.",Reddit,wonder carney call election best time would first one lining vote
LFG!,Reddit,lfg
"Wow, I'm not at all surprised.",Reddit,wow surprised
Shockingly not even close.,Reddit,shockingly even close
Annnnnnnd the carbon tax is gone. What ever will Pierre do?,Reddit,annnnnnnd carbon tax gone ever pierre
"Not surprised.

Running against two people from trudeau’s cabinet and a random outsider. ~100k people just picked our Prime Minister.

Can’t wait to see him tested by the other leaders.",Reddit,surprised running two people trudeaus cabinet random outsider 100k people picked prime minister cant wait see tested leader
"Expected but the vote share is crazy impressive. Gives Carney a strong mandate on the party going forward. 

Really interested if they go for the election in April while the Cons are flat footed.",Reddit,expected vote share crazy impressive give carney strong mandate party going forward really interested election april con flat footed
He’s got my vote,Reddit,he got vote
His French isn’t great,Reddit,french isnt great
"Did he win in the first ballot, second or third?",Reddit,win first ballot second third
Shocker,Reddit,shocker
"Ruh-roh. Good luck with going up against a competent person, who doesn't have the Trudeau baggage. PP is cooked.",Reddit,ruhroh good luck going competent person trudeau baggage cooked
I hope he can beat PP.,Reddit,hope beat
"Finally, someone with high IQ.",Reddit,finally someone high
Early vote? Let’s go PP.,Reddit,early vote let
Canada has a chance,Reddit,canada chance
"Now, I really hope the Liberals get dumped in the next election.",Reddit,really hope liberal get dumped next election
Freeland and Gould should resign,Reddit,freeland gould resign
PP is cooked. What slogans will he come with up now?,Reddit,cooked slogan come
"Surprising no-one. Great news for the liberals though, honestly.",Reddit,surprising noone great news liberal though honestly
"For the European stalker I am, is he a good pick to fight Trump's foreign policy on Canada? Will he keep the tariffs on or could fold against the USA?",Reddit,european stalker good pick fight trump foreign policy canada keep tariff could fold usa
And the next step for Carney(if he wants to win) is to distinguish himself from the Trudeau Liberal party.  Let's see how that goes.,Reddit,next step carneyif want win distinguish trudeau liberal party let see go
"Fantastic.  Now, the real campaigning starts.  It will be interesting to see the new dynamic with Trump.",Reddit,fantastic real campaigning start interesting see new dynamic trump
More than Trudeau’s vote ,Reddit,trudeaus vote
Polievre and conservatives are done.,Reddit,polievre conservative done
Yes! Let's goooo! Put Donald in his place- prison,Reddit,yes let goooo put donald place prison
That's who we want to lead us!!! Someone with the experience we need right now.,Reddit,thats want lead someone experience need right
"Imagine not wanting this guy to be your leader through economic turmoil?

Go get 'em Mark!",Reddit,imagine wanting guy leader economic turmoil get mark
One WEF stooge replacing another WEF stooge. Sad.,Reddit,one wef stooge replacing another wef stooge sad
Carbon tax bye bye,Reddit,carbon tax bye bye
Yeah he’s a smart dude. I actually support this!!! He will make Trumps life hell!,Reddit,yeah he smart dude actually support make trump life hell
Now he has to decimate that weasel PP,Reddit,decimate weasel
Sucks to be PP right about now.,Reddit,suck right
Smart guy.....,Reddit,smart guy
Remember when Liberal leadership races were close and competitive sometimes?,Reddit,remember liberal leadership race close competitive sometimes
Man I hope they get crushed in the next election.,Reddit,man hope get crushed next election
Congratulations to bankster carney.,Reddit,congratulation bankster carney
"#FUCK YEAH!!!! LFGOOOOOOOO!!!!!

I was really pissed with the LPC a few months ago, but damn, I'm energized for Carney.",Reddit,fuck yeah lfgoooooooo really pissed lpc month ago damn energized carney
"Turnout for this vote was very low, mostly because some people found the registration process confusing and/or error-prone. That doesn't look good on the party. But the landslide tends to show that the outcome was inevitable, regardless.",Reddit,turnout vote low mostly people found registration process confusing andor errorprone look good party landslide tends show outcome inevitable regardless
Let us hope he can handle Trump the next couple months before the election. I'm pretty sure he's had to handle the worst of the worst already as Governor,Reddit,let hope handle trump next couple month election pretty sure handle worst worst already governor
Now go get Lil PP!,Reddit,get lil
Liberals looking at the OLP .... lets get a better leader.,Reddit,liberal looking olp let get better leader
"Mark Carney Nationality: British, Canadian, Irish",Reddit,mark carney nationality british canadian irish
LETS GET THIS DONE!,Reddit,let get done
I guess I'm sorta glad since stopping the Maple MAGA seemed unlikely even a few months ago.  It just sucks knowing that we are going to be right back here with even more disillusioned voters in a short time when neoliberalism once again can't deliver actual improvements to life.,Reddit,guess sorta glad since stopping maple maga seemed unlikely even month ago suck knowing going right back even disillusioned voter short time neoliberalism deliver actual improvement life
"Geez, as if that wasn’t fixed 🙄",Reddit,geez wasnt fixed
"""We were supposed to be on a steady, if difficult, march towards progress. And yet, just ~~a few weeks ago~~  {**today**}, the ~~United States~~ {**Liberal Party**} voted ~~for a second time~~ to not elect its ~~first~~ woman ~~president~~ {**prime minister**},"" Trudeau said, adding that ""women's rights and women's progress"" are ""under attack.""",Reddit,supposed steady difficult march towards progress yet week ago today united state liberal party voted second time elect first woman president prime minister trudeau said adding womens right womens progress attack
Good,Reddit,good
"86%. Meanwhile trump with 49.8 vs 48.3 ""omg I have a mandate!!!!""",Reddit,meanwhile trump 498 483 omg mandate
We are doomed.,Reddit,doomed
Congratulations Carbon Tax Carney. May your reign be short and swift,Reddit,congratulation carbon tax carney may reign short swift
Very good. Now let's get on with it!!,Reddit,good let get
Coronation complete 👑👑👑,Reddit,coronation complete
Can’t wait to watch him lose the Fed election.,Reddit,cant wait watch lose fed election
"Which means we now have an unelected Prime Minister.  He must now immediately call an election, and pledge to serve as Official Opposition leader if the Conservatives end up in government, just like John Turner.  Plus, the Liberals are not very respected in Mark Carney's home area, which is Western Canada.",Reddit,mean unelected prime minister must immediately call election pledge serve official opposition leader conservative end government like john turner plus liberal respected mark carneys home area western canada
I guess an education in Russo Ukraine studies doesn’t make you a prime minister. Who’da thunk!,Reddit,guess education russo ukraine study doesnt make prime minister whoda thunk
"Hasn’t won one election, the democracy respectooors go wild!",Reddit,hasnt one election democracy respectooors wild
"He axed the tax, he's gonna beat Poilievre.",Reddit,axed tax gon beat poilievre
Yes!!!!,Reddit,yes
American here- wasn't there a conservative candidate our idiot president wanted to win? What is carney’s politics,Reddit,american wasnt conservative candidate idiot president wanted win carneys politics
Unelected prime minister,Reddit,unelected prime minister
Justice for Ruby Dhalla!!!,Reddit,justice ruby dhalla
Another Trudeau... how not exciting,Reddit,another trudeau exciting
[removed],Reddit,removed
"So with this win, Justin Trudeau remains PM until an election is call, right (I'd imagine either a by-election or General Election)? As Carney is not an MP, only party leader. Just asking because I believe this is the first time that a leader of the government has never appeared in any ballot for an electoral district (riding).",Reddit,win justin trudeau remains election call right imagine either byelection general election carney party leader asking believe first time leader government never appeared ballot electoral district riding
Cleo Carney for PM,Reddit,cleo carney
"better call an election he is not legitimate being unelected and having no seat

nothing like democracy when a party can just pick a new pm and we have no say",Reddit,better call election legitimate unelected seat nothing like democracy party pick new say
"Based on their own residency requirements to be a member. He was not even eligible to be a member. But somehow, he’s Prime Minister now. A complete sham. Illegitimate ",Reddit,based residency requirement member even eligible member somehow he prime minister complete sham illegitimate
Relax fools it was not a real ekectil. He was not voted in by the people...he is just a caretaker un till the pc win in the real election...mark would never have one f it was a real election....lol,Reddit,relax fool real ekectil voted peoplehe caretaker till win real electionmark would never one real electionlol
Lol,Reddit,lol
Congrats to Canada's new unelected PM!,Reddit,congrats canada new unelected
His first proclamation is to move Canada into the United States to avoid tariffs just like he did with his head office.,Reddit,first proclamation move canada united state avoid tariff like head office
150k votes puts an unelected guy in office lol they'll get smoked at the next election,Reddit,150k vote put unelected guy office lol theyll get smoked next election
Someone owes Trump a favor,Reddit,someone owes trump favor
So now it will Governor Carney?,Reddit,governor carney
An Irish? Idk how I feel about that,Reddit,irish idk feel
"Wasn't even close. I expected Freeland to be higher, but I'm glad he won so decisively.",Reddit,wasnt even close expected freeland higher glad decisively
"That was a massive landslide win. Freeland with only 8%! I guess many Liberal voters were disgruntled with her and her decision to ditch Trudeau, even if it seemed right at the time.",Reddit,massive landslide win freeland guess many liberal voter disgruntled decision ditch trudeau even seemed right time
He crushed everyone else wow.,Reddit,crushed everyone else wow
Higher than the **70.70%** Poilievre won with in his leadership race,Reddit,higher 7070 poilievre leadership race
Freeland is a train wreck.,Reddit,freeland train wreck
More than JT won in his leadership race. Really big stuff,Reddit,leadership race really big stuff
I mean if u disqualified more then half the vote I'd say that number should be even higher ,Reddit,mean disqualified half vote say number even higher
2% shy of Putin's results in the last Russian election.,Reddit,shy putin result last russian election
"Only 150,000 people voted.

The Conservative leadership race had 400,000 voters. And they had to pay to participate.

The Liberal support is thin.",Reddit,150000 people voted conservative leadership race 400000 voter pay participate liberal support thin
What a boring and uninspiring leadership telecast. Yawn.,Reddit,boring uninspiring leadership telecast yawn
All staged. Fake. Might as well not even had a vote,Reddit,staged fake might well even vote
85.9% of the vote,Reddit,859 vote
Yeah that’s a big margarine.,Reddit,yeah thats big margarine
Ranked choice voting was a factor. People that had Carney or Freeland as a coin-flip would probably put Freeland second. Not enough separation between her and Trudeau.,Reddit,ranked choice voting factor people carney freeland coinflip would probably put freeland second enough separation trudeau
For the politically ignorant - is this any indication of how the Federal election might go?,Reddit,politically ignorant indication federal election might
Those are Putin and Lukashenko numbers.,Reddit,putin lukashenko number
He might even take credit!,Reddit,might even take credit
He's gonna treat this as some kind of win that he was responsible for 100% lol,Reddit,gon treat kind win responsible 100 lol
"He claim credit that “weak Trudeau” couldn’t stand up to Trump and had to resign. Or whatever nonsense Trump believes, one thing he won’t do is admit he was wrong",Reddit,claim credit weak trudeau couldnt stand trump resign whatever nonsense trump belief one thing wont admit wrong
He knows. It just doesn’t fit his narrative. The next lie will be how he pushed Trudeau out of office.,Reddit,know doesnt fit narrative next lie pushed trudeau office
"I think he might push on hard over the fact Carney wasn't put in power through a typical election as being anti democratic though. In the US system I don't think that can happen.


He did that with Zelenskyy still being in power because of martial law.",Reddit,think might push hard fact carney wasnt put power typical election anti democratic though system think happen zelenskyy still power martial law
"Nah, the orange blob won't get it.",Reddit,nah orange blob get
"Nah man this is a clever ploy by Trudeau to remain in office. Clearly.


/s",Reddit,nah man clever ploy trudeau remain office clearly
"No. He's monumentally stupid, and also doesn't care. He'll say whatever makes him look strong to US folks.",Reddit,monumentally stupid also care hell say whatever make look strong folk
"Nah, he'll still be blaming Trudeau for everything even when he won't be there hahahaha like he does with Biden",Reddit,nah hell still blaming trudeau everything even hahahaha like biden
Which is a good sign,Reddit,good sign
She stayed with Trudeau a year too long.,Reddit,stayed trudeau year long
"I always remember Mainstreet having the conservative mayoral candidate in Calgary's 2017 election way ahead and arguing and threatening people who challenged them, then having to apologize for shitting the bed so bad post-election. I don't pay attention to any of their polls.",Reddit,always remember mainstreet conservative mayoral candidate calgary 2017 election way ahead arguing threatening people challenged apologize shitting bed bad postelection pay attention poll
"I think Freeland was just used as a sacrifice to make it look like it was democratic process. Internally the liberals already sold their party to Carney. This is just a fun conspiracy theory, not based on any facts.",Reddit,think freeland used sacrifice make look like democratic process internally liberal already sold party carney fun conspiracy theory based fact
Didn't even know that was an option!! 😂,Reddit,even know option
Agreed,Reddit,agreed
Since when the Carney is considered “centre-left”?,Reddit,since carney considered centreleft
“Centre-left” 🤣🤣🤣🤣🤣,Reddit,centreleft
Kooky Carney is pretty good but doesn't really hold up.,Reddit,kooky carney pretty good really hold
Goes to show how badly run our conservative party is when they make an unlikeable little dork with the initials pp their leader.,Reddit,go show badly run conservative party make unlikeable little dork initial leader
"There will be a short period of transition. Then they will have the Governor General swear him in. He won't be able to sit in the House of Commons until he wins a seat. Whether they wait until October, call an early election, or the opposition forces an election is up in the air.",Reddit,short period transition governor general swear able sit house common win seat whether wait october call early election opposition force election air
"
He doesn't have a seat. We are having an election.",Reddit,seat election
He is automatically your PM.  He is the leader of the ruling Party.,Reddit,automatically leader ruling party
Also had the dual struggle of being very closely associated with Trudeau while also ending on bad terms. Gould at least benefited from being the voice in the race who was willing to defend some Trudeau-era policies.,Reddit,also dual struggle closely associated trudeau also ending bad term gould least benefited voice race willing defend trudeauera policy
People were expecting a first ballot win for Carney but i don't anyone was expecting 86%.,Reddit,people expecting first ballot win carney anyone expecting
He basically stole the policies of the conservatives,Reddit,basically stole policy conservative
Verbthenoun,Reddit,verbthenoun
How can people trust a party who suddenly changes their mind after pushing that shit for almost a decade?,Reddit,people trust party suddenly change mind pushing shit almost decade
Odds are earliest we might get one is April-May. He'll definitely will wait until after the first real melt.,Reddit,odds earliest might get one aprilmay hell definitely wait first real melt
"Who knows? Mincemeat recently said he wasn't in a hurry to force an election.

Probably not the best time for an election anyways, Canada must be saved by the unelected investment banker.",Reddit,know mincemeat recently said wasnt hurry force election probably best time election anyways canada must saved unelected investment banker
"None of the candidates were ""bad"". All were at least competent.",Reddit,none candidate bad least competent
"Right now the number is 400,000 votes were disqualified...",Reddit,right number 400000 vote disqualified
"The best thing Carney could do for his chances is to call an election while Trump is still dangling his tariff threats, and while he's still got the honeymoon phase as new leader. Trump acting at his worst is what's turned the tide to the Liberals.",Reddit,best thing carney could chance call election trump still dangling tariff threat still got honeymoon phase new leader trump acting worst whats turned tide liberal
Needs to be sworn in first,Reddit,need sworn first
That's not how it works.,Reddit,thats work
"March 24, but Marc Carney won't have a seat in Parliament.",Reddit,march marc carney seat parliament
United in poverty.,Reddit,united poverty
"For you, maybe. But we don't all think alike, do we?",Reddit,maybe think alike
Appointed not elected.,Reddit,appointed elected
Everything that's left to take.,Reddit,everything thats left take
He’s been on Duolingo since the last debate apparently lol,Reddit,he duolingo since last debate apparently lol
His public talking in general is not great.,Reddit,public talking general great
First,Reddit,first
And real work experience (directed at PP).,Reddit,real work experience directed
A chance at another decade of poverty! Yay!,Reddit,chance another decade poverty yay
Carney will almost certainly appoint them to his cabinet.,Reddit,carney almost certainly appoint cabinet
"lol

If Carney debates the way he handled the 'race' debate and hard balled interviews, I honestly doubt it.",Reddit,lol carney debate way handled race debate hard balled interview honestly doubt
He will sell Canada out to the elite,Reddit,sell canada elite
Is he going to put a stop to the wage suppressing mass immigration crisis the Liberals created?,Reddit,going put stop wage suppressing mass immigration crisis liberal created
"Please, you didn’t even know who he was 3 months ago. He’s a WEF puppet just like Trudeau and he wasn’t even elected.",Reddit,please didnt even know month ago he wef puppet like trudeau wasnt even elected
"Prefer the life long political attack dog, or the Toronto lawyer who has let his party drift into a black hole?",Reddit,prefer life long political attack dog toronto lawyer let party drift black hole
"Well, in all fairness, this is a liberal leadership election similar to the republican primaries. Which trump won that in a landslide, not as big as carney, but still 76% of the vote.",Reddit,well fairness liberal leadership election similar republican primary trump landslide big carney still vote
He just said he's going to get rid of it.,Reddit,said going get rid
"Turner 2.0?
Turner 2.0.",Reddit,turner turner
Coronation? You guys just come off as desperate with that angle.,Reddit,coronation guy come desperate angle
Liberal win coming.  Poillieve is sinking the PC party faster than you can say. Security Clearance.,Reddit,liberal win coming poillieve sinking party faster say security clearance
Polls would indicate he won’t.,Reddit,poll would indicate wont
"Why would he have to do that? We don’t vote for prime ministers, we vote for members of parliament. He’s PM under our laws and conventions.",Reddit,would dont vote prime minister vote member parliament he law convention
"This was the liberal party leader election.
Not a federal election.",Reddit,liberal party leader election federal election
That is the opposition party the Conservative Party of Canada's leader is Pierre Poilievre. This is akin to the Democratic party voting for the leader of the party. In Canada the leader of the party becomes the Prime Minister if the party wins the most ridings,Reddit,opposition party conservative party canada leader pierre poilievre akin democratic party voting leader party canada leader party becomes prime minister party win riding
"Funny that. Do you vote for the Prime Minister come election time?

No?

Exactly.",Reddit,funny vote prime minister come election time exactly
Interim PM.,Reddit,interim
She would've won if they didn't kick her out /s.,Reddit,wouldve kick
Kidding.,Reddit,kidding
"Have an original thought, or just parroting peremptory attack ads?",Reddit,original thought parroting peremptory attack ad
"Ok, Pierre.",Reddit,pierre
Just announced he's going to put an end to it,Reddit,announced going put end
"no, Carney becomes PM immediately

it's highly unusual to have an unelected PM so pundits believe that Carney is going to call an election in the next few days",Reddit,carney becomes immediately highly unusual unelected pundit believe carney going call election next day
"Unless you live in their riding, you never vote for the PM…",Reddit,unless live riding never vote
"…this is how our parliamentary system works. We don’t elect prime ministers. We elect a party, and the leader of that party becomes PM.

Regardless, he’s obviously going to call an election fairly quickly.",Reddit,parliamentary system work dont elect prime minister elect party leader party becomes regardless he obviously going call election fairly quickly
"He is legitimate, learn the rules.",Reddit,legitimate learn rule
Lol. PP is crashing out. Because Canadians are finally seeing him for what he is: a lifelong political dweeb who is obsessed with personality politics and populist slogans. Someone who actively cozies up to American interests.,Reddit,lol crashing canadian finally seeing lifelong political dweeb obsessed personality politics populist slogan someone actively cozy american interest
This is good news,Reddit,good news
Congrats on being clueless about how our electoral system works.,Reddit,congrats clueless electoral system work
Do you willfully not understand how Canadian politics work?,Reddit,willfully understand canadian politics work
">150k votes

>Unelected",Reddit,150k vote unelected
Tell me you don’t understand this without telling me…,Reddit,tell dont understand without telling
Fox news watcher over here lol,Reddit,fox news watcher lol
You haven’t been following the polls. The conservatives 200 seat lead has fallen to 13 in 6 weeks. Trump taking over has completely wiped out their guaranteed win. If Kamala had won the election the conservatives would likely be over 200 seats ahead today.,Reddit,havent following poll conservative 200 seat lead fallen week trump taking completely wiped guaranteed win kamala election conservative would likely 200 seat ahead today
"""I usually find things too complicated""",Reddit,usually find thing complicated
"Tell me, when was the last time you ticked a box on a ballot that had the Prime Ministers name on it? Outside of living in their specific riding.",Reddit,tell last time ticked box ballot prime minister name outside living specific riding
Freeland interviewed horribly. I was surprised,Reddit,freeland interviewed horribly surprised
"Freeland was too tied to Trudeau, which would've been an enormous liability in the election. Pretty sure her doing so poorly is a reflection of that reality. Carney stands a way, way better chance against PP.",Reddit,freeland tied trudeau wouldve enormous liability election pretty sure poorly reflection reality carney stand way way better chance
I saw a poll posted here a while ago that Freeland was not far behind. Oops...,Reddit,saw poll posted ago freeland far behind oops
"If you ever meet Freeland in person you'll understand why she lost so badly, she's kind of unbearable",Reddit,ever meet freeland person youll understand lost badly kind unbearable
Freeland has too much history with Trudeau that I think would mean she could never win a federal election (although the past 2 months has changed that equation somewhat).,Reddit,freeland much history trudeau think would mean could never win federal election although past month changed equation somewhat
"I mean when you look at it, was it such a big surprise that Mark Carney won? He fits entirely within the Liberal party establishment.

Carney is an economist that was both head of the Central bank of Canada as well as head of the Bank of England. His views of market liberalism and proven track record at major financial institutions beat that of Freeland, he's basically a technocrat.

Freeland studied history and literature, specifically Russian and Ukrainian and worked as a journalist. She is entirely an outsider so to speak and her only experience in politics is tied to Justin Trudeau, who just stepped down.",Reddit,mean look big surprise mark carney fit entirely within liberal party establishment carney economist head central bank canada well head bank england view market liberalism proven track record major financial institution beat freeland basically technocrat freeland studied history literature specifically russian ukrainian worked journalist entirely outsider speak experience politics tied justin trudeau stepped
She is a poster of all the failures from previous years who dumped Trudeau last moment right before his rating skyrocketed. I am more surprised she thought she has a single chance to win this.,Reddit,poster failure previous year dumped trudeau last moment right rating skyrocketed surprised thought single chance win
Carney needs to distance himself as far as possible from Freeland before this upcoming election. She is incredibly disliked by Canadians.,Reddit,carney need distance far possible freeland upcoming election incredibly disliked canadian
"I like her better, but I think she has too much Trudeau stank on her, and Trump hates her.",Reddit,like better think much trudeau stank trump hate
"""We were supposed to be on a steady, if difficult, march towards progress. And yet, just a few minutes ago, the Liberal Party voted to not elect Canada's second woman prime minister"", sad Trudeau never.",Reddit,supposed steady difficult march towards progress yet minute ago liberal party voted elect canada second woman prime minister sad trudeau never
She's pretty hot at least. ,Reddit,pretty hot least
"Dang, really?",Reddit,dang really
"My opinion of her would’ve been very different if she didn’t have awful speeches as finance minister, and she quit cabinet weeks after the GST issue, and day of budget being presented.

She played politics, and frankly isn’t good enough in what will be a tough campaign.",Reddit,opinion wouldve different didnt awful speech finance minister quit cabinet week gst issue day budget presented played politics frankly isnt good enough tough campaign
They would lose with her attachment to Trudeau. This is a good decision.,Reddit,would lose attachment trudeau good decision
I guess she was to close to Trudeau. Which fair enough.  ,Reddit,guess close trudeau fair enough
"Yeah, not only was she too tied to him, but her resignation was so... unprofessional.  She did not go with grace. As a woman, we always (to my neverending annoyance) get told we're too emotional blah blah blah. So then we see a strong female politician literally write a scathing letter like a high schooler and post it everywhere to bash the leader OF THEIR OWN PARTY?? That's emotional af and incredibly telling of her character. It's one thing to disagree, step down, and announce your resignation due to differences. It's a completely different thing to air out all your dirty laundry publicly. I would absolutely love to see a female PM or even anyone but a middle-aged white man but definitely not Freeland.",Reddit,yeah tied resignation unprofessional grace woman always neverending annoyance get told emotional blah blah blah see strong female politician literally write scathing letter like high schooler post everywhere bash leader party thats emotional incredibly telling character one thing disagree step announce resignation due difference completely different thing air dirty laundry publicly would absolutely love see female even anyone middleaged white man definitely freeland
She's just so fucking smug.,Reddit,fucking smug
There was a leadership race for Putin's party? lol,Reddit,leadership race putin party lol
"Parties don’t typically push for membership sign-up nearly as much when they are electing a leader in this kind of scenario. You get those big numbers when they elect a new leader after a general election defeat, those also typically longer campaigns",Reddit,party dont typically push membership signup nearly much electing leader kind scenario get big number elect new leader general election defeat also typically longer campaign
Would be interested to see the registration requirements for both. The liberal sign up was a slog,Reddit,would interested see registration requirement liberal sign slog
Yeah. Needs more Hulk Hogan,Reddit,yeah need hulk hogan
We don't need an American style show up here. We are salt of the earth people. Save that garbage for south of our border.,Reddit,need american style show salt earth people save garbage south border
Democracy levels haha,Reddit,democracy level haha
I can’t believe it’s not better.,Reddit,cant believe better
So expect another 10 years of liberal party leading the country,Reddit,expect another year liberal party leading country
"Not really, because only liberals vote in the liberal party leader election. But this does indicate that Carney has the backing of the party in general and therefore they will be united behind him.",Reddit,really liberal vote liberal party leader election indicate carney backing party general therefore united behind
This was to vote for the liberal leader. Only those who registered as Liberal was allowed to vote in this,Reddit,vote liberal leader registered liberal allowed vote
Not at all from a voting perspective but is positive for the liberals for fundraising and campaign volunteers as it means liberals are behind Carneys candidacy.,Reddit,voting perspective positive liberal fundraising campaign volunteer mean liberal behind carneys candidacy
No. But it does at the very least point to the Liberal Party being united behind Carney as leader.,Reddit,least point liberal party united behind carney leader
"No, this is solely for the Liberal Party leadership. In a best case scenario for them, they would win a minority (<50% of the vote). More likely, Conservatives will win a minority.

It's a huge win though considering a couple of months ago it was something like a 99% chance of Conservative majority.",Reddit,solely liberal party leadership best case scenario would win minority vote likely conservative win minority huge win though considering couple month ago something like chance conservative majority
"It shows Liberals won't be staying home on election day, whether or not that's enough to win we will see",Reddit,show liberal staying home election day whether thats enough win see
"Not directly but it is an indication of the support he has among Liberals themselves. Shouldn’t see too many Liberal voters crossing over to other parties, particularly the Conservatives, which isn’t going to bode well for Pierre one way or another.",Reddit,directly indication support among liberal shouldnt see many liberal voter crossing party particularly conservative isnt going bode well pierre one way another
"Nope, it's an internal leader election. Only registered Liberal members voted and it's picking the Liberal leader for the next election. Can only indicate he is very popular among Liberals at this moment.",Reddit,nope internal leader election registered liberal member voted picking liberal leader next election indicate popular among liberal moment
No just an internal vote for the new party leader I believe.,Reddit,internal vote new party leader believe
"No. This is a vote among registered liberals, not the general population.  Most people, even liberal voters, aren't registered liberals.",Reddit,vote among registered liberal general population people even liberal voter arent registered liberal
"Probably a bit of indication, certainly not any kind of confirmation though.


Liberal membership surged during the leadership race, and with an overwhelming majority win today it's clear that liberals are very united around Carney, so I don't think we'll see much in the way of liberal infighting during this election (like we might have if Chrystia had won)",Reddit,probably bit indication certainly kind confirmation though liberal membership surged leadership race overwhelming majority win today clear liberal united around carney think well see much way liberal infighting election like might chrystia
It's a testament to how much Liberals believe in Carney specifically to be able to win the next election. It's tough to say how much that would translate onto the entire voting population - but I'd expect a rejuvenated and energised Liberal campaign that might not otherwise have materialised.,Reddit,testament much liberal believe carney specifically able win next election tough say much would translate onto entire voting population expect rejuvenated energised liberal campaign might otherwise materialised
"No, this vote is strictly Liberal party members. According to the polls the last little while he has the best chance against their rival conservatives. For example if the liberals came out with 50% of the vote for the election it would be a monumental comeback. ",Reddit,vote strictly liberal party member according poll last little best chance rival conservative example liberal came vote election would monumental comeback
"It’s only 85% of who was registered as a liberal to vote, and who went through the hassle of trying to use the horrific Canada post verification app. But it’s still a pretty massive blowout. If he can put on a strong performance until the next election, liberals could easily get a majority.",Reddit,registered liberal vote went hassle trying use horrific canada post verification app still pretty massive blowout put strong performance next election liberal could easily get majority
"Deffinetly not, Carney has a lot of work to do. He can surely keep the tories to a minority, but if he wants to win, he needs to truely inspire, show strentgh, and outsmart the PP messaging.",Reddit,deffinetly carney lot work surely keep tory minority want win need truely inspire show strentgh outsmart messaging
"No, it's only 150k voters - he's more like Freeland was in this race",Reddit,150k voter like freeland race
Maybe if elections Canada take a note from the liberal party and only count 37% of voters 🤷‍♂️,Reddit,maybe election canada take note liberal party count voter
Ill agree if he wins the general elections by this much but I dont think its too outlandish for this to happen at party level,Reddit,ill agree win general election much dont think outlandish happen party level
Oh boy. Dumb ass take,Reddit,boy dumb as take
Lucky Freeland didn't fall out a window lol,Reddit,lucky freeland fall window lol
"100%. 

""Canada needs strong leadership, which they will have when they're the 51st state.""",Reddit,100 canada need strong leadership 51st state
Don't give him ideas!,Reddit,give idea
"Oh 100%, he'll tweet some bs and his followers will lap it up like always.",Reddit,100 hell tweet follower lap like always
Agreed. I can’t wait for the next episode of trump to hear what’s next,Reddit,agreed cant wait next episode trump hear whats next
Agreed… liberals being united behind their leader will be a big benefit in the election.,Reddit,agreed liberal united behind leader big benefit election
"God I can't believe people actually voted for the ""vibecession"" finance minister",Reddit,god believe people actually voted vibecession finance minister
I mean she had good ideas. I give credit where credit is due.,Reddit,mean good idea give credit credit due
"Then stabbed him in the back, pissing off his supporters.",Reddit,stabbed back pissing supporter
Like the rest of us lol,Reddit,like rest lol
"To be fair, it's hard to sample members in good standing of a party. That doesn't explain your example though.",Reddit,fair hard sample member good standing party explain example though
"CARTEL CARNEY

Since apparently we’re being overrun by Mexican cartels up here",Reddit,cartel carney since apparently overrun mexican cartel
"In October. He doesn't need a seat to be Prime Minister, but without a seat he can't participate in Parliament and has to watch from the sidelines. We will have an election in October, or sooner if they decide it's for the best (or if forced through a vote of non confidence)",Reddit,october need seat prime minister without seat participate parliament watch sideline election october sooner decide best forced vote non confidence
I mean no news outlet were talking about Freeland. It was all about Carney that Carney this. So not really suprising.,Reddit,mean news outlet talking freeland carney carney really suprising
"Yeah, most people (myself included) thought Carney would get the leadership, but I doubt *anyone* expected such a big margin",Reddit,yeah people included thought carney would get leadership doubt anyone expected big margin
To be fair carbon tax is a conservative idea,Reddit,fair carbon tax conservative idea
"They elected a new leader. Different vision. Different ideas on how to run things. 

It's rather simple to understand.",Reddit,elected new leader different vision different idea run thing rather simple understand
Source?,Reddit,source
News report said it should take a week at most.,Reddit,news report said take week
We all want what’s best for the country.,Reddit,want whats best country
A chance at not being America's 51st state! Let's go Canada!!,Reddit,chance america 51st state let canada
"Will you actually read the platform he releases when an election is called to find out what he plans on doing, or have you already decided?",Reddit,actually read platform release election called find plan already decided
Or the liberal media censorship laws? Or the attack on legal gun owners while reducing sentencing on gang bangers? Or liberals loosening laws and increasing crime? Or the ever growing unemployment rate? Or the insane federal debt? Or the lack doctors and healthcare workers? Or the lack of people and equipment for out military? Or the lack of police patrolling?,Reddit,liberal medium censorship law attack legal gun owner reducing sentencing gang banger liberal loosening law increasing crime ever growing unemployment rate insane federal debt lack doctor healthcare worker lack people equipment military lack police patrolling
"It just speaks volumes that once cerney was introduced as an option, the Conservatives dominance plumetted in the polls, and Carney was able to get more support than trump, a literal populist. I just hate trump. He won by one of the smallest popular vote margins ever but acts like the entire planet is behind him",Reddit,speaks volume cerney introduced option conservative dominance plumetted poll carney able get support trump literal populist hate trump one smallest popular vote margin ever act like entire planet behind
Thanks genius,Reddit,thanks genius
"He just said he is going to cancel the carbon tax - so yes, he is “I killed the Carbon Tax” Carney",Reddit,said going cancel carbon tax yes killed carbon tax carney
"Not quite.

Carney becomes PM once Carney receives an invitation to form a government and Trudeau tenders his resignation to the Governor General.",Reddit,quite carney becomes carney receives invitation form government trudeau tender resignation governor general
"is he an elected mp by canadians? a liberal leadership vote is not the same thing at all, there must be an election and you are a traitor to democracy if you think otherwise",Reddit,elected canadian liberal leadership vote thing must election traitor democracy think otherwise
Right? I’m getting really tired of these people who seem to learn Canadian civics from Trump tweets.,Reddit,right getting really tired people seem learn canadian civics trump tweet
I am Australian. You can change Prime Ministers without changing governments. US people have no idea of the 'Westminster System'. Too wedded to their faulty system and practices. Go Commonwealth.,Reddit,australian change prime minister without changing government people idea westminster system wedded faulty system practice commonwealth
"Why would a russian understand Canadian politics? Why even vote, just keep the same guy for 30 years.",Reddit,would russian understand canadian politics even vote keep guy year
I swear everybody needs a civics refresher.,Reddit,swear everybody need civics refresher
Where was I wrong?,Reddit,wrong
So when did he get elected as an MP or as PM in a federal election?,Reddit,get elected federal election
150k votes is hilariously bad considering the context,Reddit,150k vote hilariously bad considering context
"The polls lol they just showed a base of 150k, that's brutal. Conservatives are going to smoke the Liberals, people don't forget that easily",Reddit,poll lol showed base 150k thats brutal conservative going smoke liberal people forget easily
"Liberals numbers are mirroring Harris's ascension nicely. That's why we're headed for another reddit special lol, the comments here will be epic.",Reddit,liberal number mirroring harris ascension nicely thats headed another reddit special lol comment epic
She talks to voters like they are children.,Reddit,talk voter like child
"She was also more closely related to the former PM. 

Which I will be honest. He did good in his last month swinging back at Trump in the media.",Reddit,also closely related former honest good last month swinging back trump medium
"Terrible insight to have but Dumpy would not respect a woman, either. 

I would have liked to see her higher but she was not restrained enough in the lead up and said some things she should not have.",Reddit,terrible insight dumpy would respect woman either would liked see higher restrained enough lead said thing
She’s brilliant and will be DG of the UN one day and Gould can be pm one happy day after the war.,Reddit,shes brilliant one day gould one happy day war
Karina Gould is one to keep an eye on the future.,Reddit,karina gould one keep eye future
"To be fair, he also won with 82% turnout, compared to just 37% this time.",Reddit,fair also turnout compared time
Too close to Trudeau for the people that hated him and since she stabbed him in the back the people that loved him hated her,Reddit,close trudeau people hated since stabbed back people loved hated
she's worst than him.,Reddit,worst
That makes 2 of them...  Carney was just more behind the scenes.,Reddit,make carney behind scene
Yep she was stained,Reddit,yep stained
Wouldn’t be surprised if the opposition mysteriously disappeared. Or if they were just paid off anyways to have a pretence of democracy,Reddit,wouldnt surprised opposition mysteriously disappeared paid anyways pretence democracy
I think the only time he was nominated by a party was in 2012 and the way that party won parliament elections in 2011 was a point of no return for Russia,Reddit,think time nominated party 2012 way party parliament election 2011 point return russia
"That's right. Parties typically don't hold a country hostage by shutting down Parliament during a crisis so they can sort themselves out.

You would think that the Liberal party members would take this situation a little more serious.",Reddit,thats right party typically hold country hostage shutting parliament crisis sort would think liberal party member would take situation little serious
"Even when Canadian parties try, it's quite dull and awkward. I'm thinking specifically of when Harper had Gretzky on stage and he would put bills in a box with a ""cha-ching"" sound effect everytime he put money in.",Reddit,even canadian party try quite dull awkward thinking specifically harper gretzky stage would put bill box chaching sound effect everytime put money
That’s terrifying,Reddit,thats terrifying
"Ah gotcha, thanks!",Reddit,gotcha thanks
So will CBC and Reddit,Reddit,cbc reddit
Anyone who wanted to vote could. I voted even though I rarely vote Liberal during general elections.,Reddit,anyone wanted vote could voted even though rarely vote liberal general election
It's very close right now and they haven't even started campaigning. This election could seriously go either way.,Reddit,close right havent even started campaigning election could seriously either way
Yep. Also Carney raised A LOT of money for the party so they will have  plenty of money to run the campaign.,Reddit,yep also carney raised lot money party plenty money run campaign
"> It shows Liberals won't be staying home on election day

Not necessarily. Less than 50% of party members voted. Of the 400,000 members of the party, most of which signed up specifically for this leadership race, only about 160,000 had voted. That's less than 50% turnout for their own leadership race. That's not great.

For contrast, the 2022 CPC leadership election had a turnout of 64.5%.",Reddit,show liberal staying home election day necessarily less party member voted 400000 member party signed specifically leadership race 160000 voted thats less turnout leadership race thats great contrast 2022 cpc leadership election turnout 645
"I signed up to vote and the app refused to verify me, which I'm still oretty annoyed about. I'm glad the wolf in sheep's clothing voters didn't get Chandra Arya elected.",Reddit,signed vote app refused verify still oretty annoyed glad wolf sheep clothing voter get chandra arya elected
that canada post app was an absolute breeze to use lol,Reddit,canada post app absolute breeze use lol
Thanks!,Reddit,thanks
"The app was a breeze to use, if you had trouble that's a you problem lmao.",Reddit,app breeze use trouble thats problem lmao
He actually already took credit for it when Trudeau first announced he was stepping down lol,Reddit,actually already took credit trudeau first announced stepping lol
"What are you talking about, Trudeau has been awesome through this dark time.",Reddit,talking trudeau awesome dark time
"He’ll probably call is asap so as not to loose the momentum. Right now is probably the most popular he’ll be (or during the election campaign, depending how he plays it).",Reddit,hell probably call asap loose momentum right probably popular hell election campaign depending play
Imagine having a prime minister that can't even participate. Jesus christ,Reddit,imagine prime minister even participate jesus christ
"They weren't disqualified. 400,000 people registered to vote, but the majority did not complete the verification process by either using the app or going in-person to a Canada Post office. Therefore most of those 400,000 people never received a ballot, and did not vote.",Reddit,werent disqualified 400000 people registered vote majority complete verification process either using app going inperson canada post office therefore 400000 people never received ballot vote
It was never a race to begin with. Carney himself said he was selected during the race.,Reddit,never race begin carney said selected race
"I will.  If he reduces immigration back to 2019 levels and ends temporary foreign workers in fast food, then he has my vote.  Simple as that",Reddit,reduces immigration back 2019 level end temporary foreign worker fast food vote simple
"There is an election coming, this is standard operating procedure if an official resigns. What do you expect to happen, they have an election with no Liberal party candidate?",Reddit,election coming standard operating procedure official resigns expect happen election liberal party candidate
So I guess Kim Campbell wasn't really prime minister in 1993,Reddit,guess kim campbell wasnt really prime minister 1993
Chill out. An election will be called real soon as an early election works in the party's favor. Waiting only benefits the cons.,Reddit,chill election called real soon early election work party favor waiting benefit con
"Lol their username, totally Russian",Reddit,lol username totally russian
"The liberal party is still the elected government. The liberal party voted for a new leader. By definition he was elected. This isnt the US, we have different systems. This is the same as Kim Campbell being our first woman prime minister in 1993.",Reddit,liberal party still elected government liberal party voted new leader definition elected isnt different system kim campbell first woman prime minister 1993
"The Liberal party, like other parties, elects their leader. On top of that any Canadian can sign up , and vote as well. He's ""elected"" in any sense of the word.",Reddit,liberal party like party elect leader top canadian sign vote well elected sense word
October 2025 ideally,Reddit,october 2025 ideally
"Look, I can’t forgive the liberals for how badly they’ve fucked us over for the last 9 years, but my brain has enough grooves to see the winds have changed. Currently every single poll has the conservatives winning a small minority. 2 months ago they were cruising to an absolute blowout. 

Just because you don’t like it (I don’t either), doesn’t mean it isn’t a strong possibility.

The campaign writes itself: “ran the BoC during the 2008 financial crisis and we didn’t get hammered like the rest of the world. Ran the Bank of England during Brexit and they didn’t crumble to pieces. Now we’re in a trade war, do you want the guy who’s successfully ran economic policy during 2 historic crisis’, or the guy who hasn’t really done much of anything?” That’s going to be the message blasted all over Canada.",Reddit,look cant forgive liberal badly theyve fucked last year brain enough groove see wind changed currently every single poll conservative winning small minority month ago cruising absolute blowout dont like dont either doesnt mean isnt strong possibility campaign writes ran boc 2008 financial crisis didnt get hammered like rest world ran bank england brexit didnt crumble piece trade war want guy who successfully ran economic policy historic crisis guy hasnt really done much anything thats going message blasted canada
Will you freak out if you're wrong lol?,Reddit,freak wrong lol
I can’t wait - The liberal meltdown montages are going to be hilarious.,Reddit,cant wait liberal meltdown montage going hilarious
“You’re older now. Let’s cut the Disney Plus”,Reddit,youre older let cut disney plus
She talks like Michelle Dugger. It's like nails on a chalkboard for me.,Reddit,talk like michelle dugger like nail chalkboard
Her votes are just in a vibe-cession.,Reddit,vote vibecession
I 100 percent felt this every time she did an interview. Reminded me of an elementary teacher.,Reddit,100 percent felt every time interview reminded elementary teacher
Children who shouldn't have the Disney Channel unless they accept her as leader.,Reddit,child shouldnt disney channel unless accept leader
It worked down south..,Reddit,worked south
Same as Trudeau. Like a bedtime story,Reddit,trudeau like bedtime story
"Trump actively hates her due to their past experience working together, so it would’ve been terrible.",Reddit,trump actively hate due past experience working together wouldve terrible
"I hate that that is factual, but having a white dude at least takes the racism and misogyny off the table. 

That killed me to write.",Reddit,hate factual white dude least take racism misogyny table killed write
">Terrible insight to have but Dumpy would not respect a woman, either.

Donald does not respect anyone. Unless they're Putin, or Musk.

He definitely didn't respect Trudeau.",Reddit,terrible insight dumpy would respect woman either donald respect anyone unless putin musk definitely respect trudeau
Actually she famously was called “killer” by him during the USMCA negotiations - so maybe Trump would have been more servile,Reddit,actually famously called killer usmca negotiation maybe trump would servile
"I like freeland a lot actually but due to her previous pettiness with trump and his general disrespect for women, I didn’t see her as our best option to deal with him.",Reddit,like freeland lot actually due previous pettiness trump general disrespect woman didnt see best option deal
I really do think Gould will be a political force one day. She is my preferred candidate for better times.,Reddit,really think gould political force one day preferred candidate better time
Hope not,Reddit,hope
What about his history with Stephen Harper? Wait until you learn about that.,Reddit,history stephen harper wait learn
I only know him as the chairman of hte Bank of Canada. What specific ties to Trudeau are you referring to?,Reddit,know chairman hte bank canada specific tie trudeau referring
She had like zero policy differences compared to Carney also. So like obviously people are gonna go with the guy with less baggage.,Reddit,like zero policy difference compared carney also like obviously people gon guy less baggage
You seem to have quite the opinion of her.  What exactly do you dislike about Freeland?,Reddit,seem quite opinion exactly dislike freeland
"Not as terrifying as a PM who can't get a security clearance.

With Trump as a threat, I'd prefer someone who successfully ran two different central banks. Carney is the right person at the right time.",Reddit,terrifying get security clearance trump threat prefer someone successfully ran two different central bank carney right person right time
"It’s a totally different leadership, let’s give them a chance.",Reddit,totally different leadership let give chance
With such a high margin. The Liberals election campaign will just continue with Carney's plan and take it national. If he'd won by say 10-15% you'd maybe have to give some concessions to the Freeland wing of the party.,Reddit,high margin liberal election campaign continue carneys plan take national hed say 1015 youd maybe give concession freeland wing party
"I think the hoops you had to jump through turned a lot of people away from voting, people saying the verification app wasn't working too. I went to the post office to verify in person but even having to do that probably drove turnout down because as you pointed out most signed up just for this leadership race. 



The extra steps had of drove participation down and weren't a lot of conservative trolls signing up just to vote for anyone but Carney? They probably never ended up voting either",Reddit,think hoop jump turned lot people away voting people saying verification app wasnt working went post office verify person even probably drove turnout pointed signed leadership race extra step drove participation werent lot conservative troll signing vote anyone carney probably never ended voting either
I just went to the post office to verify my identity I'm glad I didn't try and use the app,Reddit,went post office verify identity glad try use app
"It was really stupid the way it was done. It relied on an selfie check, but I’d imagine lots and lots of Canadians have photos that don’t match what they look like now due to the pandemic and all the official photos they allowed to be skipped. I verified in person, and then on the day of the vote the app said that it needed to be reset and reverified. Liberals also just sent me a basic canned response and didn’t resolve my issue. Happy carney won, who I wanted to win regardless.",Reddit,really stupid way done relied selfie check imagine lot lot canadian photo dont match look like due pandemic official photo allowed skipped verified person day vote app said needed reset reverified liberal also sent basic canned response didnt resolve issue happy carney wanted win regardless
"I uploaded a passport, nexus, drivers license and still was not able to get it verified without having to go to Canada post in person. Crazy to me they couldn’t have hooked up it up to the provincial ID apps like the BC services card verification. If you look on the different subreddits lots of people had issues with it.",Reddit,uploaded passport nexus driver license still able get verified without canada post person crazy couldnt hooked provincial apps like service card verification look different subreddits lot people issue
"How is it a me problem if the app randomly says my verification, which I completed in person needed to be reset, and then offered me zero support to resolve it? The app was not a breeze, just because it worked for you doesn’t mean it worked for everyone. Not my first time using an app like this either.",Reddit,problem app randomly say verification completed person needed reset offered zero support resolve app breeze worked doesnt mean worked everyone first time using app like either
Reading between the lines you are insinuating a rigged vote? Maybe im wrong.,Reddit,reading line insinuating rigged vote maybe wrong
Trudeau hasn't been awesome since 2015.,Reddit,trudeau hasnt awesome since 2015
"Exactly. I didn’t vote for a lack of trying, literally spent hours on the phone this weekend trying to get my voting verification sorted out, but it didn’t work out (for many technical reasons I won’t bore you with, the process I experience was horrible). I would have voted for him, so I think the margin would be even higher.",Reddit,exactly didnt vote lack trying literally spent hour phone weekend trying get voting verification sorted didnt work many technical reason wont bore process experience horrible would voted think margin would even higher
"You literally have Berlin in your name, guess you're a Nazi",Reddit,literally berlin name guess nazi
"Lol no only registered Liberals vote, not all citizens - but I guess that's what y'all REALLY want anyway. As much a democracy as Jim Crow, let the Libs decide peasants",Reddit,lol registered liberal vote citizen guess thats yall really want anyway much democracy jim crow let libs decide peasant
"There it is - fuck democracy when it's my guy, just put it off 🤣 mask off",Reddit,fuck democracy guy put mask
"Of course. Regardless of who wins, there will be plenty of meltdowns here lol.",Reddit,course regardless win plenty meltdown lol
"Yes!  I didn’t know how to describe it, but that sums it up perfectly",Reddit,yes didnt know describe sum perfectly
"She talks like a journalist - because she was a journalist for a major part of her career before she went into politics.

Carney talks like a banker because he studied economics and was head of two major central banks and deeply embedded into financial insitutions, he's a technocrat at heart.",Reddit,talk like journalist journalist major part career went politics carney talk like banker studied economics head two major central bank deeply embedded financial insitutions technocrat heart
He hates her because she's a woman who doesn't bend over for him.,Reddit,hate woman bend
"I feel it too. 

But we are between a rock and a hard place right now. 

Realpolitik sucks sometimes.",Reddit,feel rock hard place right realpolitik suck sometimes
I hate this fucking planet,Reddit,hate fucking planet
"I had this same thought, and it sucks. I like Freeland, but this isn't her moment.",Reddit,thought suck like freeland isnt moment
Sad but true unfortunately,Reddit,sad true unfortunately
"But with Carney we go to ""I don't respect him"" from ""I hate this dumb bitch"". It's the sad status of America's politics.",Reddit,carney respect hate dumb bitch sad status america politics
"The leader of Mexico seems to have Trump wrapped around her finger. Irrelevant, but interesting",Reddit,leader mexico seems trump wrapped around finger irrelevant interesting
"Yeah sadly now is not the time for a woman prime minister. It sucks to say, but we are dealing with a crazy dude on the other side. Taking all the chances we got",Reddit,yeah sadly time woman prime minister suck say dealing crazy dude side taking chance got
Also true,Reddit,also true
Maybe that guy/girl really likes Trudeau and was just saying Freeland is not as good as him? Just kidding.,Reddit,maybe guygirl really like trudeau saying freeland good kidding
"Carney is going to save the liberals in the upcoming election, which you, as a staunch leftist, should be happy about. Instead, you're here trying to bait another user into an argument.",Reddit,carney going save liberal upcoming election staunch leftist happy instead trying bait another user argument
They had a chance for 10 years. I'm never voting PP either. It's all wack.,Reddit,chance year never voting either wack
"I did that, and it still didn’t let me verify my identity with from the app to the liberal website.",Reddit,still didnt let verify identity app liberal website
"fair enough maybe they were having issues from it being overloaded, I voted almost immediately as the voting opened",Reddit,fair enough maybe issue overloaded voted almost immediately voting opened
"You don't really get it. Each party chooses their own candidate to run, conservatives don't get to vote on a Liberal party leader, and Liberals don't get to vote in who leads the Conservative party. Now there's an election, and Canadians vote for their leader.",Reddit,really get party chooses candidate run conservative get vote liberal party leader liberal get vote lead conservative party there election canadian vote leader
It’s a shame to think that. Mexico’s President seems to be holding her own. So did Angela Merkel.,Reddit,shame think mexico president seems holding angela merkel
"I didn't use any app, once I verified at the post office with the barcode they emailed me I got sent another email with a link to place my vote",Reddit,use app verified post office barcode emailed got sent another email link place vote
Right and now we have the awkward case of one political group appointing an unelected PM because of how dumb that system is lol,Reddit,right awkward case one political group appointing unelected dumb system lol
"To be expected, honestly.",Reddit,expected honestly
Where can we talk about how good Chrétien's speech was? That man is 91 and he brought it.,Reddit,talk good chrtiens speech man brought
"To the surprise of nobody. 

Well. Maybe to the shock of the guy that said French doesn’t matter",Reddit,surprise nobody well maybe shock guy said french doesnt matter
His [wikipedia page](https://en.m.wikipedia.org/wiki/Mark_Carney) has already been updated. That was fast.,Reddit,wikipedia page already updated fast
Interesting to see how the polls will look now that he’s officially elected.,Reddit,interesting see poll look he officially elected
It wasn't even close! ,Reddit,wasnt even close
"First rule for Mark....


Don't let Melania kiss you.  Don't sit next to Ivanka at a meeting.


That's how we got this 51st state crap.",Reddit,first rule mark let melania kiss sit next ivanka meeting thats got 51st state crap
Did he say he will remove the carbon tax ? Holy shit,Reddit,say remove carbon tax holy shit
Thanks Trump 👏,Reddit,thanks trump
I am very drunk right now,Reddit,drunk right
85.9% of the vote.  Massive win for leader.  The next federal election is set!!,Reddit,859 vote massive win leader next federal election set
Carbon Tax and Capital Gains exemption increase GONE!,Reddit,carbon tax capital gain exemption increase gone
Would be nice if he can stay statesman-like and not crawl down in the gutter.,Reddit,would nice stay statesmanlike crawl gutter
"And now, comes the interesting part. The Federal Election. Ontario recently voted Ford back in, and knowing the province isn't really a fan of double parties leading, could it lead to many more Carney votes in Ontario?",Reddit,come interesting part federal election ontario recently voted ford back knowing province isnt really fan double party leading could lead many carney vote ontario
EEEEEEELLLLLBBBBBBBBOOOOOOOWWWWWWWSSSSSSSS   UUUUUUUUUUUUUUUUUUPPPPPPPPPPP,Reddit,eeeeeeelllllbbbbbbbbooooooowwwwwwwssssssss uuuuuuuuuuuuuuuuuuppppppppppp
CALL THE ELECTION MARK 📢📢📢📢📢📢📢,Reddit,call election mark
LETS GOOOOOO!!!!!! 🇨🇦🇨🇦🇨🇦,Reddit,let goooooo
Better call an election asap and let Canadians decide who their PM is.,Reddit,better call election asap let canadian decide
Can we make a mega thread?,Reddit,make mega thread
"lol there goes ""carbon tax carney""",Reddit,lol go carbon tax carney
Not shocked at all. Freeland can try all she wants to put distance between her and Trudeau but she's inextricably linked,Reddit,shocked freeland try want put distance trudeau inextricably linked
"Ladies and gentlemen, the next Prime Minister of Canada.

Wow. A competent, knowledgeable, and intelligent person. Exactly what we need.

Pierre Poilievre doesn’t stand a chance. Comparing Carney to Poilievre is like comparing a doctor to a toothless illiterate.",Reddit,lady gentleman next prime minister canada wow competent knowledgeable intelligent person exactly need pierre poilievre doesnt stand chance comparing carney poilievre like comparing doctor toothless illiterate
Hell yea. Ok time to unite this country n get going.,Reddit,hell yea time unite country get going
I am guessing an election will be called quickly and we will see a Liberal/NDP coalition to beat the cons.,Reddit,guessing election called quickly see liberalndp coalition beat con
Hopefully this will mean no PP.,Reddit,hopefully mean
To quote C-3PO: Thank the maker!,Reddit,quote c3po thank maker
I'm gonna start a petition to rename the party Marky Carn and the Funky Bunch.,Reddit,gon start petition rename party marky carn funky bunch
"Giddyup. 
Time to get to work.",Reddit,giddyup time get work
"Now if he only had a seat in Parliament.  

Call the election Mark.",Reddit,seat parliament call election mark
It wasn't even a competition between Mark C. and the other 3; quite a landslide victory for him.,Reddit,wasnt even competition mark quite landslide victory
Anointed,Reddit,anointed
Not surprised but not excited either.,Reddit,surprised excited either
Freeland didn't get alot of votes,Reddit,freeland get alot vote
Sure hope that he has the balls for the job,Reddit,sure hope ball job
"Yah! a rich white banker guy, this changes everything!",Reddit,yah rich white banker guy change everything
Good luck Canada. Don’t let the trump boot licking fascists win anything.,Reddit,good luck canada dont let trump boot licking fascist win anything
Time for the Carney to take on the circus!,Reddit,time carney take circus
The most unrelatable man in the world,Reddit,unrelatable man world
Don't be fooled by the new face Canada. He's just another snake in the grass.,Reddit,fooled new face canada another snake grass
Hopefully they put him through some communication training now lol,Reddit,hopefully put communication training lol
Tupper lasted 68 days. Carney might beat that by half for the shortest PM tenure ever 😂,Reddit,tupper lasted day carney might beat half shortest tenure ever
LET'S FUCKING GOOOO 🇨🇦🇨🇦🇨🇦🇨🇦,Reddit,let fucking goooo
What will be Trump's first insulting nickname for Prime Minister Carney?,Reddit,trump first insulting nickname prime minister carney
Bookmarking this to look at in the future when people are crying about how corrupt and ineffective this government is.,Reddit,bookmarking look future people cry corrupt ineffective government
"Embracing not when a mp 

Just some dude who is evil snd connected to bad ppl 

Gonna ruin Canada further",Reddit,embracing dude evil snd connected bad ppl gon ruin canada
"""Prime minister, my time doesn't permit me to list all your accomplishments.""  
  
Yes, yes it does.",Reddit,prime minister time permit list accomplishment yes yes
"So, can he be prime minister without being elected? Is he just the leader of the Liberals pending an election?",Reddit,prime minister without elected leader liberal pending election
We in trouble,Reddit,trouble
Nice,Reddit,nice
Wasn’t picked it was bought,Reddit,wasnt picked bought
I want to comment here from my heart but thy will remove it in a second . Lmao,Reddit,want comment heart thy remove second lmao
Our new prime minister that nobody voted for. That's democracy i guess. Lol,Reddit,new prime minister nobody voted thats democracy guess lol
...... ok..... needs a riding...... call an election...,Reddit,need riding call election
Carneymania!,Reddit,carneymania
Daddy's home,Reddit,daddy home
"It just goes to show that the person with the most name recognition, seems to get it. Ontario saw it with Crombie, and Alberta with Nenshi.",Reddit,go show person name recognition seems get ontario saw crombie alberta nenshi
What are they thinking… a non career politician.    Liberal haven’t learned anything of what Canadian want. ,Reddit,thinking non career politician liberal havent learned anything canadian want
"Yes. But as a very long time Canadian political convention junkie, I have never seen a mandate so decisive on the first ballot.",Reddit,yes long time canadian political convention junkie never seen mandate decisive first ballot
The surprising part is more of how massive of a landslide he won the leadership by. I guess some people expected a tighter split between him and Freeland,Reddit,surprising part massive landslide leadership guess people expected tighter split freeland
"Second place, Freeland, with only 8% of the votes.",Reddit,second place freeland vote
"I figured he would win, I'm impressed by how much!",Reddit,figured would win impressed much
"I kind of expected it to be a lot closer, maybe even needing a second run but this is incredibly definitive.

Carney is absolutely the most qualified leader, but I'd bet Freeland's association with Trudeau (even after their public falling out) probably hurt her significantly.",Reddit,kind expected lot closer maybe even needing second run incredibly definitive carney absolutely qualified leader bet freelands association trudeau even public falling probably hurt significantly
Mark Carney dominated the race to replace Justin Trudeau. Now what?  CBC.ca,Google News,mark carney dominated race replace justin trudeau cbcca
Liberal Party of Canada announces Mark Carney as Leader  Liberal Party of Canada,Google News,liberal party canada announces mark carney leader liberal party canada
Prime Minister Carney to strengthen ties with France and the United Kingdom and reaffirm Canada’s sovereignty  Prime Minister of Canada,Google News,prime minister carney strengthen tie france united kingdom reaffirm canada sovereignty prime minister canada
"Mark Carney | Liberal Party, Biography, & Facts  Britannica",Google News,mark carney liberal party biography fact britannica
Mark Carney takes Liberal party leadership in landslide 1st ballot win  APTN News,Google News,mark carney take liberal party leadership landslide 1st ballot win aptn news
"Banker Mark Carney Wins Race to Lead Liberal Party, and Canada  The New York Times",Google News,banker mark carney win race lead liberal party canada new york time
"Who is Mark Carney, Canada’s new Liberal leader and next prime minister?  Al Jazeera English",Google News,mark carney canada new liberal leader next prime minister jazeera english
Mark Carney: Canada's next PM vows to win trade war with Trump  BBC.com,Google News,mark carney canada next vow win trade war trump bbccom
Mark Carney wins race to replace Justin Trudeau  SooToday,Google News,mark carney win race replace justin trudeau sootoday
"Mark Carney to Donald Trump: ‘Canada never, ever will be part of America’  POLITICO",Google News,mark carney donald trump canada never ever part america politico
"Mark Carney sworn in as prime minister, unveils leaner cabinet  National Post",Google News,mark carney sworn prime minister unveils leaner cabinet national post
Lorne Gunter: Mark Carney had an easy ride into role as Liberal leader and new PM  Edmonton Journal,Google News,lorne gunter mark carney easy ride role liberal leader new edmonton journal
"Who is Mark Carney, Canada’s new prime minister  The Associated Press",Google News,mark carney canada new prime minister associated press
"As new PM, Mark Carney says Canada is in a ‘moment of crisis’  Global News Kingston",Google News,new mark carney say canada moment crisis global news kingston
Swearing-in of the 30th Canadian Ministry  Prime Minister of Canada,Google News,swearingin 30th canadian ministry prime minister canada
Liberal leadership race: Mark Carney elected in landslide to be next prime minister  CBC.ca,Google News,liberal leadership race mark carney elected landslide next prime minister cbcca
FIRST READING: Mark Carney's not really supposed to be doing anything  National Post,Google News,first reading mark carneys really supposed anything national post
Prime Minister Mark Carney tries to turn the page  CBC.ca,Google News,prime minister mark carney try turn page cbcca
How long will Mark Carney's honeymoon in Quebec last?  CBC.ca,Google News,long mark carneys honeymoon quebec last cbcca
Mark Carney steps into an unprecedented moment  CBC.ca,Google News,mark carney step unprecedented moment cbcca
"The outside man moves inside. Meet Mark Carney, Canada's 24th prime minister  National Post",Google News,outside man move inside meet mark carney canada 24th prime minister national post
"Prime Minister Mark Carney vows to get ‘straight to work,’ hints election coming  CTV News",Google News,prime minister mark carney vow get straight work hint election coming ctv news
Mark Carney wins race to replace Trudeau as Canada's prime minister  Reuters Canada,Google News,mark carney win race replace trudeau canada prime minister reuters canada
"Mark Carney is the new prime minister, here's what's unusual about it  Ottawa Citizen",Google News,mark carney new prime minister here whats unusual ottawa citizen
"After landslide victory, Mark Carney meets with Trudeau as transition to power begins  CBC News",Google News,landslide victory mark carney meet trudeau transition power begin cbc news
"Mark Carney aims for smaller cabinet, team planning to drop over a dozen ministers: sources  CBC News",Google News,mark carney aim smaller cabinet team planning drop dozen minister source cbc news
Mark Carney’s victory getting mixed reviews from Indigenous Liberals  APTN News,Google News,mark carneys victory getting mixed review indigenous liberal aptn news
Mark Carney live updates: Canada's next PM vows to win trade war as Ontario plans electricity tariffs on US  BBC.com,Google News,mark carney live update canada next vow win trade war ontario plan electricity tariff bbccom
"Carney takes power, calling it a 'solemn duty' to serve as PM in a time of crisis  CBC News",Google News,carney take power calling solemn duty serve time crisis cbc news
"Mark Carney sworn in as Canada’s new prime minister, replacing Trudeau  Al Jazeera English",Google News,mark carney sworn canada new prime minister replacing trudeau jazeera english
"Carney transition team met with PMO staff Tuesday, hope for PM swearing-in by Friday  CBC.ca",Google News,carney transition team met pmo staff tuesday hope swearingin friday cbcca
Mark Carney arrives at Rideau Hall for swearing-in  CBC.ca,Google News,mark carney arrives rideau hall swearingin cbcca
Mark Carney elected as new Liberal leader. What’s next?  Global News Kingston,Google News,mark carney elected new liberal leader whats next global news kingston
Canada: Mark Carney sworn in as 24th prime minister  DW (English),Google News,canada mark carney sworn 24th prime minister english
"Terry Glavin: Who is this Mark Carney guy, anyway?  National Post",Google News,terry glavin mark carney guy anyway national post
Mark Carney wins Liberal Party vote to replace Trudeau as Canada’s prime minister  PBS NewsHour,Google News,mark carney win liberal party vote replace trudeau canada prime minister pb newshour
"Mark Carney 'has what it takes' to deal with Trump, say Manitoba politicians  CBC.ca",Google News,mark carney take deal trump say manitoba politician cbcca
Mark Carney could be Canada's shortest-serving prime minister  CBC.ca,Google News,mark carney could canada shortestserving prime minister cbcca
Mark Carney camp offers role to former Quebec premier Jean Charest: sources  CBC News,Google News,mark carney camp offer role former quebec premier jean charest source cbc news
Mark Carney prepares tighter cabinet with many Trudeau stalwarts out  The Globe and Mail,Google News,mark carney prepares tighter cabinet many trudeau stalwart globe mail
Read Mark Carney’s first remarks as prime minister  Global News Kingston,Google News,read mark carneys first remark prime minister global news kingston
"What you need to know about Mark Carney, Canada’s next prime minister  The Logic",Google News,need know mark carney canada next prime minister logic
‘No mandate to govern’: The Hub reacts to Mark Carney becoming Canada’s 24th prime minister  The Hub,Google News,mandate govern hub reacts mark carney becoming canada 24th prime minister hub
Mark Carney to be sworn in as prime minister on Friday  Toronto Star,Google News,mark carney sworn prime minister friday toronto star
"Freeland to be transport minister, Guilbeault Quebec lieutenant in Carney cabinet: sources  CBC News",Google News,freeland transport minister guilbeault quebec lieutenant carney cabinet source cbc news
Mark Carney vows to keep ‘Canada strong’ against Donald Trump after Liberal leadership victory  Toronto Star,Google News,mark carney vow keep canada strong donald trump liberal leadership victory toronto star
Read and watch Mark Carney's full victory speech after winning Liberal leadership  CBC News,Google News,read watch mark carneys full victory speech winning liberal leadership cbc news
Would Mark Carney be Canada’s first unelected prime minister?  CityNews Toronto,Google News,would mark carney canada first unelected prime minister citynews toronto
"Opinion: Mark Carney has a great resumé, but can he connect with people?  The Globe and Mail",Google News,opinion mark carney great resum connect people globe mail
Mark Carney must keep an expansionist America at bay  The Economist,Google News,mark carney must keep expansionist america bay economist
"In landslide win, Mark Carney chosen as new Liberal Party leader and next PM  CBC News",Google News,landslide win mark carney chosen new liberal party leader next cbc news
Why Mark Carney is dropping both his Irish and U.K. passports  CBC.ca,Google News,mark carney dropping irish passport cbcca
Canada’s designated PM Mark Carney meets Trudeau as Trump threat looms  The Guardian,Google News,canada designated mark carney meet trudeau trump threat loom guardian
Mark Carney to be sworn in as Canada’s next prime minister Friday  Global News Kingston,Google News,mark carney sworn canada next prime minister friday global news kingston
Lorne Gunter: Advantageous for Liberal Leader Mark Carney to call an election quickly  Edmonton Journal,Google News,lorne gunter advantageous liberal leader mark carney call election quickly edmonton journal
"Prime Minister Mark Carney focused on economy, sovereignty in 1st speech  CBC.ca",Google News,prime minister mark carney focused economy sovereignty 1st speech cbcca
"Who is Mark Carney, Canada's next prime minister?  CBC.ca",Google News,mark carney canada next prime minister cbcca
Braid: A Liberal prime minister elected from an Alberta riding? Carney might do it  Calgary Herald,Google News,braid liberal prime minister elected alberta riding carney might calgary herald
"Canada wants ‘most positive possible’ U.S. relations, Carney says  Global News Kingston",Google News,canada want positive possible relation carney say global news kingston
"Mark Carney is the new Liberal leader, replacing Justin Trudeau  Global News Kingston",Google News,mark carney new liberal leader replacing justin trudeau global news kingston
"As Mark Carney is sworn in, America’s democratic decline has critical lessons for Canadian voters  The Conversation",Google News,mark carney sworn america democratic decline critical lesson canadian voter conversation
"Opinion | If he wins, Mark Carney will make a great prime minister. There’s just one advantage I wish he didn’t have  Toronto Star",Google News,opinion win mark carney make great prime minister there one advantage wish didnt toronto star
Mark Carney is Canada’s next prime minister — for now  POLITICO,Google News,mark carney canada next prime minister politico
Read Mark Carney’s full speech after becoming Liberal leader  CTV News,Google News,read mark carneys full speech becoming liberal leader ctv news
Mark Carney to replace Justin Trudeau as the next prime minister of Canada  CTV News,Google News,mark carney replace justin trudeau next prime minister canada ctv news
"David Olive: Mark Carney proposes to ‘spend less, invest more.’ Now convince us — and fast  Toronto Star",Google News,david olive mark carney proposes spend less invest convince fast toronto star
Mark Carney set to replace Justin Trudeau as Canada's prime minister  FRANCE 24 English,Google News,mark carney set replace justin trudeau canada prime minister france english
Mark Carney’s first day as prime minister shows he’s got the bones of a plan to manage crisis  Toronto Star,Google News,mark carneys first day prime minister show he got bone plan manage crisis toronto star
"Prime Minister Mark Carney to visit France, U.K. for first foreign trip  National Post",Google News,prime minister mark carney visit france first foreign trip national post
Mark Carney wins Liberal leadership by a landslide with 86% of votes  National Post,Google News,mark carney win liberal leadership landslide vote national post
"Mark Carney is no ally of the oilpatch, says Alberta Premier Danielle Smith as she calls for election  CBC.ca",Google News,mark carney ally oilpatch say alberta premier danielle smith call election cbcca
Mark Carney to be sworn in as prime minister on Friday  CTV News,Google News,mark carney sworn prime minister friday ctv news
Prime Minister Mark Carney arrives in Paris to meet with European allies amid U.S. trade war  CBC.ca,Google News,prime minister mark carney arrives paris meet european ally amid trade war cbcca
"Mark Carney meets with outgoing Prime Minister Justin Trudeau, says transition to power will be ‘quick’  The Globe and Mail",Google News,mark carney meet outgoing prime minister justin trudeau say transition power quick globe mail
"Mark Carney’s stance on oil and gas, explained  The Narwhal",Google News,mark carneys stance oil gas explained narwhal
"Canada ‘will never be part of the US’, says new PM Mark Carney amid trade war  The Guardian",Google News,canada never part say new mark carney amid trade war guardian
How will Mark Carney reinvent the Liberal party now that he is leader?  Toronto Star,Google News,mark carney reinvent liberal party leader toronto star
Prime Minister Mark Carney sworn-in as party leaders gear up for campaign  CBC.ca,Google News,prime minister mark carney swornin party leader gear campaign cbcca
Who is Mark Carney? Here’s some background on Canada’s next prime minister  CityNews Toronto,Google News,mark carney here background canada next prime minister citynews toronto
Mark Carney will become Canada's 24th prime minister on Friday  Canada's National Observer,Google News,mark carney become canada 24th prime minister friday canada national observer
The question that Mark Carney must answer in an election  The Globe and Mail,Google News,question mark carney must answer election globe mail
Mark Carney is the new Liberal leader. Read his full acceptance speech here  Global News Kingston,Google News,mark carney new liberal leader read full acceptance speech global news kingston
Mark Carney has been voted as the new Liberal leader. Now what happens?  CTV News,Google News,mark carney voted new liberal leader happens ctv news
No Alberta representation in Prime Minister Mark Carney’s new cabinet  Global News Kingston,Google News,alberta representation prime minister mark carneys new cabinet global news kingston
Mark Carney to be next Canada PM after winning Liberal leadership race  The Guardian,Google News,mark carney next canada winning liberal leadership race guardian
Can Mark Carney win an election in Canada and a trade war with the US?  Financial Times,Google News,mark carney win election canada trade war financial time
Insiders say Mark Carney has a new chief of staff and told Liberal MPs to be ready  Toronto Star,Google News,insider say mark carney new chief staff told liberal mp ready toronto star
"Mark Carney chosen as new Liberal leader, replacing Trudeau  CBC.ca",Google News,mark carney chosen new liberal leader replacing trudeau cbcca
Prime Minister-designate Mark Carney says Liberals will kill their own capital gains tax changes  BetaKit - Canadian Startup News,Google News,prime ministerdesignate mark carney say liberal kill capital gain tax change betakit canadian startup news
"Mark Carney, the Liberal who may lead Canada  The Economist",Google News,mark carney liberal may lead canada economist
Poll: Mark Carney seen as the best person for the job by most Quebecers  CityNews Montreal,Google News,poll mark carney seen best person job quebecers citynews montreal
"Opinion: The office, an election and the world are rushing at Mark Carney like no rookie PM before  The Globe and Mail",Google News,opinion office election world rushing mark carney like rookie globe mail
Mark Carney to name a cabinet within days. Here’s what he’ll need to consider  Toronto Star,Google News,mark carney name cabinet within day here hell need consider toronto star
David Staples: Mark Carney's new economic promises go against everything he values  Edmonton Journal,Google News,david staple mark carneys new economic promise everything value edmonton journal
"Mark Carney, the ‘boring guy’ whose economic acumen could help Canada tackle Trump  The Guardian",Google News,mark carney boring guy whose economic acumen could help canada tackle trump guardian
"Mark Carney Wins Canada Liberal Contest, Will Succeed Trudeau in Days  Yahoo Finance",Google News,mark carney win canada liberal contest succeed trudeau day yahoo finance
"Freeland's in, Gould is out: Here's the complete list of PM Mark Carney's first cabinet  National Post",Google News,freelands gould here complete list mark carneys first cabinet national post
Call the Election. NOW.,YouTube,call election
In Canada you don’t have to be elected to be Prime Minster you just have to be in the WEF where democracy is extinct!,YouTube,canada dont elected prime minster wef democracy extinct
"Great...We've got a new PM who stood alongside our old narcissistic PM (Trudeau), who had ethics violations, conflicts of interests, lies, conflicts of interests, lies, scandals and is corrupt, and has faced no significant repercussions for any of it. he has made a mockery of our ""Democracy"". He also went out of his way to incite and legitimize hate and division during the pandemic. He should be in jail, and so should those who were in his party and remained silent. Let alone Carney has handled finances for the last 5ish years and we're not doing so well. SMH.",YouTube,greatweve got new stood alongside old narcissistic trudeau ethic violation conflict interest lie conflict interest lie scandal corrupt faced significant repercussion made mockery democracy also went way incite legitimize hate division pandemic jail party remained silent let alone carney handled finance last 5ish year well smh
Election now. Let the people decide.,YouTube,election let people decide
He was not voted in by Canadians. We need an election,YouTube,voted canadian need election
"We still have an election, right?",YouTube,still election right
Wef master at your service,YouTube,wef master service
Not a damn thing about serving the people.,YouTube,damn thing serving people
Gross. Traded up a WEF stooge for a WEF chair.,YouTube,gross traded wef stooge wef chair
True allegiance to WEF!,YouTube,true allegiance wef
Ok call a election now so the people of Canada can pick a real prime minster,YouTube,call election people canada pick real prime minster
This guy went to Epstein Island many many times and we all know what kind of stuff went down over there so this guy definitely needs to not be the Prime Minister of Canada,YouTube,guy went epstein island many many time know kind stuff went guy definitely need prime minister canada
WEF PUPPET,YouTube,wef puppet
"""You will own nothing and be happy"" -from someone in the world economic forum",YouTube,nothing happy someone world economic forum
Selected not elected,YouTube,selected elected
Nothing said representing the citizens of Canada,YouTube,nothing said representing citizen canada
Was this comment written by a toddler?,YouTube,comment written toddler
Some of you clowns will be in for a rude awakening once you realize PP is not the popular guy you like to think 🤣,YouTube,clown rude awakening realize popular guy like think
"Yes, let's watch PP lose sooner then later lol",YouTube,yes let watch lose sooner later lol
Why? They all Washington's lapdog.,YouTube,washington lapdog
"Yes, call an election, so Carney can wipe the floor with Pierre. 😂",YouTube,yes call election carney wipe floor pierre
"Can't watch any Canadian politics. Do the complete thing in English then do whatever, at that point I can turn it off",YouTube,watch canadian politics complete thing english whatever point turn
 @enzymatic1  If he does Canadians will just assist the US.  Canada will retain its sovereignty one way or the other.,YouTube,canadian assist canada retain sovereignty one way
 @enzymatic1  did you even know who he was 2 months ago? Is he now your biggest hero and what you want to be when you grow up because the TV told you so?,YouTube,even know month ago biggest hero want grow told
" @onyourbikes  
To be fair even after all this time we don't know all that much about Pierre and what his policies are.",YouTube,fair even time know much pierre policy
 @UzumakiNaruto_ because he only has a single paragraph of words in his vocabulary 😂,YouTube,single paragraph word vocabulary
"@ We're a bilingual country.  We intersperse English and French.  Sometimes it's the same thing said twice, sometimes it's a new point being made in the other language.  There's always an interpreter.",YouTube,bilingual country intersperse english french sometimes thing said twice sometimes new point made language there always interpreter
He probably will...,YouTube,probably
"He just heard your uppercase loud and clear and should happen immediately, thanks for your service!",YouTube,heard uppercase loud clear happen immediately thanks service
He eventually will,YouTube,eventually
Stop spreading russian propaganda,YouTube,stop spreading russian propaganda
Wef is much worse than Russian propaganda,YouTube,wef much worse russian propaganda
It's bureaucracy under the guise of democracy,YouTube,bureaucracy guise democracy
Kim Campbell ring a bell? This is not the first time this has happened.,YouTube,kim campbell ring bell first time happened
He just swore allegiance to the crown. We are in a feudal system!,YouTube,swore allegiance crown feudal system
If you’re Canadian you should really learn how our system works,YouTube,youre canadian really learn system work
@ do you have anything of value to contribute to this conversation? Any political analysis or insight?,YouTube,anything value contribute conversation political analysis insight
"We wanted Trudeau out,  now he's gone. Carney is the Liberal elected replacement. We'll have a chance to vote him out this year!",YouTube,wanted trudeau gone carney liberal elected replacement well chance vote year
oh oh - was that your bus?,YouTube,bus
Same with most countries. Wake wakey,YouTube,country wake wakey
"@ you will get a minority conservative government at best. Which essentially  means opposition party coalition, as you know no one will work with PP",YouTube,get minority conservative government best essentially mean opposition party coalition know one work
Very true :(,YouTube,true
@ I think you better look in the mirror,YouTube,think better look mirror
" @MeghenFarley  actually... democracies (in various forms) are the majority worldwide, though slim",YouTube,actually democracy various form majority worldwide though slim
@ Are you Canadian?  Do you know how things work here?,YouTube,canadian know thing work
@  I'm thinking Liberal minority the way the conservative lead has collapsed.  That's why we see so many conservative supporters on here setting their hair on fire.,YouTube,thinking liberal minority way conservative lead collapsed thats see many conservative supporter setting hair fire
"And they will. They will call an election, they have to. Just relax for a second.",YouTube,call election relax second
" @Goodgodgetagripgirl  relevant username. They have to legally hold an election before October 20, it's scary how ignorant most of this comment section is.",YouTube,relevant username legally hold election october scary ignorant comment section
"we voted for the liberal party, not trudeau, the elections get called when the govt votes to do so. Carney legally has a mandate to be PM as late as October if Parliament wants.",YouTube,voted liberal party trudeau election get called govt vote carney legally mandate late october parliament want
you voted for a party mate,YouTube,voted party mate
I get ya but WE the people never  vote directly for the PM.,YouTube,get people never vote directly
we will put the emergency act .. to stay in power !,YouTube,put emergency act stay power
He is. Research before you comment.,YouTube,research comment
"Has Mark Carney been fully vetted yet like every elected member is required?  Has Mark Carney's full financial disclosure been vetted?
Electors need full disclosure on all candidates in an election.",YouTube,mark carney fully vetted yet like every elected member required mark carneys full financial disclosure vetted elector need full disclosure candidate election
He’s been PM for 52 min i think y’all can wait at least a day beefier he announces an election lmaooo,YouTube,he min think yall wait least day beefier announces election lmaooo
TheCanagoose where there are zero articles on him,YouTube,thecanagoose zero article
"@ Well ur acting like that’s his fault lmaooo. That’s the canadian system. Also people did vote for him around 150k, it’s not a lot cause you have to register with the liberal party which you could’ve done if you wanted to vote. It’s free to register unlike in the Conservative party where there’s a fee to register to vote in their leadership races.",YouTube,well acting like thats fault lmaooo thats canadian system also people vote around 150k lot cause register liberal party couldve done wanted vote free register unlike conservative party there fee register vote leadership race
"@ Ok that definitely sounds like yo igor that off tiktok from a random conspiracy theorist lol, show the receipts",YouTube,definitely sound like igor tiktok random conspiracy theorist lol show receipt
"@ Where the receipts? Anyone can say anything they want but you gotta back it up. See i can do it too, 20% of Canadians agree that ryan o’leary is not a good person who says false information. Like bro SHOW THE RECEIPTS",YouTube,receipt anyone say anything want got back see canadian agree ryan oleary good person say false information like bro show receipt
I think I just found another russian/musk bot 😂,YouTube,think found another russianmusk bot
" @SpiritOnEarth  yes, he placed  his assets in a blind trust like previous PMs already, tired question.",YouTube,yes placed asset blind trust like previous pm already tired question
"@ Idk about the disqualified candidates but they wouldn’t have won anyways. Mark Carney was extremely popular and ended up getting 86% of the vote. As for the 250k people there’s a really simple answer people just don’t vote. There are 40 million canadians probably around 25million eligible voters not sure on that number but only 150k voted. That’s a terrible turnout rate cause kepler simply don’t care. We have lower voter engagement in Canada than in the US, especially when it comes to less televised or planned elections or even for provincial elections. Voter turnout was only 47% for the recent Ontario provincial election.",YouTube,idk disqualified candidate wouldnt anyways mark carney extremely popular ended getting vote 250k people there really simple answer people dont vote million canadian probably around 25million eligible voter sure number 150k voted thats terrible turnout rate cause kepler simply dont care lower voter engagement canada especially come less televised planned election even provincial election voter turnout recent ontario provincial election
Can the man at least sit down for a minute? 😂,YouTube,man least sit minute
Ruby Dhalla was also more of a centrist as well. She could have pulled some votes. I'm. Conservative and was always voting pierre but she had some good points,YouTube,ruby dhalla also centrist well could pulled vote conservative always voting pierre good point
We did many years ego if we vote Liberal party. We do not vote for presidents if not parties.,YouTube,many year ego vote liberal party vote president party
its in may you df,YouTube,may
Wahhhh we need election wahhhhhh,YouTube,wahhhh need election wahhhhhh
@ Did I say he wasn't?,YouTube,say wasnt
"Canadians have never ""voted in"" a Prime Minister.",YouTube,canadian never voted prime minister
My guess is you think this is the first time a PM has been introduced this way and don't know that we don't elect the PM but only our MP for our ridings?,YouTube,guess think first time introduced way know elect riding
 @squiglees don’t care he is corrupt.,YouTube,dont care corrupt
 @squiglees  Yes...But at they time they voted for MP's under the guise of a certain PM being elected at. This is now a bait and switch. Please quit trying to gaslight people. This is wrong on many levels.,YouTube,yesbut time voted mp guise certain elected bait switch please quit trying gaslight people wrong many level
Who’s the alternative? Pp?,YouTube,who alternative
Mark Carney’s leadership will be interesting to watch as Canada navigates its economic and political landscape. Hoping for policies that benefit all Canadians and drive sustainable growth.,YouTube,mark carneys leadership interesting watch canada navigates economic political landscape hoping policy benefit canadian drive sustainable growth
You're a bot!,YouTube,bot
​@0verload wrong they voted for a party cope harder,YouTube,wrong voted party cope harder
"John Turner became PM exactly the same way. Mackenzie King lost his seat in 2 elections, then won in by elections. John Abbott and Mackenzie Bowell were Senators when they became PM. 

Yet somehow the country survived.",YouTube,john turner became exactly way mackenzie king lost seat election election john abbott mackenzie bowell senator became yet somehow country survived
"This isn't the USA. His party was voted in and the party has every right to choose whatever leader it sees fit. If you wanna vote for an indvidual, join a political party and nominate your choice for party leader.",YouTube,isnt usa party voted party every right choose whatever leader see fit wan vote indvidual join political party nominate choice party leader
"151,899 Registered Liberals voted in the 2025 Liberal Leadership race, out of the 163,836 that verified their identity to vote – more than the 2013 Leadership race. Mark Carney received 131,674 votes, resulting in 29,457 points on the first ballot to win the Leadership of the Liberal Party of Canada and become the next Prime Minister.",YouTube,151899 registered liberal voted 2025 liberal leadership race 163836 verified identity vote 2013 leadership race mark carney received 131674 vote resulting 29457 point first ballot win leadership liberal party canada become next prime minister
" @cleigh113  That's true, but calling an election could be a way for Canadians to voice their opinion on the direction of the country. It might be the best option if leadership change is needed, as it gives people the chance to decide who they want at the helm",YouTube,thats true calling election could way canadian voice opinion direction country might best option leadership change needed give people chance decide want helm
Jug is the next one to bail once he finds out he has about 5%. He knows this.,YouTube,jug next one bail find know
 @shiftfocus1  John Turner had a seat in parliament. Mr. PotatoHead doesn't.,YouTube,john turner seat parliament potatohead
@ I really wonder how many actual Canadians are making posting this stuff.  They seem awfully unaware of how thing work here...,YouTube,really wonder many actual canadian making posting stuff seem awfully unaware thing work
"@ How is he corrupt?  Specific facts with evidence, please.",YouTube,corrupt specific fact evidence please
"@ You were screaming to get rid of Trudeau for the past year or more.  Now you've got what you wanted, you're not happy?  Is it because your 25% lead has disappeared?",YouTube,screaming get rid trudeau past year youve got wanted happy lead disappeared
@ Mr. Potato Head?  You're really living up to your screen name...,YouTube,potato head really living screen name
In October,YouTube,october
Ummmm...,YouTube,ummmm
Its so very easy to educate yourself on the situation. Learn something...why are people so lazy?,YouTube,easy educate situation learn somethingwhy people lazy
"incoming, let's fix this",YouTube,incoming let fix
"Who knows. He could sit for  another 7 months and could even possibly add 1 year after that. Our Govt is quite screwed up all the weird ins and outs of it. We need a better Federal Govt. That actually works to help the people ,not the gov't themselves. Just crazy. Just like the gov't in the UK, it's falling apart by being run by a madman. And the people are all being pushed aside for a govt who wants them gone, bringing in asylum seekers and making their lives perfect, but the Tax Payer lives are hell.  Just the same system we have here in Canada. Maybe time for Canada to move away from that UK and become our own country with our own President. I like the USA way of voting. But I don't want to be part of the US. Keep Canada as Canada. But change our govt. And rules.",YouTube,know could sit another month could even possibly add year govt quite screwed weird in out need better federal govt actually work help people govt crazy like govt falling apart run madman people pushed aside govt want gone bringing asylum seeker making life perfect tax payer life hell system canada maybe time canada move away become country president like usa way voting want part keep canada canada change govt rule
"Parliament resumes next week, so yep",YouTube,parliament resume next week yep
 @DSVII parliament resumes. Doesn’t mean an election will happen for sure. Could go either way.,YouTube,parliament resume doesnt mean election happen sure could either way
ndp holding the reelection hostage so singh can get his pension. we're fcked until october,YouTube,ndp holding reelection hostage singh get pension fcked october
" @PitPwny he will have an election right away, he doesn’t want open parliament and have to answer questions in the HoC",YouTube,election right away doesnt want open parliament answer question hoc
"Goober said he will use the Emergencies Act to fight tariffs, in other words no election.",YouTube,goober said use emergency act fight tariff word election
"Nope, you will have Prison Break Season 2",YouTube,nope prison break season
Touch grass,YouTube,touch grass
"bud, you have zero idea what the WEF is. Trump is closer to klauss than anyone.",YouTube,bud zero idea wef trump closer klauss anyone
"Yes, both countries central bank's are members of the Bank for International Settlements in Switzerland",YouTube,yes country central bank member bank international settlement switzerland
"But he will be loyal to Chuck, another WEF monster.",YouTube,loyal chuck another wef monster
"They keep getting richer and richer, making their pockets deeper!",YouTube,keep getting richer richer making pocket deeper
"You’re right. But that’s because in Canada we have a king, a king that’s not present, but a king nonetheless. The King, is the stand in for the people, legally speaking.",YouTube,youre right thats canada king king thats present king nonetheless king stand people legally speaking
What does that mean?,YouTube,mean
"Good, I love the WEF",YouTube,good love wef
" @Nicolas-Kage  YouTube at it again, deleting comments they don’t like 👍",YouTube,kage youtube deleting comment dont like
"That would at least move Canada from the USA, so I'm in",YouTube,would least move canada usa
"please explain what you mean by that... oh right, you can't.",YouTube,please explain mean right
"Canada is better off with USA, at least while EU still exists.",YouTube,canada better usa least still exists
We don't vote for a prime minister in Canada. The prime minister is the leader of the party with the most seats.,YouTube,vote prime minister canada prime minister leader party seat
"He'll just end up right back in the PM seat with the current political climate, Trump ruined PPs chances lol",YouTube,hell end right back seat current political climate trump ruined pps chance lol
The only options we have is Carney or Pierre,YouTube,option carney pierre
"We have a real prime minister by legal means.  We'll have a general election and the people will vote for the next term.  Vote liberal,  our country depends on it.",YouTube,real prime minister legal mean well general election people vote next term vote liberal country depends
Trudeau 2.0,YouTube,trudeau
 @j_geau  your just splitting hairs. pragmatically we all know that the votes we cast go towards our preferred party leader.,YouTube,splitting hair pragmatically know vote cast towards preferred party leader
 @Swoopiny  PP ruined his own chances. He got real meek and real quiet when Trump started taking aim at us. All he had to do was follow Fords lead.,YouTube,ruined chance got real meek real quiet trump started taking aim follow ford lead
Hopefully he wins again. Put him right back in the PM seat. Pierre shouldn't even have a chance. We don't like Trump and Poilievre!,YouTube,hopefully win put right back seat pierre shouldnt even chance like trump poilievre
"Poilievre has been a ghost ever since Trump threatened our country and even Doug Ford, Premier of my province, has been more of a leader than him! I want someone who stands up for my country, not folds like a cheap suit! Never Pierre",YouTube,poilievre ghost ever since trump threatened country even doug ford premier province leader want someone stand country fold like cheap suit never pierre
"@TurtleMarchingKing  I am a real Canadian, a real person, and a real voter, and I'm making my voice heard now and at the next election.",YouTube,real canadian real person real voter making voice heard next election
@TurtleMarchingKing  I'm not letting a random stranger on the internet dictate what I am or am not 🤣🤣🤣,YouTube,letting random stranger internet dictate
 @Swoopiny wait for it. The blue wave is coming.,YouTube,wait blue wave coming
" @Swoopiny  Nah, if anything more people viewed Trump as hope to free Canada from the  shitlibs lol",YouTube,nah anything people viewed trump hope free canada shitlibs lol
@ unsubstantiated tag lines don't win trade wars. Just sayin,YouTube,unsubstantiated tag line win trade war sayin
"Touch grass, call your kids, apologize to them and join the real world.",YouTube,touch grass call kid apologize join real world
You have no idea what was ment by that and it shows.,YouTube,idea ment show
just like smith in Alberta. She came in the same way.,YouTube,like smith alberta came way
"@ Right.  And Poilievre was selected to be the leader of the opposition, until an election happened.  That's how things work in our system.",YouTube,right poilievre selected leader opposition election happened thats thing work system
It wouldn’t feel so forced of Parliament wasn’t closed,YouTube,wouldnt feel forced parliament wasnt closed
Except Smith was actually elected first...,YouTube,except smith actually elected first
" @Someone89171  Well let's be naive about motive.  The reason PP wanted the election called right away was because the Liberals were in a transition period so it would have benefited him and his party, right?",YouTube,well let naive motive reason wanted election called right away liberal transition period would benefited party right
@ but he always wanted an election even before this,YouTube,always wanted election even
@ it's not a Parliamentary decision. Sorry,YouTube,parliamentary decision sorry
 @MrTeampenner  we should have been able to vote non confidence in the pm,YouTube,able vote non confidence
Elected as party leader by Liberal party members ... as happens with EVERY party ... and it's not the first time we've had a PM who didn't have a seat in the HOC yet.,YouTube,elected party leader liberal party member happens every party first time weve seat hoc yet
"So, like every other party leader in this country. Ok",YouTube,like every party leader country
@ Selected and installed.,YouTube,selected installed
 @Vraptor1  even better. i think that's fair,YouTube,even better think thats fair
As opposed to previous swearings in?,YouTube,opposed previous swearing
do you understand what swearing in is?,YouTube,understand swearing
"He swore to the king, which is a representative of the people under our legal framework. If you hate that, advocate for a parliamentary republic instead of a crowned one.",YouTube,swore king representative people legal framework hate advocate parliamentary republic instead crowned one
Its incredible how bad things in Canada have gotten... every day it just gets worse and worse..,YouTube,incredible bad thing canada gotten every day get worse worse
"Let’s go, Pierre 🇨🇦",YouTube,let pierre
Unelected PM. 100% appointed,YouTube,unelected 100 appointed
WEF appointed dictator.,YouTube,wef appointed dictator
The amount of people not understanding how voting works in Canada is astounding.,YouTube,amount people understanding voting work canada astounding
Election now! Canadians want a choice!,YouTube,election canadian want choice
The rules should be changed so that only a sitting MP can become Prime Minister,YouTube,rule changed sitting become prime minister
Selected not elected! This 🐎 💨💩 needs to end now. Call an election.,YouTube,selected elected need end call election
"CONSERVATIVES: Step down! Resign!
TRUDEAU: Ok.
CONSERVATIVES: What!? Nobody voted for this!!!",YouTube,conservative step resign trudeau conservative nobody voted
time to get rid of this king nonsense sick and tired of hearing about europe. WE LEFT THAT WORLD FOR A REASON,YouTube,time get rid king nonsense sick tired hearing europe left world reason
This man has no right to run a country the people never elected him Prime Minister. He shouldn’t be making any decisions for this country.,YouTube,man right run country people never elected prime minister shouldnt making decision country
Ya some Canadian lived in Europe for the last 10 years😂,YouTube,canadian lived europe last year
I don't remember voting in this democratic election....,YouTube,remember voting democratic election
He’s more likely to sell Canada,YouTube,he likely sell canada
A continuation of Trudeau...WEF schill,YouTube,continuation trudeauwef schill
"Carney, Freeland and Simon are all WEF members - such a sad day for Canada",YouTube,carney freeland simon wef member sad day canada
"Father in heaven, deliver us from the LiberalNDP agenda. Save this nation from the Father of lies in our nation.",YouTube,father heaven deliver liberalndp agenda save nation father lie nation
Ghilaine Maxwell would approve,YouTube,ghilaine maxwell would approve
Epstein Island connections?,YouTube,epstein island connection
Canada's democracy is completely gone.,YouTube,canada democracy completely gone
Do you live in Gatineau Quebec?,YouTube,live gatineau quebec
Kinda how it works....,YouTube,kinda work
Well duh. This argument is dumb,YouTube,well duh argument dumb
"I didn’t choose the conservative leader ,s we are equal ,we don’t like the leaders .",YouTube,didnt choose conservative leader equal dont like leader
I'm guessing you didn't pay attention in Grade 10 Civics class eh? This is a Parliamentary Democracy.,YouTube,guessing pay attention grade civics class parliamentary democracy
" @catlover2652  correct, it's all about the lesser evil. But a politician is a politician. Very corrupt.",YouTube,correct lesser evil politician politician corrupt
 @KILO993  this is democracy? Uh democracy is based on elected officials. Not appointed. Go read it again.,YouTube,democracy democracy based elected official appointed read
 @KILO993  no it is not. Canada is a constitutional monarchy.,YouTube,canada constitutional monarchy
Every PM get appointed by the GG to  form a government,YouTube,every get appointed form government
" @MrBoratWOW  You're right, but also kinda wrong. It is, in full a Constitutional Monarchy and Parliamentary Democracy.",YouTube,right also kinda wrong full constitutional monarchy parliamentary democracy
You can't  just go and hire a banker to be the PM. !! Noooo it is wrong,YouTube,hire banker noooo wrong
Where is your moral compass!  I find it astounding.,YouTube,moral compass find astounding
"33 likes? Yeah ok freemason. Not a single Canadian flag in sight, that says it all right there.",YouTube,like yeah freemason single canadian flag sight say right
I get that we vote for the party but had no idea the rules allowed for someone who hasn't been elected ANYWHERE could be appointed leader. Most people didn't even know this guy existed before this and now he's in charge of the whole country? Who leads the party DOES affect how people vote as well. Them might support the party but if they don't support the leader won't vote for them and vice versa. Majority of the country had no say in Carney becoming PM and that doesn't sit right with a lot of people.,YouTube,get vote party idea rule allowed someone hasnt elected anywhere could appointed leader people even know guy existed charge whole country lead party affect people vote well might support party support leader vote vice versa majority country say carney becoming sit right lot people
"@LawsonSchlönsson  bad phrasing on my part. I meant appointed as in picked by the Libreals. 
It's the rules for who can run for leader of the party currently in charge that I was questioning.",YouTube,bad phrasing part meant appointed picked libreals rule run leader party currently charge questioning
So no central bankers sneak in like this clown Carney did,YouTube,central banker sneak like clown carney
I would agree with that.,YouTube,would agree
"I know you're scared but calm down, he has to be sworn in first. Election being called.",YouTube,know scared calm sworn first election called
"Yeah ,exactly,calm down..",YouTube,yeah exactlycalm
"Trudeau never did get anything right, at least legally now did he!",YouTube,trudeau never get anything right least legally
 @SutherlandVideo  should have resigned a year ago. Not when Trump did BooBooBoo.,YouTube,resigned year ago trump boobooboo
The Conservative Party is pathetic,YouTube,conservative party pathetic
"You have it wrong... NDP asked for Trudeau to step down. 

Conservatives called for an election. We are still waiting for the election.",YouTube,wrong ndp asked trudeau step conservative called election still waiting election
"We don’t leave, they let us go. Only bc they couldn’t afford to police us. 😢",YouTube,dont leave let couldnt afford police
what reason,YouTube,reason
Just curious.  When did YOU leave there Pal?  My ancestors left because there weren't enough potatoes to go around.  Not because of a King or royal family.  Perhaps you are some type of idealist.,YouTube,curious leave pal ancestor left werent enough potato around king royal family perhaps type idealist
we are part of the commonweath where the English King is our offical head of state. Back to civics class for you,YouTube,part commonweath english king offical head state back civics class
@ he cant let us go. in our constitution we have to do it,YouTube,cant let constitution
"@ as long as WE who come here swear oath to the KING instead of CANADA and our flag i will not be satisfied. with out freedom, democracy, sovereignty or independence we r simply another piece of a kingdom, another part in limbo. i dont want want a constitutional monarchy casting a shadow on our democracy. the kings and queens on our coin will not propel us into a future that is CANADA strong on its lonesome. we wont forget but we have to let go. a symbol, or too tough, or its part of us- these excuses are the reason we , Canada, are not a freestanding nation. The future of Canada was always a monarch in its past. Do you want to be a dog whos owner never raise to leave the home, or a child, who grows into an adult with agency that you are certain can handle the outside world with integrity and honor. We are an asterixis until we are shed off the shackles. There is no throne in this nation, but so long as there is a crown on the figure head, the domestic leadership will act like the are royal. I bow to no prince. I stand for my nation. No man, no other flag. Canada alone.",YouTube,long come swear oath king instead canada flag satisfied freedom democracy sovereignty independence simply another piece kingdom another part limbo dont want want constitutional monarchy casting shadow democracy king queen coin propel future canada strong lonesome wont forget let symbol tough part excuse reason canada freestanding nation future canada always monarch past want dog who owner never raise leave home child grows adult agency certain handle outside world integrity honor asterixis shed shackle throne nation long crown figure head domestic leadership act like royal bow prince stand nation man flag canada alone
Broooo he's just filling in the liberal position until the next election. You'll have time to vote in your populist government soon.,YouTube,broooo filling liberal position next election youll time vote populist government soon
"And technically the people did vote for majority liberal last election, so this is a democratic step in the process.",YouTube,technically people vote majority liberal last election democratic step process
"@gothicsock  this is a step in the Canadian democratic process, sure. But this isn't democratic objectively. We dont live in an actual proper democracy. Those can't really exist at scale. That said, this step isn't necessary and could be done more democratically.",YouTube,step canadian democratic process sure isnt democratic objectively dont live actual proper democracy really exist scale said step isnt necessary could done democratically
 @ZenCorvus he’s clearly trolling. I wouldn’t engage.,YouTube,he clearly trolling wouldnt engage
"Hey, at least he's not a CIA asset.",YouTube,hey least cia asset
Yes. It's called freedom,YouTube,yes called freedom
"His family residence is in NY where his wife continues to live. Canada is doomed !! The carnage Carney will cause in the next 6 months prior to the election will be staggering.  Can the West just split off now?  Take our share of the navy equipment based on percentage of ocean shoreline, airforce and army based on percentage of landmass; debt and financial resources (bank of Canada gold shares, pension fund etc)  based on population. No more equalization payments to the East. Invest in creating our own processing and manufacturing arm of the natural resources the west has to create our own strong GDP for global trade, and new trade agreements, with our neighbours especially those nations the border the pacific rim.  I am so done with Ontario and Quebec controlling the Canadian narrative. Danielle Smith the premier of Alberta, not my province, speaks more on my behave than does our PM in Ottawa. I am for the Western independence. Let’s call a referendum so we can create our own sovereign state. Neither under the thumb of the USA nor under the thumb of Eastern Canada. A new state, with our own constitution, rights and freedoms that will protect the citizens from the globalists in the UN, WHO and WEF.",YouTube,family residence wife continues live canada doomed carnage carney cause next month prior election staggering west split take share navy equipment based percentage ocean shoreline airforce army based percentage landmass debt financial resource bank canada gold share pension fund etc based population equalization payment east invest creating processing manufacturing arm natural resource west create strong gdp global trade new trade agreement neighbour especially nation border pacific rim done ontario quebec controlling canadian narrative danielle smith premier alberta province speaks behave ottawa western independence let call referendum create sovereign state neither thumb usa thumb eastern canada new state constitution right freedom protect citizen globalists wef
At least he's had a real job before. unlike PP.,YouTube,least real job unlike
And what is wrong with that? Thousands of executives live abroad for work. Jealous much?,YouTube,wrong thousand executive live abroad work jealous much
Being a governor of a nation's bank kind of predisposes working abroad at some point.,YouTube,governor nation bank kind predisposes working abroad point
that's not how our system has ever worked,YouTube,thats system ever worked
"Yeah that’s not how Canadian politics work. We voted in the last federal election. A party won. We will vote in the next federal election. A party will win. Party leaders get to be PM. It’s literally grade three stuff. 
Or are you fully aware and we’re just trying to be edgy? 🙄",YouTube,yeah thats canadian politics work voted last federal election party vote next federal election party win party leader get literally grade three stuff fully aware trying edgy
"We need to enforce civics classes, apparently. I voted for Carney.",YouTube,need enforce civics class apparently voted carney
"@ I actually understand that. And I think maybe we need to create very clear language about who can and can’t become party leaders when that leader will automatically become PM. 
And yes, I absolutely agree that everybody is entitled to their opinion. But there are a lot of people in this comment section stating opinions as fact. And that’s just not how it works. Facts do not care about your opinion. You want change? Change it. Until then, your opinion is just that.",YouTube,actually understand think maybe need create clear language cant become party leader leader automatically become yes absolutely agree everybody entitled opinion lot people comment section stating opinion fact thats work fact care opinion want change change opinion
@stephanie5249  i think people are voicing their opinion by saying he was installed and not voting in. A summed up and indirect way of stating the system needs to be changed and this is not acceptable.  Also a lot of sarcasm laced in it. That's what 99% of the i didn't vote him in strange comments are,YouTube,think people voicing opinion saying installed voting summed indirect way stating system need changed acceptable also lot sarcasm laced thats vote strange comment
"PP is endorsed by maga.  Vance, Musk, and Alex Jones for starters.",YouTube,endorsed maga vance musk alex jones starter
"Clearly you havent been keeping up..didn't watch his speech I guess,when he was picked as liberal leader and specifically said Canada will not be part of  US in any way shape or form",YouTube,clearly havent keeping updid watch speech guesswhen picked liberal leader specifically said canada part way shape form
"@ LMAO are you for real,  Trump was lowering prices his first day.. In his defense, he did if your buying into the stock market.",YouTube,lmao real trump lowering price first day defense buying stock market
" @thegreatdominion949  Well - I think we all know that Trump saying something is in no way a guarantee that he's telling the truth.  Quite the opposite, in fact.  But since we all seem to be in agreement now that Trump is NOT kidding about us becoming the 51st state, it would be in his best interest to have a like-minded person in the PM chair up here.  And since he's smart enough to realize that ""maga"" is a bit of a dirty word for most of us up here, he'd downplay that support.  But I think the endorsements from Vance, Musk, and Alex Jones are very telling. It seems like they didn't get the messaging together before they started talking out loud.",YouTube,well think know trump saying something way guarantee telling truth quite opposite fact since seem agreement trump kidding becoming 51st state would best interest likeminded person chair since smart enough realize maga bit dirty word hed downplay support think endorsement vance musk alex jones telling seems like get messaging together started talking loud
"As opposed to PP, an Exxon, BP, Shell shill.",YouTube,opposed exxon shell shill
a friendly reminder that Harper was a literal member of the WEF,YouTube,friendly reminder harper literal member wef
And Trump?,YouTube,trump
"Ask Trump, he was there",YouTube,ask trump
Tell me you know nothing about how the Canadian government works without telling me you know nothing about how the Canadian government works.,YouTube,tell know nothing canadian government work without telling know nothing canadian government work
It's a Constitutional Monarchy,YouTube,constitutional monarchy
"Zero interviews,  no seat, not my pm",YouTube,zero interview seat
"Nobody knows anything about this guy. I don't know what's happening to our country, but this isn't Canada anymore, and it hasn't been in a long time.",YouTube,nobody know anything guy know whats happening country isnt canada anymore hasnt long time
"It is interesting that during the French half of the swearing in, Mark Carney responded in English.",YouTube,interesting french half swearing mark carney responded english
Not my prime minister. 40+million Canadians did not vote for him and his poor track record of economic advice to Trudeau.  He can rot in hell for what he did to Canadians!,YouTube,prime minister 40million canadian vote poor track record economic advice trudeau rot hell canadian
not voted in. no seat in parliament. represent foreign interests. ... may the lord have mercy on that nation.,YouTube,voted seat parliament represent foreign interest may lord mercy nation
Don't understand why the media or the liberals are not talking to anything about the tariffs from China on Canada  Canola,YouTube,understand medium liberal talking anything tariff china canada canola
"He's not Canadians PM. We, as Canadians, need an election now to choose a PM.",YouTube,canadian canadian need election choose
He's not even he's not even allowed to speak in the House of Commons not being an elected official,YouTube,even even allowed speak house common elected official
very bad news for Canada,YouTube,bad news canada
We didn’t elect this fool.. he will go the way of Kim Campbell 😂,YouTube,didnt elect fool way kim campbell
0.37% of Canadians voted for this thing.,YouTube,037 canadian voted thing
We want an election!!,YouTube,want election
Hopefully this is short lived!,YouTube,hopefully short lived
This is so stupid...we should abolish the monarchy,YouTube,stupidwe abolish monarchy
That's a room full of slime,YouTube,thats room full slime
This is so wrong in so many ways,YouTube,wrong many way
Global Elitist in power now.,YouTube,global elitist power
"Boy oh boy, this comments section is a strong argument for better education on how a parliamentary democracy functions...",YouTube,boy boy comment section strong argument better education parliamentary democracy function
"Didn’t even raise his hand, anointed into office.",YouTube,didnt even raise hand anointed office
Carnival Carney...... CALL AN ELECTION,YouTube,carnival carney call election
Oh yeah....he is.  Would you rather have a president?,YouTube,yeahhe would rather president
Show me his interviews BTW convenient you ignored that part,YouTube,show interview btw convenient ignored part
 @ZenCorvus  Cry harder. Youre just nervous because the polls are now tied.  Hes not the first to come to PM office this way and wont be the last.,YouTube,cry harder youre nervous poll tied he first come office way wont last
The polls are not tied lmao ​ @AlyssaSouthSide ,YouTube,poll tied lmao
" @AlyssaSouthSide ppl who pretend this method is illegal I just want to ask..did you guys not take gr 10 civics class? We don’t vote for prime minister, we vote for the party and whomever is the leader of that party becomes prime minister. The liberals have used this method in the past and so have the conservatives. This is just a part of Canadian politics….why are ppl making SUUUUCH a big deal out of it?",YouTube,ppl pretend method illegal want askdid guy take civics class dont vote prime minister vote party whomever leader party becomes prime minister liberal used method past conservative part canadian politicswhy ppl making suuuuch big deal
" @AlyssaSouthSide yeah just like Kamala was tied with trump, how did that work out for her? 😂",YouTube,yeah like kamala tied trump work
" @bigopalcup  Yep, a lot of  them are. Or the cons are just a little bit ahead. PP is headed for a minority government at best, which means he wont get anything done at all, as no opposing party will work with him.",YouTube,yep lot con little bit ahead headed minority government best mean wont get anything done opposing party work
@ but that’s part of the Canadian political structure. You never voted for an PM. During election when you vote your ballot doesn’t say Trudeau or Carney or Polievre. It says your local MP and the affiliated party. None of those have changed. Again all of this is a legitimate part of Canadian political structure. Liberals have done it in the past so has the Conservatives.,YouTube,thats part canadian political structure never voted election vote ballot doesnt say trudeau carney polievre say local affiliated party none changed legitimate part canadian political structure liberal done past conservative
@ he’s the leader of the liberal party. Where does it say he has to be a sitting MP to run for party leader?,YouTube,he leader liberal party say sitting run party leader
Media hasn't reported one single thing on the guy not one.,YouTube,medium hasnt reported one single thing guy one
"lol, huh? Well since you can’t seem to google.  He has an economics degree from Harvard, a masters degree from Oxford.  He was appointed by Stephen Harper (a conservative PM) to run the Bank of Canada, he was also appointed to run the Bank of England by a conservative PM.",YouTube,lol huh well since cant seem google economics degree harvard master degree oxford appointed stephen harper conservative run bank canada also appointed run bank england conservative
"So long then, I guess.  You'll probably be leaving soon?  What with your unhappiness and all.",YouTube,long guess youll probably leaving soon unhappiness
You guys are actually just telling us you like to be spoon fed information... He's easy to look up and actually very well accomplished. Born and raised in Edmonton Alberta.,YouTube,guy actually telling like spoon fed information easy look actually well accomplished born raised edmonton alberta
Maybe you should learn how our government works. . .,YouTube,maybe learn government work
I know he's buddies with island boy. 🤷,YouTube,know buddy island boy
"Thank you for quickly determining that nobody knows anything about this very public fellow, and then getting the word out to regular folks through the Youtube channel.  You must be very smart.",YouTube,thank quickly determining nobody know anything public fellow getting word regular folk youtube channel must smart
" @Bora_TalksTV  Okay, looked him up. So he’s a WEF member that hasn’t even lived in Canada for 10 years.",YouTube,okay looked he wef member hasnt even lived canada year
Another puppet playing a role. Do not idolize these people.,YouTube,another puppet playing role idolize people
 @brulfsson  explain WEF for us quickly and tell us all what that means. I also haven’t lived in Canada for many years but I still pay taxes there though. Now explain in detail what WEF means and the impact of it. The floor is yours,YouTube,explain wef quickly tell mean also havent lived canada many year still pay tax though explain detail wef mean impact floor
"Lol, that's because his French is terrible.",YouTube,lol thats french terrible
Should disqualify him like the others but he is a rich bankers,YouTube,disqualify like others rich banker
I don’t get why we still pretend to be a 2 language country.,YouTube,dont get still pretend language country
" @lawbinson  Because Quebec has so many seats in the House Of Commons that no politician can afford to offend them without risking never being elected. To put it simply if you combine BC, Alberta, and Saskatchewan together we just barely beat the number of seats that the province of Quebec has on their own.
So basically, if you can get in good with Quebec and Ontario the rest of the country doesn't really matter.",YouTube,quebec many seat house common politician afford offend without risking never elected put simply combine alberta saskatchewan together barely beat number seat province quebec basically get good quebec ontario rest country really matter
Research before you comment. Just came off real dumb.,YouTube,research comment came real dumb
"TheCanagoose wow way to really show him

Does carney have a seat somewhere?",YouTube,thecanagoose wow way really show carney seat somewhere
 @TheCanagoose  He was telling it as it is. No one Voted for this.,YouTube,telling one voted
Well said. Canada is in big trouble,YouTube,well said canada big trouble
" @ZenCorvus  he doesnt need one, thats how our elections work",YouTube,doesnt need one thats election work
" @Mrpickleweasel  He does if he wants to actually lead the nation. Otherwise, he's stuck watching from the visitor's gallery.",YouTube,want actually lead nation otherwise stuck watching visitor gallery
51st state became a lot more realistic today,YouTube,51st state became lot realistic today
All nations. This isn't just Canada,YouTube,nation isnt canada
@RussellDion  I hope the west comes to table after election with levers to pull. Play ball or we leave. Done playing kind,YouTube,hope west come table election lever pull play ball leave done playing kind
"​ @TiredoldFox  There is no requirement for the PM to have a seat when elected, most likely a Liberal MP will step aside in their riding for a by-election, which is most likely what will happen. But you are correct, it would be very unusual for a sitting Prime Minister not to have a seat. Not something that would be sustainable long term.",YouTube,requirement seat elected likely liberal step aside riding byelection likely happen correct would unusual sitting prime minister seat something would sustainable long term
" @RussellDion  peddle your fear elsewhere. Canadians understand the pressure on our political process from social media, we are not so naive to think that every commenter is a legitimate Canadian Voice.            RussellDion: Joined Jan 15, 2024",YouTube,peddle fear elsewhere canadian understand pressure political process social medium naive think every commenter legitimate canadian voice russelldion joined jan 2024
What is scary is how many people are ok with this PDF file :(,YouTube,scary many people pdf file
 @ZenCorvus did the Alberta premier have a seat when she won?,YouTube,alberta premier seat
I just watched two news stories on this... what are you talking about?,YouTube,watched two news story talking
"Canadians don't choose a PM. They choose the party, the party chooses the leader.",YouTube,canadian choose choose party party chooses leader
"back to civics (and english) class for you. ""He is not CANADA'S PM.""",YouTube,back civics english class canada
"I don’t understand everyone was asking for Trudeau to step down and now after he did, people are complaining and calling it rigged",YouTube,dont understand everyone asking trudeau step people complaining calling rigged
And if we need somebody like that to follow in Trudeau's footsteps why the hell would any Canadian even think about having a man like that,YouTube,need somebody like follow trudeaus footstep hell would canadian even think man like
"Also Legit question. Did you really just join YT today?   -  Joined Mar 14, 2025",YouTube,also legit question really join today joined mar 2025
Neither was Danielle Smith when her party won.,YouTube,neither danielle smith party
@Vraptor1  well for starters the didn't fudge to vote count for the election like Trudeau did,YouTube,well starter fudge vote count election like trudeau
Wrong.   He will be prime minister for a decade and lead Canada to new heights,YouTube,wrong prime minister decade lead canada new height
"Right, rizz the dog is a reject

Probably same user as titusmccarthy and the other reject accounts you have",YouTube,right rizz dog reject probably user titusmccarthy reject account
Jealous much?,YouTube,jealous much
@stevenmartin7050  Maybe I didn't say that about Justin as I wasn't into politics until Pierre Pollieve started copying Donald Trump's rhetoric and policies,YouTube,maybe say justin wasnt politics pierre pollieve started copying donald trump rhetoric policy
 @rizz_the_dog  what policicies has he copied??   please be  please be specific I would sure like to hear these,YouTube,policicies copied please please specific would sure like hear
The polls say something different ;),YouTube,poll say something different
But you could have… All you needed to do was register,YouTube,could needed register
The leader of the party...the one we voted in in 2021.,YouTube,leader partythe one voted 2021
 @kerrilee501  that was a $610 million vanity walk.. the official opposition was weak with flip flop O’toole.. did not vote Libs then! Will not again either,YouTube,610 million vanity walk official opposition weak flip flop otoole vote libs either
@ Yeah and now they are finishing their term.,YouTube,yeah finishing term
 @AlyssaSouthSide  Kim Campbell and John Turner both had major surges in support after they were selected as leaders of their respective parties and thereby Prime Minister.  It didn't do them much good.,YouTube,kim campbell john turner major surge support selected leader respective party thereby prime minister much good
Lol.. bold of you to assume it was mostly Canadians who voted,YouTube,lol bold assume mostly canadian voted
"Maybe just maybe, it was because it was a liberal leadership race... Therefore, only liberal members got to vote to elect a leader for their party.",YouTube,maybe maybe liberal leadership race therefore liberal member got vote elect leader party
"No Canadian voted for him, but crazy how there will be people to defend this guy for no reason just cause he is liberal... liberal failed Canada",YouTube,canadian voted crazy people defend guy reason cause liberal liberal failed canada
Canadians?,YouTube,canadian
"Canadians vote for the party in federal elections. PM is an appointed position, if you don't know this, you shouldn't be voting at all",YouTube,canadian vote party federal election appointed position know shouldnt voting
Someone doesn't know how Canadian politics work. Maybe do some research and educate yourself before the election.,YouTube,someone know canadian politics work maybe research educate election
I voted,YouTube,voted
" @Xachremos Yea except party leader elects SHOULD then have to win a federal election, Convenient of you to leave out that aspect",YouTube,yea except party leader elect win federal election convenient leave aspect
The polls suggest it wont be ;) Blame PP for sinking his chance.,YouTube,poll suggest wont blame sinking chance
It's indeed,YouTube,indeed
 @AlyssaSouthSide   You mean blame Jagmeat for selling out the country?,YouTube,mean blame jagmeat selling country
"Actually, it is between your ears!",YouTube,actually ear
"Not wrong at all, it shows that you are clueless about how our political system actually works..",YouTube,wrong show clueless political system actually work
@ I’m going by his past and things he’s done. Those are facts and not a karen. Typical liberal thinking. Thanks for the laughs little one,YouTube,going past thing he done fact karen typical liberal thinking thanks laugh little one
"Elitist?  You mean experienced, smart, and with the connections around the world that we need?  You mean NOT a career politician?",YouTube,elitist mean experienced smart connection around world need mean career politician
"Yes, some people weren't aware of how weak our system is.",YouTube,yes people werent aware weak system
"Ya people asking for democracy and this is what canada has

They arent the same thing, rejectn",YouTube,people asking democracy canada arent thing rejectn
Just know this reject would be flipping out if it were cons doing it.,YouTube,know reject would flipping con
We know how it functions and it's anti democratic and broken. You know how it functions and like it?,YouTube,know function anti democratic broken know function like
"Crazy thing is..many of you think your ""vote"" matters. It never has and never will. Stand up 🇨🇦 & 🌎",YouTube,crazy thing ismany think vote matter never never stand
@MeghenFarley  why we should become a state so that we can vote in the election that matters most.,YouTube,become state vote election matter
Or a strong argument for freeing Canada once and for all from the Crown....,YouTube,strong argument freeing canada crown
"Petit Poilievre...making funny names is easy. Grow up, take a breath maybe have a beer or 12 to calm down and there will be an election.",YouTube,petit poilievremaking funny name easy grow take breath maybe beer calm election
 @ZenCorvus  Wouldn't know. Maybe you can enlighten me?,YouTube,wouldnt know maybe enlighten
Finally! we got a carney to run this circus.,YouTube,finally got carney run circus
Not a single Canadian flag in sight,YouTube,single canadian flag sight
Not my prime minister not duly elected by the people,YouTube,prime minister duly elected people
"What a puppet, Says all US Canadians. Call for elections NOW!",YouTube,puppet say canadian call election
"What's with all the losers in the comments section who failed their high school civic class and now are whining about the parliamentary system in Canada? Also, if you don't like the constitutional monarchy, leave!",YouTube,whats loser comment section failed high school civic class whining parliamentary system canada also like constitutional monarchy leave
Political Corruption,YouTube,political corruption
I never voted for you. Please call an election ASAP so Canadians will finally get to democratically determine who we want leading us. Last thing I trust are money men. The US has a money man and he's desperately trying to short the market for his investments.,YouTube,never voted please call election asap canadian finally get democratically determine want leading last thing trust money men money man desperately trying short market investment
"There should be a change in Canadian legislation, so that when a Prime Minister resigns, is removed or dies…  a new PM (leader) must be chosen within 6 weeks (and must already be a sitting MP) … and an election must be called within 6 weeks after selection.  Canadians did not vote for this man.  He doesn’t hold a seat in the House of Commons.  This process is not democratic.  It is an infringement of Canadian human rights.",YouTube,change canadian legislation prime minister resigns removed dy new leader must chosen within week must already sitting election must called within week selection canadian vote man doesnt hold seat house common process democratic infringement canadian human right
Not for long hopefully,YouTube,long hopefully
"Does everyone notice not once when he was sworn in, did they mention that he will be working for the Canadian people?",YouTube,everyone notice sworn mention working canadian people
We need a government with four years of people's mandate to fight the trade war against Trump. Please call the Election NOW.,YouTube,need government four year people mandate fight trade war trump please call election
Noooooooooooooooooooooooooooooooooooooooooooooooooooooooooooooooooooooo! Get! Him! OUT!!! God help us all! Get Mr. Poilievre over here now! God help Canada! 🇨🇦😭😣😔,YouTube,noooooooooooooooooooooooooooooooooooooooooooooooooooooooooooooooooooooo get god help get poilievre god help canada
The amount of people in the comments saying they didn't vote him in🤦🏻‍♀️...maybe you should look up how the Canadian government works. He is a temporary PM.,YouTube,amount people comment saying vote inmaybe look canadian government work temporary
Election next so Canadians can have a say in their PM.,YouTube,election next canadian say
Unelected. What a fantastic democracy we live in! Amazing.,YouTube,unelected fantastic democracy live amazing
Trudeau’s parting gift to Canadians. His mini me,YouTube,trudeaus parting gift canadian mini
Go read the UK Telegraph's articles on Carney. The Brits are warning Canada.,YouTube,read telegraph article carney brit warning canada
What a horrible day for canada 😢,YouTube,horrible day canada
No Steelworkers from Hamilton present at Captain Steelworker’s coronation?,YouTube,steelworker hamilton present captain steelworker coronation
"Don't worry, you'll be getting a new one soon 😂",YouTube,worry youll getting new one soon
"The Canadian system is such that the head of the ruling Party is Head of Government as well as Head of State. When the head of a Party steps down for whatever reason, the Party picks the replacement as quickly as possible so that there is no break in leadership.",YouTube,canadian system head ruling party head government well head state head party step whatever reason party pick replacement quickly possible break leadership
"Bor that’s just how Canadian politics works, this is like the 3rd or 4th time this has happened like this",YouTube,bor thats canadian politics work like 3rd 4th time happened like
"You'll  get your vote.
Whaaaa whaaa whaaa
🇨🇦 ✌️",YouTube,youll get vote whaaaa whaaa whaaa
Lol indoctrinated much ? Weird,YouTube,lol indoctrinated much weird
"Yes, but PP and the Cons are worse.",YouTube,yes con worse
 @Goodgodgetagripgirl you will get your cookie soon as carney finds time for Canadians,YouTube,get cookie soon carney find time canadian
"@MrDjohi  What are you assuming? I'm not a fan of the Liberals or Carney. He's a former Banker, aka he's a corporatist. Anyone that has friends in those high places is at risk of corruption. Learn to ask before you make nonsense judgments.",YouTube,assuming fan liberal carney former banker aka corporatist anyone friend high place risk corruption learn ask make nonsense judgment
"@MrDjohi  Its my day off keeping people alive at the hospital, so I watched a video that popped up on my YouTube feed, and you're mad that I commented?",YouTube,day keeping people alive hospital watched video popped youtube feed mad commented
"well make sure you dont vote conservative, they are all in the same pocket",YouTube,well make sure dont vote conservative pocket
Tell us more about failing grade 9. Where Canadian children learn about their own government...,YouTube,tell failing grade canadian child learn government
"We liberals voted for him, stay mad",YouTube,liberal voted stay mad
Not all money people are that bad some are but not all here's our options Pierre or Carney I want Pierre but if he doesn't get voted in then it's Carney people say that Pierre is for Trump but there been times when I heard him express his feelings towards that he doesn't like Trump either despite what liberals say.,YouTube,money people bad here option pierre carney want pierre get voted carney people say pierre trump time heard express feeling towards like trump either despite liberal say
 @sunyydazee  lol nah this one is more Trump level money than the conservative one. Lesser of 2 evils is the one with less money to me. And no way the leader of the Canadian version of BlackRock isn't richer.,YouTube,lol nah one trump level money conservative one lesser evil one less money way leader canadian version blackrock isnt richer
Thinking a party can continue without a leader...fantastic...also...registered liberals did elect him big guy...tell me you don't have any idea how Canadian politics work without telling me,YouTube,thinking party continue without leaderfantasticalsoregistered liberal elect big guytell idea canadian politics work without telling
"lol, you clearly don’t know how Canadian politics work.",YouTube,lol clearly dont know canadian politics work
Those who elected Carney represent 0.01 of the population.,YouTube,elected carney represent 001 population
 @nueloblack  - the same way every party leader has been elected.,YouTube,way every party leader elected
"@ Party leader, not PM.",YouTube,party leader
It is. Once you leave the country it will be better 🙏,YouTube,leave country better
Whatever it takes to keep the Conservatives out! 👍🎉,YouTube,whatever take keep conservative
you people are beyond melodramatic hahaha,YouTube,people beyond melodramatic hahaha
You can always go south,YouTube,always south
"This is a sad day for ALL Canadians. 

Sworn in with absolutely zero vetting by the media.",YouTube,sad day canadian sworn absolutely zero vetting medium
My God help us all,YouTube,god help
Election please !,YouTube,election please
0:23 look at Christia Freeland on the left 😂 She must be shoveling the snow down her nose after losing.,YouTube,023 look christia freeland left must shoveling snow nose losing
We did not get to vote.  😡 The Canadian public has never chosen this vilian for as much as a small riding.  This has to be a crime.  ELECTION NOW,YouTube,get vote canadian public never chosen vilian much small riding crime election
Praying you all have Blessed Holy Great Lent 🙏✝🕊,YouTube,praying blessed holy great lent
"Liberals have DONE this before with Ontario Premier. When Mcguinty was charged for corruption, they replaced him with Kathleen. Where she WON the next election on 2014. Next fours years was the worst for Ontarians. It was so bad in the next election the Liberals won 7 seats only,  losing 51 seats. Liberals also lost party status. If you fall for this again it's on you, endure years of agony before next election 😂",YouTube,liberal done ontario premier mcguinty charged corruption replaced kathleen next election 2014 next four year worst ontarians bad next election liberal seat losing seat liberal also lost party status fall endure year agony next election
"40 billion to 1,250 trillion in 8 years.. you are responsible. We owe 60 billion to USA...HELLO LOOK HIM UP",YouTube,billion 1250 trillion year responsible owe billion usahello look
The Carney Clownshow has arrived!,YouTube,carney clownshow arrived
he must’ve taken the oath,YouTube,mustve taken oath
What a joke for democracy,YouTube,joke democracy
"About Mark Carney 

He then headed to the United States for a degree in economics at Harvard University, before pursuing a master’s degree and doctorate in economics from Oxford University.
His career was similarly globe-trotting. He spent 13 years working for Goldman Sachs, traveling between the firm’s offices in London, Tokyo, New York and Toronto, according to a profile from the Bank of Canada, which he joined in 2003.
By 2008, he was serving as governor of Canada’s central bank, stepping into the job as the world plunged into the Great Recession. During his campaign to lead the Liberal Party, Carney pointed to this time as evidence of his experience navigating crises, saying on his website he had helped protect jobs and stabilize the Canadian economy.

He did well enough that by the time he finished his five-year term, he was scooped up by the Bank of England to be its governor — the first non-British person to hold the position. (Canada is a member of the British Commonwealth.)
Climate change advocate
The following years were just as crisis-ridden, with the British public voting to depart the European Union. In speeches before the 2016 referendum, Carney had warned of the economic impact Brexit would have on the country. He left the Bank of England in 2020 after almost seven years in the job.
After becoming the UN Special Envoy for Climate Action and Finance in 2019, he advocated for the financial sector to invest in net-zero emissions.",YouTube,mark carney headed united state degree economics harvard university pursuing master degree doctorate economics oxford university career similarly globetrotting spent year working goldman sachs traveling firm office london tokyo new york toronto according profile bank canada joined 2003 2008 serving governor canada central bank stepping job world plunged great recession campaign lead liberal party carney pointed time evidence experience navigating crisis saying website helped protect job stabilize canadian economy well enough time finished fiveyear term scooped bank england governor first nonbritish person hold position canada member british commonwealth climate change advocate following year crisisridden british public voting depart european union speech 2016 referendum carney warned economic impact brexit would country left bank england 2020 almost seven year job becoming special envoy climate action finance 2019 advocated financial sector invest netzero emission
"Imagine being a liberal apologist, educating us on why an unelected PM with No seat,  is a good thing!?!",YouTube,imagine liberal apologist educating unelected seat good thing
Ask him how Gislane Maxwell's making out. They're really good friends😂,YouTube,ask gislane maxwell making really good friend
This is a dark day for democracy in Canada.  This man was not elected.,YouTube,dark day democracy canada man elected
Can you at least tell me which billionaires I'll be funding with my tax dollars?,YouTube,least tell billionaire ill funding tax dollar
This is... SO messed up.. they can easily just install an unelected prime minister.,YouTube,messed easily install unelected prime minister
Dafaq? No one voted for him to be the PM,YouTube,dafaq one voted
"In Canada, we have a parliamentary democracy—we do not elect a prime minister. Instead, we elect MPs, the party with the most MPs forms government, and the leader of that party becomes prime minister. This has happened several times in the past; by no means is this unappointed or unprecedented.",YouTube,canada parliamentary democracywe elect prime minister instead elect mp party mp form government leader party becomes prime minister happened several time past mean unappointed unprecedented
"Like the media is credible.
You'd whine no matter who.
You'll get your vote soon enough.",YouTube,like medium credible youd whine matter youll get vote soon enough
Pdf files seem to always have all the right connections!,YouTube,pdf file seem always right connection
welcome to Canada Ivan. Where the state media does not get to decide government policy.,YouTube,welcome canada ivan state medium get decide government policy
Why would the media vet any prime minister? I assume that’s done by the numerous ethics laws and regulations.,YouTube,would medium vet prime minister assume thats done numerous ethic law regulation
Why is it sad.,YouTube,sad
We elect a party not a man.,YouTube,elect party man
As a conservative voter it’s a great day to have some one who understands economics.  So glad to see Trudeau gone.,YouTube,conservative voter great day one understands economics glad see trudeau gone
This old white billionaire banker has 3 citizenships and no seat in parliament. Why can't he just choose Canada only? Why can't he love Canada only? All of us have 1 citizenship so we have skin in the game.,YouTube,old white billionaire banker citizenship seat parliament choose canada love canada citizenship skin game
MrCuriousk yet they literally did,YouTube,mrcuriousk yet literally
"@ - lol, you do know the Bank of Canada and England aren’t commercial banks right?",YouTube,lol know bank canada england arent commercial bank right
I actually thought she looked happy and proud to be honest.,YouTube,actually thought looked happy proud honest
BINGO ! WINNER WINNER,YouTube,bingo winner winner
Oh please don't arrest her Officer!!!!,YouTube,please arrest officer
Now research NET ZERO,YouTube,research net zero
You can't knock his education at the best universities in the world,YouTube,knock education best university world
Stop imagining and start learning how parliamentary systems work. Don't be lazy.,YouTube,stop imagining start learning parliamentary system work lazy
imagine not understanding how our government functions.,YouTube,imagine understanding government function
It’s astounding how stupid questions like this are. These are the people likely to vote for PP 😢,YouTube,astounding stupid question like people likely vote
"And droning on about democracy or anyone not answering questions.

To be a lib means you're mentally insane as this point.",YouTube,droning democracy anyone answering question lib mean mentally insane point
Are you familiar with the Canadian political system? The sitting government party/coalition chooses who they support as PM.,YouTube,familiar canadian political system sitting government partycoalition chooses support
@ I am familiar.  My comment refers to the fact he is not in an elected position. He has no seat in parliament. This is extremely rare in Canadian politics (which I’m guessing you are aware of the irony of the last time this happened).,YouTube,familiar comment refers fact elected position seat parliament extremely rare canadian politics guessing aware irony last time happened
"@ Ha! great point!  It’s concerning when someone goes from “advisor” to Prime Minister.  Yes, he did it above board, which is perhaps the most surprising aspect of it.  Given the current events, Canadians should elect who is at the helm to steer us through the stormy seas!",YouTube,great point concerning someone go advisor prime minister yes board perhaps surprising aspect given current event canadian elect helm steer stormy sea
@ Haha….we’ll see how well this ages.  Talk to you after the election.,YouTube,hahawell see well age talk election
@ an elected minister. We have a Prime Minister who isn’t allowed to speak in parliament.,YouTube,elected minister prime minister isnt allowed speak parliament
not messed up. read on how we do elections in Canada. We're not the only ones who does it this way. Check other countries with the same type of democratic government - check wiki on different types of democracy... cheers.,YouTube,messed read election canada one way check country type democratic government check wiki different type democracy cheer
"Also we don't elect prime minister - each party elects a leader and the party that's represented most, their leader becomes the prime minister. Liberal Party has majority in last election, and since PM Trudeau resigned, the party elected Carney as the new leader of Liberal Party - thus, if you know your if-then-stmt, it follows that Carney is the new Prime Minister of Canada for now.",YouTube,also elect prime minister party elect leader party thats represented leader becomes prime minister liberal party majority last election since trudeau resigned party elected carney new leader liberal party thus know ifthenstmt follows carney new prime minister canada
@da_lazy.spinosaurus  none of what you just said changes the fact that I am right...?,YouTube,spinosaurus none said change fact right
Who elected him?????? Come from no where.,YouTube,elected come
Never voted for you as pm carney. No one did. You don't deserve this.,YouTube,never voted carney one deserve
NOBODY GIVES AF!!!! We want AN ELECTION!!!!!,YouTube,nobody give want election
"Listen, I'm team Blue, but some of you are making us look bad by your ignorance of how a Parliamentary Democracy actually works. The exact same thing would happen if say O'Toole won in the last general election and then was forced out. We'd be in the exact same situation where an internal party election is held for the new leader of the party who then becomes the Prime Minister until the next general election. Some of you didn't pay attention in Grade 10 Civics and it's embarrassingly obvious. We're not going to win the next general election with this parroting of inaccurate facts and buzz words.",YouTube,listen team blue making look bad ignorance parliamentary democracy actually work exact thing would happen say otoole last general election forced wed exact situation internal party election held new leader party becomes prime minister next general election pay attention grade civics embarrassingly obvious going win next general election parroting inaccurate fact buzz word
Isn't this similar to how Hitler took power? Just wondering...,YouTube,isnt similar hitler took power wondering
Dude looks like he was a nerd  bullied all through high school and now will get revenge once he attains power. He doesnt look sharp at all.,YouTube,dude look like nerd bullied high school get revenge attains power doesnt look sharp
"So let me get this straight, liberals voted for Trudeau with the carbon tax, now liberals will vote Carney becasue of no carbon tax...strange😅",YouTube,let get straight liberal voted trudeau carbon tax liberal vote carney becasue carbon taxstrange
"Now that the UK has refused to support Canada both during Keir Starmer's visit to the White House & later in their response to Trump's tariffs, I think that Canada should shed all allegiance to the UK Royals in all aspects of our country's management. I wish & hope that Mark Carney or whoever becomes the PM in the next election has the guts to execute this.",YouTube,refused support canada keir starmers visit white house later response trump tariff think canada shed allegiance royal aspect country management wish hope mark carney whoever becomes next election gut execute
"not voted in by the people of Canada, now quit stalling and resume parliament so an election can be called..",YouTube,voted people canada quit stalling resume parliament election called
NOBODY VOTED FOR YOU.,YouTube,nobody voted
"Some comments do have a point. It is a bit odd there aren't any Canadian flags in sight. 

It would be ironic if what ever by-election he runs in to get a seat he loses.",YouTube,comment point bit odd arent canadian flag sight would ironic ever byelection run get seat loses
what a circus lol,YouTube,circus lol
You call yourselves Canadians and do not know how our government and political system works 🤬,YouTube,call canadian know government political system work
Cool now call an election,YouTube,cool call election
🤢🤢🤮🤮🤮 I’m voting for Pierre!   🇨🇦👍🇨🇦👍🇨🇦👍🇨🇦👍🇨🇦👍🇨🇦,YouTube,voting pierre
"No seat, no election. NOT MY PRIME MINISTER!!!!!",YouTube,seat election prime minister
Mr. Trudeau's reflection in the Mirror and very hard to do but may be just a bit more Greedy.,YouTube,trudeaus reflection mirror hard may bit greedy
"Illegitimate government no one voted for Carbon,Mark Carney. Better have an election day 1.",YouTube,illegitimate government one voted carbonmark carney better election day
"Why the hell do our prime ministers swear allegiance to a British King and not the people of Canada? Your priority should be your nation and your people, not some rich guy across the ocean.",YouTube,hell prime minister swear allegiance british king people canada priority nation people rich guy across ocean
Scam,YouTube,scam
"We didn’t vote for Poilievre as the conservative leader,",YouTube,didnt vote poilievre conservative leader
Are you really pissed off at him because YOU don't understand how our process works?? lol!,YouTube,really pissed understand process work lol
"Thank you, I feel the exact same as you do.",YouTube,thank feel exact
"The Liberal's party process is not democratic. There's a legitimate process under Conservative party rules. The Liberal selection of Carney, was an appointment, not an election.",YouTube,liberal party process democratic there legitimate process conservative party rule liberal selection carney appointment election
"There should be a change in Canadian legislation, so that when a Prime Minister resigns, is removed or dies…  a new PM (leader) must be chosen within 6 weeks (and must already be a sitting MP) … and an election must be called within 6 weeks after selection.",YouTube,change canadian legislation prime minister resigns removed dy new leader must chosen within week must already sitting election must called within week selection
" @HalifaxPeacock  I totally agree. Saying ""This is the way it's always been done"" is a bad motto for maintaining an element of governance. Let's hope with all the uproar this will be something that can be brought up in a future Parliamentary sitting.",YouTube,totally agree saying way always done bad motto maintaining element governance let hope uproar something brought future parliamentary sitting
"@ He was unfortunately elected by card carrying Liberal Party members because that is the current controlling party until the next general election. But like HalifaxPeacock pointed out, maybe this is something we can work to change through legislation for the future",YouTube,unfortunately elected card carrying liberal party member current controlling party next general election like halifaxpeacock pointed maybe something work change legislation future
"Team Not-Blue here, 100% agree with you. Just because we vote on different sides doesn't mean we cannot have a civil conversation about what interests we share, and which we disagree on. My fear is that many of these comments are not representative of the actual conservative voters of Canada. It is very difficult to see politics invaded by this sort of rhetoric.",YouTube,team notblue 100 agree vote different side mean civil conversation interest share disagree fear many comment representative actual conservative voter canada difficult see politics invaded sort rhetoric
" @KILO993  I don't jibe with the ""unfortunately"" but yes, if we want to change it put it to the people of Canada and the elected government of Canada in the Legislature. We have mechanisms in place to change procedure if the Canadian public votes on it.",YouTube,jibe unfortunately yes want change put people canada elected government canada legislature mechanism place change procedure canadian public vote
"​@ 
I agree. People should contact their local MP to ask how this process can be changed. Although it doesn't seem to happen often, but it does seem to be very jarring for those not very familiar with the process.",YouTube,agree people contact local ask process changed although seem happen often seem jarring familiar process
"Although this is the current system, it can still be criticized. ""Not paying attention in Grade 10 Civics"" is not a reason to agree with something that doesn't make sense....people can have opinions and free thought...not everyone is an NPC :)",YouTube,although current system still criticized paying attention grade civics reason agree something make sensepeople opinion free thoughtnot everyone npc
@KILO993  To be fair complaining to mp's doesn't do much at the end of the day. Canadians for the most part complained about the carbon tax to mp's and we still had it imposed on us. We complained about the record level of ethics violations and nothing happened. We complained about the housing tax and capital gains tax increase and nothing happened and we complained about the crazy immigration policy yet once again nothing happened. I would not be shocked if the liberals use this tariff crap as a reason to not have elections either.,YouTube,fair complaining mp much end day canadian part complained carbon tax mp still imposed complained record level ethic violation nothing happened complained housing tax capital gain tax increase nothing happened complained crazy immigration policy yet nothing happened would shocked liberal use tariff crap reason election either
Did you graduate from Harvard or Oxford with a PhD?,YouTube,graduate harvard oxford phd
Probably not given he is a retired UK banker who’s financial interests are largely outside of Canada,YouTube,probably given retired banker who financial interest largely outside canada
Parliament doesn't have to be recalled for an election to be called.,YouTube,parliament recalled election called
the liberal party voters did so yea lol,YouTube,liberal party voter yea lol
"@yourmaker8786  that wasn't a vote, it was a coronation.",YouTube,wasnt vote coronation
It takes a carney to run a circus,YouTube,take carney run circus
"You are right. We are now fully seeing how broken it is that a sitting member of the WEF can become our PM without ever winning an elected seat in the House of Commons (formerly known as the house of commoners, where our elected peers spoke for us on our behalf on policy). If you like this result, you are not Canadian",YouTube,right fully seeing broken sitting member wef become without ever winning elected seat house common formerly known house commoner elected peer spoke behalf policy like result canadian
"They know how it works, they just don't like the idea that a person who has never been elected to anything in their life can become Prime Minister in two months.  I think the rules need to be changed such that the PM must in all cases be a current MP.",YouTube,know work like idea person never elected anything life become prime minister two month think rule need changed must case current
 @thegreatdominion949  preach!!! 👍👍👍,YouTube,preach
look up the rules,YouTube,look rule
Ok… dropped out of high school Deb…. 😂,YouTube,dropped high school deb
"An open-air, nonresistant coup from the wef.",YouTube,openair nonresistant coup wef
"Ffs people…

The Canadian system is such that the head of the ruling Party is Head of Government as well as Head of State. When the head of a Party steps down for whatever reason, the Party picks the replacement as quickly as possible so that there is no break in leadership.

Remember Kim Campbell?
Same thing.",YouTube,ffs people canadian system head ruling party head government well head state head party step whatever reason party pick replacement quickly possible break leadership remember kim campbell thing
Crimeminister!,YouTube,crimeminister
Never was a MINISTER. So he cant be PRIME.  Such a farce.,YouTube,never minister cant prime farce
I'd rather watch YouTube ads than watch this. He is not my prime minister.,YouTube,rather watch youtube ad watch prime minister
Lots of bots in this chat 💀,YouTube,lot bot chat
Since when did the french run the government?,YouTube,since french run government
"We are Canadian people , and he's not our Prime Minister, he needs to call a snap election ASAP. We need a Prime Minister that's elected by the people not voted by the political party.",YouTube,canadian people prime minister need call snap election asap need prime minister thats elected people voted political party
"My wife and daughter are studying in Thunder Bay,Ontario,Canada and are nearly starving. Can someone help me find a job in Canada to rescue them so that our family of three can be reunited? I have an open work permit for Canada. I would be extremely grateful, and good-hearted people will always be rewarded.",YouTube,wife daughter studying thunder bayontariocanada nearly starving someone help find job canada rescue family three reunited open work permit canada would extremely grateful goodhearted people always rewarded
"headdesk

""151,899 Registered Liberals voted in the 2025 Liberal Leadership race, out of the 163,836 that verified their identity to vote – more than the 2013 Leadership race. Mark Carney received 131,674 votes, resulting in 29,457 points on the first ballot to win the Leadership of the Liberal Party of Canada and become the next Prime Minister.""

The results are public.

Who can vote?
Registered Liberals who meet the following criteria:

You are a Canadian citizen, permanent resident, or has status under the Indian Act
You ordinarily reside in Canada (primary residence is in Canada 183 days a year)
You were a Registered Liberal by January 27, 2025 at 5:00PM EST
You comply with the registration and ID verification procedures",YouTube,headdesk 151899 registered liberal voted 2025 liberal leadership race 163836 verified identity vote 2013 leadership race mark carney received 131674 vote resulting 29457 point first ballot win leadership liberal party canada become next prime minister result public vote registered liberal meet following criterion canadian citizen permanent resident status indian act ordinarily reside canada primary residence canada 183 day year registered liberal january 2025 500pm est comply registration verification procedure
Wait so anyone can become prime minister without a vote if the current leader just steps down?,YouTube,wait anyone become prime minister without vote current leader step
No only he was not voted in he was also selected when parliament was closed. Which shows us that this democracy that we supposedly have is a sham.,YouTube,voted also selected parliament closed show democracy supposedly sham
"John A Macdonald, Charles Tupper, Kim Cambell, Mackenzie king, and John Turner were all prime minsiter who either lost their seats or became PM without a seat. Read a book instead of freaking out at a process you dont understand.",YouTube,john macdonald charles tupper kim cambell mackenzie king john turner prime minsiter either lost seat became without seat read book instead freaking process dont understand
Mark Carney and Kamala Harris have a lot in common! Mark will unelected soon.  Time for a Conservative Government!,YouTube,mark carney kamala harris lot common mark unelected soon time conservative government
A bad day for Canada,YouTube,bad day canada
"Poilievre = Governor 
    Carny = Prime Minister 
>
You can’t convince me that if the oil industry told Poilievre or Smith, it would be more profitable if Canada became the 51st, that either of them wouldn’t sell us out.",YouTube,poilievre governor carny prime minister cant convince oil industry told poilievre smith would profitable canada became 51st either wouldnt sell
"I will vote for Mark Carney,  not for the Trump wannabe Pierre.  ❤️🇨🇦",YouTube,vote mark carney trump wannabe pierre
The Simple Investor - Mark Carney: The WRONG Choice for Canada,YouTube,simple investor mark carney wrong choice canada
"Not my Prime Minister! Wasn't voted in by the citizens-at-large, only by a small group of Liberal Party faithful.",YouTube,prime minister wasnt voted citizensatlarge small group liberal party faithful
So surprised to see so many Canadians not know their own political setup,YouTube,surprised see many canadian know political setup
Lol this is gross to see wef take over,YouTube,lol gross see wef take
Just because it's designed that way doesn't mean it's right lol.... you have to be kidding,YouTube,designed way mean right lol kidding
Yes and she too was tossed out at the 1st election,YouTube,yes tossed 1st election
Thank you for explaining our systems weakness.,YouTube,thank explaining system weakness
"most of these are troll farms and bots. Logic does not work on paid shills. (Genuine apologies to any actual human ppl that hold these opinions, i invite you to discuss them in comments in something other than talking points.)",YouTube,troll farm bot logic work paid shill genuine apology actual human ppl hold opinion invite discus comment something talking point
It's not that we don't know it's the fact that our political system which allows this. This needs to change.,YouTube,know fact political system allows need change
You say that ignoring everything about the context and the optics. You think just because we have done it in the past its a good thing to keep doing???? This is gross.,YouTube,say ignoring everything context optic think done past good thing keep gross
" @Trevoroxx  it’s not right because we’ve done it in the past. It’s right because it is the legislation of this country. If it needs to be changed, which it likely does, then we need to change it. Until that point this is how it works. Our opinions don’t change that.",YouTube,right weve done past right legislation country need changed likely need change point work opinion dont change
"@stephanie5249  our opinions need to be loud so that it actually does change. Everyone is expressing their disgust to the point the zeitgeist won't tolerate this crap going forward. If the majority was like ""this is how Canada operates"" and ""it's actually good this is how it operates"" it wouldn't change. Objectively (no matter which political party you support) this is gross, hence all the outrage.",YouTube,opinion need loud actually change everyone expressing disgust point zeitgeist tolerate crap going forward majority like canada operates actually good operates wouldnt change objectively matter political party support gross hence outrage
" @Trevoroxx  suggest an alternative then, that achieves the same continuity of leadership for our government. Its easy to yell ""this is wrong!"" how about some actual suggestions?",YouTube,suggest alternative achieves continuity leadership government easy yell wrong actual suggestion
" @Trevoroxx  I am actually entirely in agreement with you that things need to change. But right now this is what we have. Legally. It’s a fact. And I agree that we can loudly express our opinions. Unfortunately, in this comment section, many people are expressing opinions as facts. And that’s not how change works. Understand the facts, express your opinion, fight for the change you want.",YouTube,actually entirely agreement thing need change right legally fact agree loudly express opinion unfortunately comment section many people expressing opinion fact thats change work understand fact express opinion fight change want
@MrCuriousk  how about the crazy idea of an election? Is that too far out there of an idea that you needed a random youtube comment to tell you that's the correct way to select a leader?,YouTube,crazy idea election far idea needed random youtube comment tell thats correct way select leader
@ There was an election. You failed to be involved. All the liberal party and supporters had the option. If you were truly concerned you would have been looking into this and following for a couple months.,YouTube,election failed involved liberal party supporter option truly concerned would looking following couple month
"@cszabo8899  Kim Campbell was in the parliament elected by her constituants, so she actually was elected, unlikely Mr Carney never elected, never ran amd appointed in various position. Let's not forget this guy is a leader of the WEF what agenda do you think we will be following.",YouTube,kim campbell parliament elected constituants actually elected unlikely carney never elected never ran amd appointed various position let forget guy leader wef agenda think following
"@MrTeampenner  following for a couple of months? Try decades dude. Anyone who follows politics for ""a couple of months"" is what is causing the freakout about tariffs, total ignorance.
The liberal party selecting a new leader isn't an election if that's what you are referring to not being involved in. ...",YouTube,following couple month try decade dude anyone follows politics couple month causing freakout tariff total ignorance liberal party selecting new leader isnt election thats referring involved
"YouTube is eating my replies. Anyway...

Yes. Same thing with Kim Campbell. There was a general election after. She was Prime Minister going into that General election, which her party lost. Carney is now the Prime Minister by the same process, and soon will be going into a general election in all likelihood, which, hopefully for those and those like you, his party will lose. I think we both get each other now.",YouTube,youtube eating reply anyway yes thing kim campbell general election prime minister going general election party lost carney prime minister process soon going general election likelihood hopefully like party lose think get
"Ah, but you see, it was because too many people were watching YouTube adds that this happened in the first place 😂",YouTube,see many people watching youtube add happened first place
"This is something Canada's political system is going to have to face in the next few years. How do we ensure our media and social media are not swamped by foreign special interests, AI and troll farms? Free press is so much more important now than it ever was before.",YouTube,something canada political system going face next year ensure medium social medium swamped foreign special interest troll farm free press much important ever
"the liberal party was elected to lead the country, not trudeau - carney won the vote to lead the party, so he's prime minister",YouTube,liberal party elected lead country trudeau carney vote lead party prime minister
you have to buy all the party votes first,YouTube,buy party vote first
"In Canada, you don't vote for the Prime Minister, you vote for the party. The Liberal Party is still in a minority government and the leader of the party is Prime Minister. There was an election - a Liberal leadership election, which Carney won handily. Therefore, he is Prime Minister.",YouTube,canada vote prime minister vote party liberal party still minority government leader party prime minister election liberal leadership election carney handily therefore prime minister
I mean that's how the parliamentary system works. We get to vote for a new government or the same in October.,YouTube,mean thats parliamentary system work get vote new government october
Yea. Do you not know how our government or Parliament works?,YouTube,yea know government parliament work
"Well, with a parry vote, yeah. But it's not like the position can last long without the support of Parliament.",YouTube,well parry vote yeah like position last long without support parliament
"It's like if the U.S President dies or steps down. The VP finishes the term. Well we don't really have a Vice Prime Minister. When Trudeau stepped down, the Liberal party then had to vote in their new leader. (We vote for the party, not the leader).
 Now Carney will be PM until we have a federal election this fall. If he wins, he remains.",YouTube,like president dy step finish term well really vice prime minister trudeau stepped liberal party vote new leader vote party leader carney federal election fall win remains
Congratulations- brave man in challenging times,YouTube,congratulation brave man challenging time
There were 5 candidates as well as a vote with an 85.9% majority? Were you living under a rock?,YouTube,candidate well vote 859 majority living rock
 @Hyperpandas  WHO SAID THERE IS NO SUPPORT!!!  GET EDUCATED!!!,YouTube,said support get educated
"Keep in mind only around 130k votes decided this.

Of those 130k, who is to say how many were actually Canadian votes. Anybody, anywhere in the world can pay to vote in a party election.",YouTube,keep mind around 130k vote decided 130k say many actually canadian vote anybody anywhere world pay vote party election
"😅😂😢
What a dummy.",YouTube,dummy
" @TheOneAndOnlyCiV  same thing, I didn't know an unelected leader could be put in power so easily",YouTube,thing know unelected leader could put power easily
" @deborahkorinetz  Commons is currently prorogued, so he doesn't have the support of Parliament. Most likely scenario now is Carney will either ask the Governor General to dissolve Parliament to trigger an election, or to reconvene it at which point one of the other parties will table a confidence motion (which is almost certain to fail, and the government will end). 

Either way, Carney will only be Prime Minister for a couple of months, unless voters elect another Liberal government.",YouTube,common currently prorogued support parliament likely scenario carney either ask governor general dissolve parliament trigger election reconvene point one party table confidence motion almost certain fail government end either way carney prime minister couple month unless voter elect another liberal government
"IF you are part of the leading party and that party votes for you, yes. Cute that you word it like some random anybody can just walk in to the building and be like ok guys it's me.",YouTube,part leading party party vote yes cute word like random anybody walk building like guy
John A was the first and essentially made the country. Kinda a cop out bud... and Kim Campbell was an sitting MP.. its not the same thing. And it doesn't make it right. 😂. Ridiculous,YouTube,john first essentially made country kinda cop bud kim campbell sitting thing make right ridiculous
"@user-rj1ed3gf4f  incorrect, cambell did not have a seat at the time she was selected.

And parliament existed under British commonwealth before confederation, so there were MPs, of which John A was not one.",YouTube,rj1ed3gf4f incorrect cambell seat time selected parliament existed british commonwealth confederation mp john one
@TheViolentjester  Kim Campbell sat from 1988 to 1993 and was made prime minister and lead to general election in 1993 when she lost it,YouTube,kim campbell sat 1988 1993 made prime minister lead general election 1993 lost
"Oh wow you really proved how canadas democracy isn't a joke

Duh because these guys did it",YouTube,wow really proved canada democracy isnt joke duh guy
"a bad 9 years for Canada you mean, As a Canadian i can tell you my country has been destroyed in every facet of life you can think of.",YouTube,bad year canada mean canadian tell country destroyed every facet life think
A bad day for canada and therefore the world. WEF is winning :(,YouTube,bad day canada therefore world wef winning
This is a good day for Canada.,YouTube,good day canada
"100% agree. We need an adult who has had a  job in the real world knows how to balance a chequebook, is calm and experience working on the international stage. Someone who is not emotionally charged and can develop and execute a business plan.

We don't need an emotional Trump mini me PP who has never held a real job who only spews slogans. That is not helpful",YouTube,100 agree need adult job real world know balance chequebook calm experience working international stage someone emotionally charged develop execute business plan need emotional trump mini never held real job spews slogan helpful
Agree never maga Pierre,YouTube,agree never maga pierre
"Voting for plant, who moved his businesses to USA. Do not kid yourself.",YouTube,voting plant moved business usa kid
PP is worth 20 Million USD and Carney is worth 6.7 Million USD. What's your issue?,YouTube,worth million usd carney worth million usd whats issue
@ is there net worth important?,YouTube,net worth important
Trump bots working overtime in comments! 🤭,YouTube,trump bot working overtime comment
But we the people did not vote him in.  Therefore he is not out PM or leader,YouTube,people vote therefore leader
Id much rather him than current member of Trump Youth Pierre Poilievre,YouTube,much rather current member trump youth pierre poilievre
Not my PM. Call an election.  Hopefully put an end to the Decade of Corruption.,YouTube,call election hopefully put end decade corruption
WEF installed,YouTube,wef installed
"All these people saying he's ""unelected"" are Americans, I bet. Canada elects parties, whose leaders become the PM.",YouTube,people saying unelected american bet canada elect party whose leader become
Who actually elected him in Canada?🧐,YouTube,actually elected canada
The Canadian people didn’t agree to this. We need an election!,YouTube,canadian people didnt agree need election
Wait what!! ? When was the election? Am I the only one who missed the election? I didn’t vote.,YouTube,wait election one missed election didnt vote
I feel like I’m living inside of a Simpsons episode. This has to be a joke.,YouTube,feel like living inside simpson episode joke
I did not vote him in....this is not an election.,YouTube,vote inthis election
Enough with this liberals! Time for election,YouTube,enough liberal time election
Imagine if he enacted emergency laws and stayed in power😅😅,YouTube,imagine enacted emergency law stayed power
Can we please have an election now?,YouTube,please election
"Resign like Trudeau,  Carney!!",YouTube,resign like trudeau carney
"Does not matter who leads the liberals, we are done with liberal policies. Call an election.",YouTube,matter lead liberal done liberal policy call election
"The bots are strong with this one. Sigh. Poilievre could not deal with this level of economic instability, let alone Trump. God forbid Carney is the Prime Minister Designate. He is an excellent choice. I have absolutely no problem with him holding the seat. The people that scream ""not my prime minister"", are probably the same people that thought the trucker convoy protest in Ottawa was peaceful. We have been through so many unprecedented situations in the last five years. This is not a time to shout ""MY FREEDOMS. CALL AN ELECTION"". Just let Carney do his job. Let's get through the worst of this, get things stabilized, and then call an election. This is a time to band together as Canadians. God forbid, all parties work together. Ugh.",YouTube,bot strong one sigh poilievre could deal level economic instability let alone trump god forbid carney prime minister designate excellent choice absolutely problem holding seat people scream prime minister probably people thought trucker convoy protest ottawa peaceful many unprecedented situation last five year time shout freedom call election let carney job let get worst get thing stabilized call election time band together canadian god forbid party work together ugh
Carney is not my Prime Minister. Pierre is my Prime Minister and Trump is my President.,YouTube,carney prime minister pierre prime minister trump president
NOBODY ELECTED HIM,YouTube,nobody elected
"No, it's Canadians who don't want a pathological lying rich guy who is not a politician LIKE TRUMP.",YouTube,canadian want pathological lying rich guy politician like trump
Duh trump bots because everyone's a lib in this toolboxes world,YouTube,duh trump bot everyones lib toolbox world
You and who else? Who are the people?,YouTube,else people
Ok cnn/cbc talking point of zero substance,YouTube,cnncbc talking point zero substance
The liberal party. He's a stand in until a new election is set forward.,YouTube,liberal party stand new election set forward
 @flexchan  I am sure they won't rush it,YouTube,sure rush
Bless your little heart.. you need an education in the CANADIAN POLITICAL SYSTEM.,YouTube,bless little heart need education canadian political system
Correct.. lol Not sure what you don't understand.,YouTube,correct lol sure understand
Not effing funny. U don't get who truly pulls the strings hey? Buckle up,YouTube,effing funny get truly pull string hey buckle
You are a bot.  We support Pierre!,YouTube,bot support pierre
"Omg duh the bots blah blah blah cbc told me pierre is terribl
But cbc won't report on carney so this is what you write

Seek help",YouTube,omg duh bot blah blah blah cbc told pierre terribl cbc report carney write seek help
"The most mature and adult comment in this section. 
I would add that patience is a virtue. We just need to wait for the general election to be called. Many sources indicate this will most likely happen at the end of the month. 
I can tell you from myself and other Conservative friends, even we agree that this one time we will have to vote for the person and not the party and find common ground to weather the storm ahead.",YouTube,mature adult comment section would add patience virtue need wait general election called many source indicate likely happen end month tell conservative friend even agree one time vote person party find common ground weather storm ahead
Nobody elected PP to be leader of the opposition until the next election came around.  Really - it's how things work.  Look it up.,YouTube,nobody elected leader opposition next election came around really thing work look
Duh Trudeau resigned and they needed to appoint a new leader. Don’t understand the point of this comment,YouTube,duh trudeau resigned needed appoint new leader dont understand point comment
@ no ya didn’t unless you’re part of the liberal party. Which I’m pretty sure you aren’t.,YouTube,didnt unless youre part liberal party pretty sure arent
"But he shouldn't be able to lead the country without being elected by the people. It is true that the liberals were elected, but I just think it's shady that this man was elected. It's not like u or me had a say in it",YouTube,shouldnt able lead country without elected people true liberal elected think shady man elected like say
 @PlutoniumMC  in canada when you elect someone your not electing that person. Your essentially electing the party. And if pm stepps down. Their is a election that anyone cab register to vote,YouTube,canada elect someone electing person essentially electing party stepps election anyone cab register vote
" @rigarious  I know how it works.... I'm canadian, but I still disagree with the way that this situation has unfolded.",YouTube,know work canadian still disagree way situation unfolded
@PlutoniumMC  u could of voted then,YouTube,could voted
 @rigarious  I can't vote for the liberal leader. I'm not a member of the party,YouTube,vote liberal leader member party
A great day for Canada 🍁🇨🇦🍁,YouTube,great day canada
He talks about serving the king.. and the king is no where in the  room....,YouTube,talk serving king king room
He needs to call an election today I didn’t vote for him,YouTube,need call election today didnt vote
Clown show baby! Far cry from the Country we used to be.,YouTube,clown show baby far cry country used
Not a single Canadian flag in sight. That tell us everything we need to know. Meanwhile Pierre is about to go live with 20 Canadian flags behind him.,YouTube,single canadian flag sight tell everything need know meanwhile pierre live canadian flag behind
"Congratulations to the new PM, Mark Carney..",YouTube,congratulation new mark carney
Canada dident vote for this guy,YouTube,canada dident vote guy
He better not get too comfortable..,YouTube,better get comfortable
Let the election decide who the Prime Minister.  Prime Minister by default. Let the vote speak,YouTube,let election decide prime minister prime minister default let vote speak
Not my prime minister,YouTube,prime minister
This fool and his party need to go and a large part of libs should leave the country and some jailed.,YouTube,fool party need large part libs leave country jailed
Non elected,YouTube,non elected
Sworn as 24th PM ? Heller! Big Joke - snap election if you are fair  candidate as you are not selected but designated —-,YouTube,sworn 24th heller big joke snap election fair candidate selected designated
"This is embarrassing, time to dump the British monarchy as our head of state.",YouTube,embarrassing time dump british monarchy head state
"Finally a guy who already proved that he knows what he is doing, not some st*p*d career politician.",YouTube,finally guy already proved know stpd career politician
Such a creep!,YouTube,creep
"Ok great, now call an election and legitimize it.  Right now he's ""unelected"", nobody other than the liberal leaders voted for this guy. If this is what Canada wants (and it seems to be leaning that way VS PP) then the public needs a vote",YouTube,great call election legitimize right unelected nobody liberal leader voted guy canada want seems leaning way public need vote
"THIS comment section is insane. I’m sickened by all of you. You just flood every comment section with your hate and conspiracy theories. 

It’s actually the type of Canadian commenting here who are ruining our country.",YouTube,comment section insane sickened flood every comment section hate conspiracy theory actually type canadian commenting ruining country
I’m so happy. Hope he can shut Trump down.,YouTube,happy hope shut trump
"I hear what he pledges, but I have to wonder, when this will come to an end, when Canada will be a real independent nation.",YouTube,hear pledge wonder come end canada real independent nation
You know everyone in Canada?,YouTube,know everyone canada
LMAO. The polls show otherwise ;),YouTube,lmao poll show otherwise
"WHY NOT.   You do believe in democracy, right",YouTube,believe democracy right
Non elected banksters,YouTube,non elected banksters
"Educate yourself on how the parliamentary system works. We vote for the party, not the person.",YouTube,educate parliamentary system work vote party person
"Calhoon4U no we literally don't 

We vote representatives. This isnt a sport you reject",YouTube,calhoon4u literally vote representative isnt sport reject
"You know him personally?
Or were you speaking of yourself.?",YouTube,know personally speaking
"@DianeBradt  
Triggered??
Lmao
So you just want to make disparaging remarks with no pushback.!?
Sooooo, a troll then 🧌.   Ok, I got it.",YouTube,triggered lmao want make disparaging remark pushback sooooo troll got
Ya shut down canada,YouTube,shut canada
"Guess Canada’s banking experience just became a little more political, hope he’s got a solid interest rate on those promises!",YouTube,guess canada banking experience became little political hope he got solid interest rate promise
Is he Joe Biden's younger Canadian brother?  😅,YouTube,joe bidens younger canadian brother
Sad day for Putin/Trump boys.,YouTube,sad day putintrump boy
How can they call him a PM when he isn’t a member of parliament,YouTube,call isnt member parliament
"Congratulations, best wishes.",YouTube,congratulation best wish
Another power grab,YouTube,another power grab
Let's go!!! Looking forward to Mark Carney as prime minister 🇨🇦🍁,YouTube,let looking forward mark carney prime minister
"And that's how democracy dies, to thunderous applause.",YouTube,thats democracy dy thunderous applause
Congratulations carney,YouTube,congratulation carney
I think it’s fair to give him the title of leader of the liberal party but not proper to call this man prime minister. Canada needs an election so the people can elect our next prime minister.,YouTube,think fair give title leader liberal party proper call man prime minister canada need election people elect next prime minister
Let this be a new era in Canadian history.,YouTube,let new era canadian history
Not one Canadian flag! We need an election NOW!!!!,YouTube,one canadian flag need election
Yay!  💪🇨🇦,YouTube,yay
"Election now,done with drama queens for 9 years...",YouTube,election nowdone drama queen year
Read my lips Carney. CALL AN ELECTION NOW !,YouTube,read lip carney call election
How soon can we get him out of there.  They forgot to add Ah's and Um's to the text he was reading.   He needs to have a least 12 per minute.,YouTube,soon get forgot add ahs ums text reading need least per minute
Bots in full swing in this comment thread! Very obvious Pierre's endorsers have upped the budget. Don't fall for it. We need experience and leadership not subjugation.,YouTube,bot full swing comment thread obvious pierre endorser upped budget fall need experience leadership subjugation
"All of the hard Conservatives saying ""ELECTION NOW!"" don't even realize just how bad that's gonna be for them. Have you even seen the polls?",YouTube,hard conservative saying election even realize bad thats gon even seen poll
"Only Canada would have a clown as a PM, what a fool!!!",YouTube,canada would clown fool
🤦 you people are such clowns. 😂,YouTube,people clown
On what? The agreement they had calls a debate? The 250k voters booted from voting? Or the 2 members left out that would have actually said something?,YouTube,agreement call debate 250k voter booted voting member left would actually said something
Ya his zero policies and zero interviews excite you botĺ,YouTube,zero policy zero interview excite bot
Are you messed in the head... He is just stepping in for all the mess that his party has created over the last 8 years 🇨🇦 🤣🤣🤣🤣🤣🤣,YouTube,messed head stepping mess party created last year
Armaan and his Liberal Bots 🤖,YouTube,armaan liberal bot
New Era Of Corruption,YouTube,new era corruption
"Yay, a new pdf file in office! And one rhat aas advising Trudeau all throughout this current mess.
What a huge change...",YouTube,yay new pdf file office one rhat aa advising trudeau throughout current mess huge change
"And also if Pierre is “so good”, why hasn’t he gotten his security clearance yet?",YouTube,also pierre good hasnt gotten security clearance yet
"Sure, that's what CNN told Harris supporters. Vote vote vote for Conservatives! Get these sick Leftists out!",YouTube,sure thats cnn told harris supporter vote vote vote conservative get sick leftist
"Disgusting. The System has to change, and this shouldn't be allowed. I didn't vote for this new Clown.",YouTube,disgusting system change shouldnt allowed vote new clown
No constituents  not elected....no ridings ..pm installed,YouTube,constituent electedno riding installed
"All those 51st state jokes, we still bow down to the king of England!",YouTube,51st state joke still bow king england
Call an election now! We don't want a selected PM,YouTube,call election want selected
She couldn't sit still if her life depended on it and why we allow politicians like this to run in Canada is beyond me 😮,YouTube,couldnt sit still life depended allow politician like run canada beyond
"As Canadian citizens, we are suffering!",YouTube,canadian citizen suffering
"It is pathetic that we still have to swear allegiance to guys like Charles and his ilk. But, congratulations to Mark Carney. I also would like mark Carney to straight away address his connection to Ghislaine Maxwell, emulating how Obama handled the controversy around his moronic pastor who spewed nonsense. This way he can put it behind him once and for all.",YouTube,pathetic still swear allegiance guy like charles ilk congratulation mark carney also would like mark carney straight away address connection ghislaine maxwell emulating obama handled controversy around moronic pastor spewed nonsense way put behind
Does swearing in mean they will TELL THE TRUTH,YouTube,swearing mean tell truth
They hopefully will call an election quickly before this PERSON can give our country to wef!,YouTube,hopefully call election quickly person give country wef
Nice nod to the camera when you said king of Canada.  Allow trump to learn he can’t just annex Canada,YouTube,nice nod camera said king canada allow trump learn cant annex canada
"""Yes, i promise to be a good little puppet for the Crown and keep secrets from the peasant Canadians."" 🙄",YouTube,yes promise good little puppet crown keep secret peasant canadian
What a rigged joke. A very dangerous joke …. :/,YouTube,rigged joke dangerous joke
"Canadians never voted this fool in, time for an election now",YouTube,canadian never voted fool time election
We need to get Carney out of office as soon as possible. Sad day. Call an election NOW!,YouTube,need get carney office soon possible sad day call election
"I wonder, how often can a prime minister change within a party?",YouTube,wonder often prime minister change within party
I am frightened for the future of my kids in Canada,YouTube,frightened future kid canada
Selected Not Elected! Call an election.,YouTube,selected elected call election
"So are we finally going to get a election or is this guy just going to stall for as long as possible… ah who am I kidding, it will be the latter",YouTube,finally going get election guy going stall long possible kidding latter
You probably didn’t vote for Trudeau though either… even if you did vote liberal you only voted for your MP.,YouTube,probably didnt vote trudeau though either even vote liberal voted
There is hope for our future!,YouTube,hope future
He can kind of speak french but he has no seat in the Hoc. Disqualified if you ask me,YouTube,kind speak french seat hoc disqualified ask
Carney was installed like a toilet.,YouTube,carney installed like toilet
Doesn’t even look or feel honest or smooth,YouTube,doesnt even look feel honest smooth
"King Charles...

I really love to see Canada independent from the commonwealth and be 100% it's own country!",YouTube,king charles really love see canada independent commonwealth 100 country
He's not my PM never have or never vote Liftist Liberal.,YouTube,never never vote liftist liberal
He can outsmart the Dumb across the street and Ford can out Trump the TRUMP its a good combination im Conservative all my life..im voting for who ever can cause the most pain to TRUMP,YouTube,outsmart dumb across street ford trump trump good combination conservative lifeim voting ever cause pain trump
"Interim Primie Minister. Very important. He was given the role due to attrition, not democratic vote. His first act must be to call an election so the people of Canada can choose someone to administer--not 'run' or rule or even steer!--the country.",YouTube,interim primie minister important given role due attrition democratic vote first act must call election people canada choose someone administernot run rule even steerthe country
"Congratulations, Prime Minister Carney.🎉",YouTube,congratulation prime minister carney
Very unfortunate day for Canada with this pm being sworn in,YouTube,unfortunate day canada sworn
Anyone who is complaining they didn’t elect him is their fault. All you needed to do was register,YouTube,anyone complaining didnt elect fault needed register
I must have missed the election.,YouTube,must missed election
whats the point of this? there will a new PM in 6 months,YouTube,whats point new month
You will be remembered as the shortest serving Prime Minister in history. Liz Truss of Canada😆,YouTube,remembered shortest serving prime minister history liz truss canada
"Conservatives: ""Trudeau must step down!!!""

Also, Conservatives when Trudeau steps down: ""Carney was never elected in the first place!!!""",YouTube,conservative trudeau must step also conservative trudeau step carney never elected first place
"I am hoping he wins the federal election. He has a PhD in economics and that is just what Canada needs as a prime minister, someone who understands and can manage Canada's economy with experience and expertise.",YouTube,hoping win federal election phd economics canada need prime minister someone understands manage canada economy experience expertise
A literal CENTRAL BANKER as your PM.... Wow. Just wow. 😔,YouTube,literal central banker wow wow
Keeping my fingers crossed that he takes his oath with the upmost respect and seriously.,YouTube,keeping finger crossed take oath upmost respect seriously
Yeah... Who cares if we live in shoebox apartments and can't afford anything! It's all about hurting Trump! 🤦🏻‍♂️,YouTube,yeah care live shoebox apartment afford anything hurting trump
Maybe somebody can get along with him to some degree unlike Trudeau and Freeland who want to keep 'poking the bear' based on their personal animus for the man and his politics.,YouTube,maybe somebody get along degree unlike trudeau freeland want keep poking bear based personal animus man politics
You know there is nothing wrong with holding both opinions right. We wanted Trudeau to step down and we want election. Does that make sense now?,YouTube,know nothing wrong holding opinion right wanted trudeau step want election make sense
What a disaster,YouTube,disaster
"To all the people crying ""he's unelected"", need to go back to civics class. Canadians elected the Liberal Party. The Liberal Party elected Carney. That's how it works. Go to the USA if you want to vote for your head of state directly.",YouTube,people cry unelected need back civics class canadian elected liberal party liberal party elected carney thats work usa want vote head state directly
"DIDN'T VOTE FOR HIM
Are we still a Democracy?
Asking for a confused American.",YouTube,vote still democracy asking confused american
Let's hope it's the shortest prime ministerial term in Canadian history.,YouTube,let hope shortest prime ministerial term canadian history
I’m not seeing any liberal comments in this comment section. Very weird,YouTube,seeing liberal comment comment section weird
Call an early election now!!,YouTube,call early election
He said it French because he's a liar,YouTube,said french liar
"Great, a PM with absolutely NO mandate, not even a seat.  And people think he'll help.",YouTube,great absolutely mandate even seat people think hell help
The king has no say in our land neither does any liberal or NDP politician.,YouTube,king say land neither liberal ndp politician
Now call an election so we can elect a competent person to do the job.,YouTube,call election elect competent person job
"Unelected and unwanted!

Call a damn election",YouTube,unelected unwanted call damn election
Election please. a small percentage of the elite voted for this clown. We the people did not,YouTube,election please small percentage elite voted clown people
No one has elected him!!! Shame on!!,YouTube,one elected shame
Of course there is going to be an election 🙄 Why are so many conservatives freaking out? Relax.,YouTube,course going election many conservative freaking relax
Just disgusting !! Carney is a clown.,YouTube,disgusting carney clown
The old garbage is gone and the new pile now grows! Hail Hydra!😅,YouTube,old garbage gone new pile grows hail hydra
The prime minister we need for right now,YouTube,prime minister need right
JTrudeau could now enjoy time with his family. Thank you for saving Trudeau from getting hurt!,YouTube,jtrudeau could enjoy time family thank saving trudeau getting hurt
"He’s not my Prime Minister. He was voted in by 151,000 people. The other 36 million Canadians don’t appear to get a voice.  Is this democracy? We need some reform in our political system.  When asked I would say we are a country without a Prime Minister.",YouTube,he prime minister voted 151000 people million canadian dont appear get voice democracy need reform political system asked would say country without prime minister
why did he insist on the right side of the governor ?,YouTube,insist right side governor
"More Canadians voted for the Conservative Party, actually...",YouTube,canadian voted conservative party actually
@SkullLeader  I never said Liberals won the popular vote.,YouTube,never said liberal popular vote
If you’re American this doesn’t really seem like a you problem,YouTube,youre american doesnt really seem like problem
Ya somehow this made him number 1 with no plan,YouTube,somehow made number plan
"Actually, the King has quite a lot of say, who do you think is going to hand you over to the Yanks? 😂",YouTube,actually king quite lot say think going hand yank
"any liberal member could vote for the liberal party leader, so canadian people did vote for him..",YouTube,liberal member could vote liberal party leader canadian people vote
Ya any could minus the 250k that couldn't,YouTube,could minus 250k couldnt
lmfao 😆😅🤣😂,YouTube,lmfao
HE IS NOT MY [PM] and never will be as God be my trust,YouTube,never god trust
"A very sad day for canada, can't wait for Trump to take over",YouTube,sad day canada wait trump take
Congrats! Now time to work on the economy and call the election so I can vote for you Mr. Carney.,YouTube,congrats time work economy call election vote carney
Congratulations Prime Minister Mark Carney. Long live Democracy in 🇨🇦Canada🇨🇦.,YouTube,congratulation prime minister mark carney long live democracy canada
"PM Carney is right, a gd carnival",YouTube,carney right carnival
People want him gone but dont even vote,YouTube,people want gone dont even vote
Give him a break guys. Dont be like Americans and their maga crap. We are better than that. You have to power to vote when election comes,YouTube,give break guy dont like american maga crap better power vote election come
Carney Swears Allegiance to the King 👑 He kisses the ring.,YouTube,carney swears allegiance king kiss ring
Marx Carnage has no business being appointed to this  position. Election now,YouTube,marx carnage business appointed position election
SAD DAY FOR CANADIANS.,YouTube,sad day canadian
You can smell the bull 💩 from space,YouTube,smell bull space
Don’t trust this guy at all!!!!!!!,YouTube,dont trust guy
Congratulations.  Mark. 👍,YouTube,congratulation mark
Will he work for minimum wage?,YouTube,work minimum wage
WEF INSTALLED PUPPET!!! HE WILL BE 🩸🩸🩸🩸🩸,YouTube,wef installed puppet
WEF just changed its representative (agent) in Canada. So don`t expect any changes. At least not for better.,YouTube,wef changed representative agent canada dont expect change least better
"This guy is nobody’s PM, election NOW",YouTube,guy nobody election
Canadian Kamala,YouTube,canadian kamala
why would they even bother doing this right now what a waste of time,YouTube,would even bother right waste time
I am happy!,YouTube,happy
"There's quite a lot of bull 💩 up there already mate, might be hard to differentiate the specific odor 😂",YouTube,there quite lot bull already mate might hard differentiate specific odor
Sad day :(,YouTube,sad day
Nobody in these comments has even a vague understanding of how this works lol,YouTube,nobody comment even vague understanding work lol
Time for an election. bye bye Carney it's been a slice,YouTube,time election bye bye carney slice
It would be better for you Canadians under Trump😅,YouTube,would better canadian trump
I guess must have very recently forgot to vote or missed something,YouTube,guess must recently forgot vote missed something
The architect of the Carbon tax has ties to Ghislaine Maxwell that go way back. I'd bet he's on the list.,YouTube,architect carbon tax tie ghislaine maxwell way back bet list
🇨🇦 CANADA 🇨🇦 Needs Mark carney to do good 👍 Welcome 🤗 Mr  Prime Minister. Please fight hard for us.  🇨🇦 Team 🇨🇦 Canada 🇨🇦,YouTube,canada need mark carney good welcome prime minister please fight hard team canada
Installed by the wef,YouTube,installed wef
This guy looks like the evil Mr. Rogers.,YouTube,guy look like evil rogers
No one voted for him.,YouTube,one voted
Call an election coward !,YouTube,call election coward
Canada screwed 2.0,YouTube,canada screwed
Let’s go! We’re not guaranteed a conservative government anymore!,YouTube,let guaranteed conservative government anymore
"Unelected Dictator

Oh Canada 🇨🇦",YouTube,unelected dictator canada
"Nobody elected him to parliament. He is just an EGOManiac Elitist.
             NOT MY PRIME MINISTER",YouTube,nobody elected parliament egomaniac elitist prime minister
"Ok nice, when does Canada get an election??",YouTube,nice canada get election
"Call the election now. 
No more wef",YouTube,call election wef
ITS FUNNY HOW A FINANCE ADVISOR IS NOW PM AND LOOK AT OUR DEDT NOW HMMM LET THAT SINK IN,YouTube,funny finance advisor look dedt hmmm let sink
"I think he's the right choice, and ALSO think we need an election right quick so we can do that properly.",YouTube,think right choice also think need election right quick properly
Canada's democracy in action!,YouTube,canada democracy action
"They control your central bank, it's convenient 😂",YouTube,control central bank convenient
"""we have infiltrated the cabinets in Canada"" and that was before Carney. ☠️",YouTube,infiltrated cabinet canada carney
More like Mr Burns 😂,YouTube,like burn
How can you be Prime Minister without winning an election? Our political system is messed up. Time to become the 51st state,YouTube,prime minister without winning election political system messed time become 51st state
Are ze bugz on the menu at the luncheon that follows?  Or are those just intended for the regular tax paying people?,YouTube,bugz menu luncheon follows intended regular tax paying people
"Same circus, different clown!",YouTube,circus different clown
another disaster Pm for canada,YouTube,another disaster canada
He and Kim Campbell can hold hands now for the shortest term as PM,YouTube,kim campbell hold hand shortest term
This guy shouldn’t be anywhere near this office.,YouTube,guy shouldnt anywhere near office
Canadian never voted for this guy.,YouTube,canadian never voted guy
0:38 He broke the 4th wall,YouTube,038 broke 4th wall
😂 we need a strong PM one like Trump 😅is the  only solution 😮,YouTube,need strong one like trump solution
Same bus.. just a different bus driver..,YouTube,bus different bus driver
Now all that's left to see is if he has the balls to do the job properly.,YouTube,thats left see ball job properly
Trudeau quit....This guy isn't it.,YouTube,trudeau quitthis guy isnt
Canada=British Colony,YouTube,canadabritish colony
"Interesting, he swore alligence to the Crown in both offical languages, didn't mention anything about you chaps. 😂",YouTube,interesting swore alligence crown offical language mention anything chap
"But no one elected him. The time trudeau stepped down, as party leader and PM, we should have gone to election",YouTube,one elected time trudeau stepped party leader gone election
Praying for wisdom for our new leader and advisors!,YouTube,praying wisdom new leader advisor
Let's hope he does a better job than JT.,YouTube,let hope better job
"The Case for Abolishing the Westminster System and Embracing a Canadian Republic
The Westminster system of governance, while rooted in the traditions of British colonial rule, is fundamentally flawed when applied to a modern and independent nation like Canada. The Westminster model concentrates too much power in the hands of the executive, leaving citizens at the mercy of an unchecked ruling class. The Monarchy, though ceremonial, undermines democratic sovereignty by vesting too much power in a distant, foreign figurehead, and the Governor General, though theoretically neutral, is an unelected representative of this monarchy who holds sway over significant political decisions. These systems weaken the foundational principles of self-governance, personal liberty, and accountability that are essential for a truly free nation.

Instead of maintaining this outdated system, Canada should shift toward a Republican form of government, grounded in the principles of Representative Democracy, where the power rests with the people, not a monarchy or aristocracy. This transition would reflect the true spirit of democratic ideals, recognizing that the people are the ultimate source of power and sovereignty.

In such a Canadian Republic, the rights of the people would no longer be granted by the government or subject to the whims of those in power. They would be immutable, inherent to each individual as God-given. These rights would not be privileges to be bestowed by those in power but would be the foundation of a social contract based on the recognition of each person’s dignity, freedom, and autonomy. The government’s primary role would be to protect and preserve these inalienable rights, not to restrict or manipulate them for political gain.

1. The Right to Self-Governance: Replacing Monarchy with the People's Sovereignty
The first and most fundamental argument for abolishing the Westminster system is the need to reject hereditary power. The idea that the head of state is unelected and inherited is inherently undemocratic. The Monarchy, and by extension the Governor General, are remnants of an imperial era that has no place in a modern, free society. In the spirit of the American Revolution and the founding fathers, we must recognize that the sovereignty of the Canadian people should never rest in the hands of an unelected monarch or their representatives. Power must flow from the people, not from a system that preserves the elitism of distant royals.

A Canadian Republic would empower the citizens to elect their head of state, ensuring that the leader of the country is truly accountable to the people. No longer would citizens be subject to the whims of a foreign monarchy or a government that operates in a shadowy, undemocratic manner. Instead, Canadians would have the ability to directly shape the direction of their country through free elections and a direct democratic process.

2. The Inalienable Rights of Citizens: God-Given, Not Government-Given
Another key argument in favor of abolishing the Westminster System and moving towards a Canadian Republic is the establishment of an immutable constitution that recognizes God-given rights. Under the current system, rights and freedoms are often viewed as privileges that the government can grant or revoke at its discretion. This arrangement creates a dynamic where the government becomes the arbitrary decider of who has access to rights, and under what circumstances.

In contrast, a Canadian Republic would base its Constitution on the principle that rights are inherent to every individual and cannot be revoked by the state. These rights, which include freedom of speech, religion, property, self-defense, and the pursuit of happiness, are inalienable. They are God-given, and as such, they cannot be infringed upon by any government.

The establishment of a Republic with an immutable constitution ensures that citizens' fundamental liberties are protected from the whims of political elites or temporary majorities. It solidifies the principle that personal liberty and individual rights are the bedrock of any just society.

3. A Government of Limited Powers: Inspired by the U.S. Founding Fathers
The American Revolution laid the groundwork for the idea that a limited government is essential to protect individual liberty. The U.S. Constitution enshrines principles that emphasize the importance of a separation of powers, a check and balance system, and the protection of individual rights through a Bill of Rights. These principles were born out of the recognition that too much concentrated power in the hands of a central government can threaten freedom.

The Canadian Republic could draw inspiration from these principles, establishing a government that is limited and accountable to the people. Federalism would ensure that local and regional governments retain significant authority, while the central government is empowered only to protect the rights of individuals and maintain national security. Legislative power would be checked by an independent judiciary, ensuring that laws are both fair and constitutional.

Moreover, the Canadian President or Prime Minister would be directly elected by the people, ensuring accountability to those they serve. In contrast to the Westminster model, where the executive power is often held by a political elite, a directly elected head of state would be bound to represent the interests of the people, rather than a distant crown or the interests of powerful elites.

4. A More Transparent and Accountable System
Finally, the Westminster system fosters an opaque, elitist political structure that protects the status quo and impedes genuine reform. This system often encourages party loyalty over principle, and partisan politics can lead to corruption, inefficiency, and a lack of accountability to the people.

By adopting a Canadian Republic, we can shift towards a more transparent, directly accountable, and people-centered system of governance. A Republic would break down the old hierarchical systems and replace them with a system where the people are truly in control of their own future. Electoral reforms, such as proportional representation, could be implemented to ensure that every voice is heard and that no group is left out of the democratic process.

Conclusion: A New Era for Canada
In conclusion, Canada has outgrown the Westminster system and the vestiges of imperial rule. A Canadian Republic, grounded in the principles of Representative Democracy, personal liberty, and inalienable rights, is the way forward for a truly free and just society. Inspired by the ideals of the American Revolution, we can build a new government—one that is accountable to the people, protects our fundamental rights, and limits the power of the state. A government that operates under an immutable constitution that recognizes that our rights come from God, not from any government, would truly be the fulfillment of a just and free nation.

It is time to abolish the Westminster system and forge a new path—one that respects the sovereignty of the people and ensures that the government serves and protects us, rather than oppressing us.

This argument for a Canadian Republic emphasizes individual liberty, inalienable rights, and self-governance, with a focus on personal responsibility and a government accountable to the people, drawing on the wisdom and principles of the American founders. What are your thoughts on the direction this could take?",YouTube,case abolishing westminster system embracing canadian republic westminster system governance rooted tradition british colonial rule fundamentally flawed applied modern independent nation like canada westminster model concentrate much power hand executive leaving citizen mercy unchecked ruling class monarchy though ceremonial undermines democratic sovereignty vesting much power distant foreign figurehead governor general though theoretically neutral unelected representative monarchy hold sway significant political decision system weaken foundational principle selfgovernance personal liberty accountability essential truly free nation instead maintaining outdated system canada shift toward republican form government grounded principle representative democracy power rest people monarchy aristocracy transition would reflect true spirit democratic ideal recognizing people ultimate source power sovereignty canadian republic right people would longer granted government subject whim power would immutable inherent individual godgiven right would privilege bestowed power would foundation social contract based recognition person dignity freedom autonomy government primary role would protect preserve inalienable right restrict manipulate political gain right selfgovernance replacing monarchy people sovereignty first fundamental argument abolishing westminster system need reject hereditary power idea head state unelected inherited inherently undemocratic monarchy extension governor general remnant imperial era place modern free society spirit american revolution founding father must recognize sovereignty canadian people never rest hand unelected monarch representative power must flow people system preserve elitism distant royal canadian republic would empower citizen elect head state ensuring leader country truly accountable people longer would citizen subject whim foreign monarchy government operates shadowy undemocratic manner instead canadian would ability directly shape direction country free election direct democratic process inalienable right citizen godgiven governmentgiven another key argument favor abolishing westminster system moving towards canadian republic establishment immutable constitution recognizes godgiven right current system right freedom often viewed privilege government grant revoke discretion arrangement creates dynamic government becomes arbitrary decider access right circumstance contrast canadian republic would base constitution principle right inherent every individual revoked state right include freedom speech religion property selfdefense pursuit happiness inalienable godgiven infringed upon government establishment republic immutable constitution ensures citizen fundamental liberty protected whim political elite temporary majority solidifies principle personal liberty individual right bedrock society government limited power inspired founding father american revolution laid groundwork idea limited government essential protect individual liberty constitution enshrines principle emphasize importance separation power check balance system protection individual right bill right principle born recognition much concentrated power hand central government threaten freedom canadian republic could draw inspiration principle establishing government limited accountable people federalism would ensure local regional government retain significant authority central government empowered protect right individual maintain national security legislative power would checked independent judiciary ensuring law fair constitutional moreover canadian president prime minister would directly elected people ensuring accountability serve contrast westminster model executive power often held political elite directly elected head state would bound represent interest people rather distant crown interest powerful elite transparent accountable system finally westminster system foster opaque elitist political structure protects status quo impedes genuine reform system often encourages party loyalty principle partisan politics lead corruption inefficiency lack accountability people adopting canadian republic shift towards transparent directly accountable peoplecentered system governance republic would break old hierarchical system replace system people truly control future electoral reform proportional representation could implemented ensure every voice heard group left democratic process conclusion new era canada conclusion canada outgrown westminster system vestige imperial rule canadian republic grounded principle representative democracy personal liberty inalienable right way forward truly free society inspired ideal american revolution build new governmentone accountable people protects fundamental right limit power state government operates immutable constitution recognizes right come god government would truly fulfillment free nation time abolish westminster system forge new pathone respect sovereignty people ensures government serf protects rather oppressing argument canadian republic emphasizes individual liberty inalienable right selfgovernance focus personal responsibility government accountable people drawing wisdom principle american founder thought direction could take
"Don't worry, Canada's real head office is in Washington DC, you guys need to learn more about where you live 😂",YouTube,worry canada real head office washington guy need learn live
sure we did,YouTube,sure
@yourmaker8786  it's totally corruption government.,YouTube,totally corruption government
That’s not how our system works.,YouTube,thats system work
@ I know but it doesn’t make sense,YouTube,know doesnt make sense
How can an unelected person be PM….. ?,YouTube,unelected person
Now is time to get a new PM. As we got a plant in his place.,YouTube,time get new got plant place
"Sickening, an UNelected employee being given this position at this time. ELECTION NOW!!",YouTube,sickening unelected employee given position time election
Get that Carney outa town,YouTube,get carney outa town
Communist Carney.,YouTube,communist carney
Call and win the election now!!!,YouTube,call win election
No Canadian flags! Release your investments portfolio now!!!!,YouTube,canadian flag release investment portfolio
Where are the flags of Canada?,YouTube,flag canada
"People in the comments section don't understand how our elections work.

We elected a liberal government, then that government selects their prime minister, like what just happened.

This very situation has happened with a conservative government, like Kim Campbell.",YouTube,people comment section understand election work elected liberal government government selects prime minister like happened situation happened conservative government like kim campbell
Don’t get comfortable,YouTube,dont get comfortable
"Now, we just have to do everything we can do to make sure he stays 💁🏻‍♀😅",YouTube,everything make sure stay
"Know what the demon possessed lust after most, they will even use fraud.

Self exaltation",YouTube,know demon possessed lust even use fraud self exaltation
These commenters don’t know anything about politics,YouTube,commenters dont know anything politics
How can this happen...we as Canadians should vote,YouTube,happenwe canadian vote
Should he not have a seat in parliament for this to be legal?????????,YouTube,seat parliament legal
What when did the 666th Pm get his thrown?,YouTube,666th get thrown
Dark days for Canada,YouTube,dark day canada
I can't wait to get out of this country,YouTube,wait get country
no offence... no one voted for him but he can become pm of the people?,YouTube,offence one voted become people
"If you see what eby is doing in bc, you know carney will also do the same thing,so no election",YouTube,see eby know carney also thingso election
"It's time to usher Canada into a new era of strength, respect and long term prosperity 🙏",YouTube,time usher canada new era strength respect long term prosperity
"Looking very Prime Ministerial, we welcome you with open arms! Bravo!!!",YouTube,looking prime ministerial welcome open arm bravo
What a joke. This country is a joke,YouTube,joke country joke
"Subaru: ""Hehe, 24"" (holds in laughter)",YouTube,subaru hehe hold laughter
"I guess anyone rich and well connected can become PM. We, the West, always talk about how we're free and we can become anything we want if we work hard enough but this just shows how nonsensical it is and we're really not all that different from places like China.",YouTube,guess anyone rich well connected become west always talk free become anything want work hard enough show nonsensical really different place like china
"Congratulations Mr Carney, good luck going forward! ❤️🇨🇦",YouTube,congratulation carney good luck going forward
"Another Biden , but Canadian.  Lolololololol",YouTube,another biden canadian lolololololol
Great! Now call an election,YouTube,great call election
If you asked AI to create a used car salesman.,YouTube,asked create used car salesman
"Sweet, did he call an election yet?",YouTube,sweet call election yet
"🇫🇷Dieu sauve Charles III, le roi du Canada! 🇨🇦 God save Charles III The King of Canada!🇬🇧",YouTube,dieu sauve charles iii roi canada god save charles iii king canada
More lies?!,YouTube,lie
"Before you comment.
Make sure you do some researching from bipartisan sources.",YouTube,comment make sure researching bipartisan source
now he can put the emergency act to have the unlimited power hail your new emperor ...,YouTube,put emergency act unlimited power hail new emperor
Epstein list we know!!!!!!!!!!!,YouTube,epstein list know
"He is not my Pm - doesn’t say much of a person integrity when he accepts a position that the people of Canada did not vote for, but e should not be surprised by his as he has taken credit for things that he had no business taking credit for.   What an imposter",YouTube,doesnt say much person integrity accepts position people canada vote surprised taken credit thing business taking credit imposter
System is in place. Challenge your system - not him!,YouTube,system place challenge system
"VS PP who took 11 years to do a 3 year degree? LMAO. Education is  a GOOD thing. This guy has what it takes, and that's why the polls are changing.",YouTube,took year year degree lmao education good thing guy take thats poll changing
"@AlyssaSouthSide  then why did he think installing a carbon tax wouldn't cost us consumers money? Right he knows so much that people in the UK despise him for how badly he managed them there. 

At least PP is elected. I rather take him than a banker any day. A banker is not your friend and never will be your friend. Bankers will sell their country's for a dime if they could.",YouTube,think installing carbon tax wouldnt cost consumer money right know much people despise badly managed least elected rather take banker day banker friend never friend banker sell country dime could
"Libs say this is how canada is.

Ok that's not good. We don't elect senators, that's not good.

We don't elect judges, that's not good.

We don't elect a pm, how a minority government gets to lead is beyond me.

Maybe canada should vote their representatives in and then canadians can vote the pm from those people.

This isnt democracy. You can whine this is how canada does it but that doesn't mean it's democracy.",YouTube,libs say canada thats good elect senator thats good elect judge thats good elect minority government get lead beyond maybe canada vote representative canadian vote people isnt democracy whine canada mean democracy
Just keeping the seat warm for Pierre bud,YouTube,keeping seat warm pierre bud
We have a good business man in charge. Good Luck and represent us well!,YouTube,good business man charge good luck represent well
Its official we have become a Banana Republic...,YouTube,official become banana republic
A sad day for cdn democracy,YouTube,sad day cdn democracy
Carney marks the spot! 💪🇨🇦,YouTube,carney mark spot
"Call the election, Rockstar!    🪨 🌟",YouTube,call election rockstar
He cant even speak french. There goes the quebec vote,YouTube,cant even speak french go quebec vote
look at all the russian bots in this post isnt it funny,YouTube,look russian bot post isnt funny
"Canadian banana republic ""democracy""",YouTube,canadian banana republic democracy
"Dude should be exiled, not unlawfully put in as an unelected leader.",YouTube,dude exiled unlawfully put unelected leader
did I miss an election???,YouTube,miss election
this makes my skin crawl,YouTube,make skin crawl
What a joke! Carneys carnival,YouTube,joke carneys carnival
call an election markus,YouTube,call election markus
Why do you still swear loyalty to the king,YouTube,still swear loyalty king
"The prime minister that nobody voted for 
Thanks Canada",YouTube,prime minister nobody voted thanks canada
For WEF to completely destroy taxpayer's standard of living?,YouTube,wef completely destroy taxpayer standard living
Bots and their emoticons,YouTube,bot emoticon
Beginning of the end of Canada,YouTube,beginning end canada
Finally a leader who has a brain and a RESUME. ABOUT DAMN TIME.,YouTube,finally leader brain resume damn time
pray tell me a Prime Minister is the first minister.. he is not yet a minister...  he holds various  citizenship this should not be allowed? This is corrupt period... we need to rewrite this if it is legal.. this is a disgrace,YouTube,pray tell prime minister first minister yet minister hold various citizenship allowed corrupt period need rewrite legal disgrace
"I like that he doesn’t,t use a big sharpie",YouTube,like doesntt use big sharpie
Why speak in French first?,YouTube,speak french first
Absolute garbage. How are foolish are people????,YouTube,absolute garbage foolish people
WEF's next best thing to destroy canadian taxpayers standard of living.,YouTube,wefs next best thing destroy canadian taxpayer standard living
Carney is not my Prime Minister. Charles is not my king.,YouTube,carney prime minister charles king
Election now! We are so far away from the will of the Canadian people!,YouTube,election far away canadian people
Congrats Mr Carney 😊,YouTube,congrats carney
I wanna hear what policies you're going to bring in and then for you to call an election,YouTube,wan hear policy going bring call election
"Truly, a sad day for Canada. The duopoly cemented through installation. The working class is broken, not knowing where to turn. Gig economy and pittance UBI on there way within 10 years",YouTube,truly sad day canada duopoly cemented installation working class broken knowing turn gig economy pittance ubi way within year
😂😂😂😂 not a serious country...,YouTube,serious country
feels so corrupt,YouTube,feel corrupt
And this guy's going to liquidate the assets 😂,YouTube,guy going liquidate asset
"Yes the PM position is defacto, and he's the King of the land, not the people, your here because you contribute to the upkeep with your tax dollars 😂",YouTube,yes position defacto king land people contribute upkeep tax dollar
Get out there !  We want election.,YouTube,get want election
embarrassing.,YouTube,embarrassing
Peep freeland tweaking as per usual,YouTube,peep freeland tweaking per usual
Good to know that he practiced his French this time,YouTube,good know practiced french time
Election time. Pierre for PM,YouTube,election time pierre
"Trump quicksand…..Lol
We are watching the greatest show on earth",YouTube,trump quicksandlol watching greatest show earth
"Dear Banks of Canada and England, and the King of course, thank you for tightening the reins of power in this time of great changes. lol",YouTube,dear bank canada england king course thank tightening rein power time great change lol
How is this even allowed lol what,YouTube,even allowed lol
"he seems like a pretty personal guy, still a banker though",YouTube,seems like pretty personal guy still banker though
Can someone say dictatorship..Who elected this guy..God save the King...,YouTube,someone say dictatorshipwho elected guygod save king
Gross,YouTube,gross
Disgraceful,YouTube,disgraceful
How is this even possible!!!,YouTube,even possible
And the gong show continues. I’m gonna pack my bags and move to Narnia now. 🌁🌄,YouTube,gong show continues gon pack bag move narnia
Remind me what electoral district he is MP for?,YouTube,remind electoral district
"Total bull crap ,during a crisis with our number one trading partner",YouTube,total bull crap crisis number one trading partner
"Better call and election, you see selected not elected",YouTube,better call election see selected elected
He is Rishi Sunak of Canada,YouTube,rishi sunak canada
"Well, you see, they created a system for themselves and convinced us it was for our benefit, people still believe this, in droves 😂",YouTube,well see created system convinced benefit people still believe drove
He is a placeholder call an election.,YouTube,placeholder call election
Finance bro as PM,YouTube,finance bro
A Big Mistake in Canada.,YouTube,big mistake canada
How the actual... How is HE the Prime Minister???,YouTube,actual prime minister
So many crybabies in here...,YouTube,many crybaby
How about an election by the people! Eh,YouTube,election people
BOOOOO,YouTube,booooo
WEF vs Canada 🇨🇦,YouTube,wef canada
This is wrong I say.Terribly wrong.,YouTube,wrong sayterribly wrong
❤ Go Canada!!❤,YouTube,canada
This guy is a joke,YouTube,guy joke
"So proud of Mr. Carney.   People need to look at his track record.   It's amazing!   We need to look at merit and he has merit far beyond any other person in Canada.   Education in the top global universities, Governor of the Bank of Canada and Governor of the Bank of England.   Has worked all over the world and understands the different cultural sensitbilities.   He's the man to do the job.   Traditionally I'm not a liberal voter but I have so much confidence in Mr. Carney I will vote for the liberal because he's smart, mature, responsible, respectful and states the fact.",YouTube,proud carney people need look track record amazing need look merit merit far beyond person canada education top global university governor bank canada governor bank england worked world understands different cultural sensitbilities man job traditionally liberal voter much confidence carney vote liberal smart mature responsible respectful state fact
He said he is calling an election asap,YouTube,said calling election asap
Wheres the puke button. Canada is screwed.,YouTube,wheres puke button canada screwed
The trolls are out in full force trying to screw with the next election,YouTube,troll full force trying screw next election
Guy who moved his businesses to USA.,YouTube,guy moved business usa
Its sad and disappointing that a lot of Canadians have no clue how Canadian politics works. Probably never even voted.,YouTube,sad disappointing lot canadian clue canadian politics work probably never even voted
Welp were done for,YouTube,welp done
Definitely voting Carney.   Never maga Pierre,YouTube,definitely voting carney never maga pierre
Nobody  voted for the guy,YouTube,nobody voted guy
When did I vote for him? 🤔,YouTube,vote
But how does this happen if we never elected him?,YouTube,happen never elected
This guy will get crushed if ever we get a fair election,YouTube,guy get crushed ever get fair election
The devil is now on his throne.,YouTube,devil throne
"Moi, I would also like to become prime minister please",YouTube,moi would also like become prime minister please
Trudeau part 2.,YouTube,trudeau part
❤ from Ottawa,YouTube,ottawa
Federal election asap,YouTube,federal election asap
Here we go again push for an election quick go Pierre 😂,YouTube,push election quick pierre
Steward of Gondor,YouTube,steward gondor
"Not my prime minister, was not voted in by the people.",YouTube,prime minister voted people
@CTV I hope you are looking in your comments.,YouTube,hope looking comment
"Apointed, not elected.",YouTube,apointed elected
keep telling yourself that,YouTube,keep telling
"87% voted for him, dummy!",YouTube,voted dummy
Awful.,YouTube,awful
❤welcome Pm,YouTube,welcome
What a show!,YouTube,show
Canada's last prime minister,YouTube,canada last prime minister
Nothing there for me.,YouTube,nothing
Musical Chairs,YouTube,musical chair
So anybody can run  now. You dont need to be a mp anymore. Im running to.,YouTube,anybody run dont need anymore running
What riding was he elected in?,YouTube,riding elected
Congratulations sir,YouTube,congratulation sir
"he serves the king, not the canadians",YouTube,serf king canadian
Funny ... his french. Useless,YouTube,funny french useless
Winning times ahead folks,YouTube,winning time ahead folk
51st state now!,YouTube,51st state
No one voted for him 😂😂😂 he was The finance minister for the last leader and look how that turned out,YouTube,one voted finance minister last leader look turned
"Be great if he visited China, like PM Chretien did last year great interview on CGTN Leader's Talk..Race to the Future and Modernization..Reporterfy Media-Cyrus Janssen",YouTube,great visited china like chretien last year great interview cgtn leader talkrace future modernizationreporterfy mediacyrus janssen
It'll be short lived.,YouTube,itll short lived
the king is canadians head of state. so we all serve the king.,YouTube,king canadian head state serve king
He also ran the Bank of Canada for Stephen Harper (a conservative PM) look how that turned out.  Pulled through the 08 financial crisis because of him.,YouTube,also ran bank canada stephen harper conservative look turned pulled financial crisis
We don’t vote for Prime Ministers.,YouTube,dont vote prime minister
@ - he didn’t run the Bank of Canada under Trudeau.  My argument is you have no idea what you are talking about.,YouTube,didnt run bank canada trudeau argument idea talking
@ - no he wasn’t; thanks for proving my point,YouTube,wasnt thanks proving point
@jayc5373  I was wrong but still not getting my vote,YouTube,wrong still getting vote
Not elected,YouTube,elected
"The new, but hopefully short term, PM.",YouTube,new hopefully short term
If this guy is a clown that makes Trump the whole Carnival.,YouTube,guy clown make trump whole carnival
Neil McCoy Ward - The Disturbing Truth behind Canada's New Prime Minister,YouTube,neil mccoy ward disturbing truth behind canada new prime minister
Freeland is buzzing on something and huffing and puffing moving your feet and head twitching like a bobblehead 😅,YouTube,freeland buzzing something huffing puffing moving foot head twitching like bobblehead
Congrats Marj🇨🇦🇨🇦🇨🇦,YouTube,congrats marj
Never received 1 vote ... 🤣 kamala Harris 2.0,YouTube,never received vote kamala harris
Such A Crying Shame! He Has No Right To Be prime Minister! Disgusting!,YouTube,cry shame right prime minister disgusting
All i can say is do your research.,YouTube,say research
Congradulation,YouTube,congradulation
God save the king,YouTube,god save king
"They purposely shot down parliament, so they're not criticised!",YouTube,purposely shot parliament criticised
Call an election NOW!!! This guy lives in the U.S. his wife is still in New York.,YouTube,call election guy life wife still new york
What a farce.,YouTube,farce
Kim Campbell 2.0,YouTube,kim campbell
All the people complaining about not having elected him should read a book and maybe find out how our parliamentary system works.,YouTube,people complaining elected read book maybe find parliamentary system work
Barf,YouTube,barf
Hmmm,YouTube,hmmm
Our new Prime Minister Mark Carney  🙌 👊,YouTube,new prime minister mark carney
No Canadian citizen voted for this.,YouTube,canadian citizen voted
Not my king🇨🇦🇨🇦🇨🇦,YouTube,king
J'aime ton accent le grand ❤,YouTube,jaime ton accent grand
"As an American the existence of Canada has never made much sense to me. Like why does your country even exist? The map just makes so much more sense when the US controls all of North America. Your guy's country only exists for one reason: British imperialism. The British decided to keep you from being a part of the United States just so they control your land and natural resources. Literally no other reason... What kind of national identity is that? At this point the existence of Canada is tantamount to the British continuing to control Northern Ireland, or parts of Cypress, or part of Spain (Gibraltar) or part of Argentina (the Malvinas). Let's face it... You can make whataboutisms all you want or spew your propaganda but you actually can't come up with a single good reason why you shouldn't join the US.",YouTube,american existence canada never made much sense like country even exist map make much sense control north america guy country exists one reason british imperialism british decided keep part united state control land natural resource literally reason kind national identity point existence canada tantamount british continuing control northern ireland part cypress part spain gibraltar part argentina malvinas let face make whataboutisms want spew propaganda actually come single good reason shouldnt join
Canadian did NOT vote for him. Elections now,YouTube,canadian vote election
"Finally, someone who is well educated in a position of power. Love to see it! I'm excited to vote for him when he calls a re-election!",YouTube,finally someone well educated position power love see excited vote call reelection
Canada heading right down the tube's!!!,YouTube,canada heading right tube
How is this guy out PM when no one voted for him?!?!?! Call the election now,YouTube,guy one voted call election
This is ultimate corruption.,YouTube,ultimate corruption
Gross that britain is still a part of Canada... Time for the natives to take the land back..,YouTube,gross britain still part canada time native take land back
"I think you need to learn history a little more. Canada exists because a bunch of people from the states went north during/after the revolutionary war because they were loyalists of the crown, didn't support your founding fathers and didn't like the revolution. Canada/Canadian people have never and will never be with Americans/part of the USA. If anything we're more with the British. We respect our traditions.",YouTube,think need learn history little canada exists bunch people state went north duringafter revolutionary war loyalist crown support founding father like revolution canadacanadian people never never americanspart usa anything british respect tradition
Nooooooo,YouTube,nooooooo
What a joke Canada is completely  tucked,YouTube,joke canada completely tucked
Pierre Poilevre coming .,YouTube,pierre poilevre coming
TIME FOR AN ELECTION ASP!!!,YouTube,time election asp
Le accent 🫥,YouTube,accent
Quite the coup,YouTube,quite coup
Swearing  to majesty.... Not for people of Canada.. Constitutional monarchy,YouTube,swearing majesty people canada constitutional monarchy
🤣🤣🤣🤣🤣🤣🤣🤣 temporary Minister lol,YouTube,temporary minister lol
We need someone with this economic background to lead. No questions asked. Now is not time for political loyalty. It is time to think about riding the economic tide and surviving.,YouTube,need someone economic background lead question asked time political loyalty time think riding economic tide surviving
