text,Source,vader_score,textblob_score,final_sentiment,disagreement_flag
vote holy shit,Reddit,-0.5574,-0.2,Negative,No
wow expecting much blow,Reddit,0.5859,0.15000000000000002,Positive,No
surprised winner surprised margin,Reddit,0.765,0.1,Positive,No
first ballot insane,Reddit,-0.4019,-0.375,Negative,No
think trump finally clue trudeau resigned isnt trying hang power,Reddit,-0.25,0.0,Neutral,No
god crushed freeland wasnt even factor,Reddit,-0.1779,-0.1,Neutral,No
everyone wanted move anything trudeau related dont know even ran couldve email,Reddit,0.0,0.0,Neutral,No
vote wild freeland really unpopular,Reddit,0.0,0.15000000000000002,Neutral,No
shoutout mainstreet poll gave carney two week ago,Reddit,0.0,0.0,Neutral,No
thats strong win,Reddit,0.7964,0.6166666666666667,Positive,No
surprise much also really carney basically coronated liberal leader race even began he really one alternative either irrelevant people dubious foreign connection stained trudeau,Reddit,-0.1027,-0.004999999999999982,Neutral,No
wow carney got first ballot,Reddit,0.5859,0.175,Positive,No
amazing canadian didnt trust woman suggested could fix finance cancelling disney lead,Reddit,0.0767,0.6000000000000001,Neutral,No
nwt born raised edmonton well educated extremely successful career incredibly impressed year ive wanted conservative put mba businessman leader keep getting career politician like scheer carney might one best resume entering politics leader ever,Reddit,0.9459,0.9166666666666666,Positive,No
yeah pretty inevitable given history freeland know liberal lobbyist basically said done deal dont want hear dumb slogan zinger government,Reddit,0.7833,-0.041666666666666664,Positive,Yes
cheer crowd eliminating carbon tax lmao,Reddit,0.802,0.6,Positive,No
carney knocked entire thing election competitive centreleft energized atleast liberal,Reddit,0.6124,0.0,Positive,No
violently brainstorming derogatory verb carney,Reddit,-0.5859,-0.8,Negative,No
insane majority around bonkers,Reddit,-0.4019,-1.0,Negative,No
landslide vote victory,Reddit,0.0,0.0,Neutral,No
thats absolutely decisive looking forward election,Reddit,0.2944,0.2,Neutral,No
happens automatically put still need election,Reddit,0.0,0.0,Neutral,No
much surprised freeland wasnt exactly well liked,Reddit,-0.3063,0.31666666666666665,Neutral,Yes
fast rise carney well see retain momentum probably waited exact moment step ring guess see compete,Reddit,0.2732,0.225,Neutral,No
everyone absolutely shocked,Reddit,-0.3804,-0.7,Negative,No
fuck,Reddit,-0.5423,-0.4,Negative,No
voted carney think karine gould one keep eye futureshes well spoken get message clearly pose impressed,Reddit,0.7845,0.55,Positive,No
hope elbow justins,Reddit,0.4404,0.0,Positive,No
congrats mark carney mission heavy burden carry take help carry load,Reddit,0.4939,-0.2,Neutral,Yes
prime minister canada governor,Reddit,0.0,0.0,Neutral,No
election,Reddit,0.0,0.0,Neutral,No
thats slap face freeland thats deserved,Reddit,0.1531,0.0,Neutral,No
capital gain increase carbon tax gone pierre going campaign,Reddit,0.6908,0.0,Positive,No
good job stalling let get federal election start fix problem created previous gov,Reddit,0.1027,0.26666666666666666,Neutral,No
vote carney win landslide let canada,Reddit,0.5859,0.8,Positive,No
election time,Reddit,0.0,0.0,Neutral,No
landslide,Reddit,0.0,0.0,Neutral,No
think economic background served well exactly need trump tariff nonsense,Reddit,-0.1531,0.225,Neutral,Yes
landslide wow,Reddit,0.5859,0.1,Positive,No
shocking cabinet position outgoing government would scarlet letter,Reddit,-0.128,-1.0,Negative,No
pretty crazy 859 vote even though large effort register vote bad candidate corner internet probably like vote among serious liberal voter,Reddit,-0.128,-0.23380952380952377,Neutral,No
see actually immediately call election promised find reason delay,Reddit,0.0516,0.0,Neutral,No
hate term globalist man carney fit,Reddit,-0.296,-0.2,Neutral,No
liberal got vote next election,Reddit,0.0,0.0,Neutral,No
decisive victory good luck carney,Reddit,0.7783,0.7,Positive,No
crazy time canadacanadian politics,Reddit,-0.34,-0.6,Negative,No
obliterate orange moron gang melon head,Reddit,-0.7964,-0.8,Negative,No
canada spoken elbow,Reddit,0.0,0.0,Neutral,No
deleted,Reddit,0.0,0.0,Neutral,No
congrats let keep canada united,Reddit,0.7351,0.0,Positive,No
surprise,Reddit,0.2732,0.0,Neutral,No
let hope dig mess right,Reddit,0.1027,0.055357142857142855,Neutral,No
carney best outcome canada qualified candidate available also provides continuation government challenging time,Reddit,0.7003,0.6333333333333333,Positive,No
think expected carney win total vote three werent even factor seems hoping defeat later,Reddit,0.5574,0.17500000000000002,Positive,No
question carney going shed stink last year liberal failure canada new face fronting team massive legacy failure overcome even get starting line next election saved titanic sinking still got massive gash hull bow still underwater good luck carney youve got tough row hoe,Reddit,-0.2732,-0.0185858585858586,Neutral,No
utter surprise one,Reddit,0.2732,0.0,Neutral,No
process take soooooo long australia knifing happens matter hour day new next day,Reddit,0.0258,0.028787878787878782,Neutral,No
thought margin since voted tally ranked number suspect people voting carney strategically shifted freeland fourth anyone know anything stats measured know might make difference,Reddit,-0.2263,0.0,Neutral,No
surprised running chrystia freeland ffs real election,Reddit,-0.4404,0.15000000000000002,Neutral,Yes
vote come election time,Reddit,0.0,0.0,Neutral,No
noice,Reddit,0.0,0.0,Neutral,No
fucking blowout,Reddit,0.0,-0.6,Neutral,No
carney absolutely whipped competition wtf,Reddit,-0.6204,-0.15,Negative,No
let,Reddit,0.0,0.0,Neutral,No
sooner federal election happens better odds liberal,Reddit,0.4404,0.5,Positive,No
best choice let,Reddit,0.6369,1.0,Positive,No
wonder carney call election best time would first one lining vote,Reddit,0.6369,0.625,Positive,No
lfg,Reddit,0.0,0.0,Neutral,No
wow surprised,Reddit,0.6908,0.1,Positive,No
shockingly even close,Reddit,-0.1779,-1.0,Negative,No
annnnnnnd carbon tax gone ever pierre,Reddit,0.0,0.0,Neutral,No
surprised running two people trudeaus cabinet random outsider 100k people picked prime minister cant wait see tested leader,Reddit,0.2263,-0.2,Neutral,Yes
expected vote share crazy impressive give carney strong mandate party going forward really interested election april con flat footed,Reddit,0.902,0.15972222222222224,Positive,No
he got vote,Reddit,0.0,0.0,Neutral,No
french isnt great,Reddit,-0.5096,0.4,Neutral,Yes
win first ballot second third,Reddit,0.5859,0.2625,Positive,No
shocker,Reddit,-0.1531,0.0,Neutral,No
ruhroh good luck going competent person trudeau baggage cooked,Reddit,0.802,0.6,Positive,No
hope beat,Reddit,0.4404,0.0,Positive,No
finally someone high,Reddit,0.0,0.08,Neutral,No
early vote let,Reddit,0.0,0.1,Neutral,No
canada chance,Reddit,0.25,0.0,Neutral,No
really hope liberal get dumped next election,Reddit,0.1263,0.1,Neutral,No
freeland gould resign,Reddit,-0.34,0.0,Neutral,No
cooked slogan come,Reddit,0.0,0.0,Neutral,No
surprising noone great news liberal though honestly,Reddit,0.8481,0.7000000000000001,Positive,No
european stalker good pick fight trump foreign policy canada keep tariff could fold usa,Reddit,0.0772,0.19166666666666665,Neutral,No
next step carneyif want win distinguish trudeau liberal party let see go,Reddit,0.7783,0.4,Positive,No
fantastic real campaigning start interesting see new dynamic trump,Reddit,0.836,0.24727272727272726,Positive,No
trudeaus vote,Reddit,0.0,0.0,Neutral,No
polievre conservative done,Reddit,0.0,0.0,Neutral,No
yes let goooo put donald place prison,Reddit,-0.1531,0.0,Neutral,No
thats want lead someone experience need right,Reddit,0.0772,0.2857142857142857,Neutral,No
imagine wanting guy leader economic turmoil get mark,Reddit,-0.3612,0.2,Neutral,Yes
one wef stooge replacing another wef stooge sad,Reddit,-0.4767,-0.5,Negative,No
carbon tax bye bye,Reddit,0.0,0.0,Neutral,No
yeah he smart dude actually support make trump life hell,Reddit,0.25,0.10714285714285714,Neutral,No
decimate weasel,Reddit,0.0,0.0,Neutral,No
suck right,Reddit,-0.4404,0.2857142857142857,Neutral,Yes
smart guy,Reddit,0.4019,0.21428571428571427,Positive,No
remember liberal leadership race close competitive sometimes,Reddit,0.1779,0.0,Neutral,No
man hope get crushed next election,Reddit,0.0258,-0.05,Neutral,Yes
congratulation bankster carney,Reddit,0.2023,0.0,Neutral,No
fuck yeah lfgoooooooo really pissed lpc month ago damn energized carney,Reddit,-0.7346,-0.1,Negative,No
turnout vote low mostly people found registration process confusing andor errorprone look good party landslide tends show outcome inevitable regardless,Reddit,0.3818,0.18,Positive,No
let hope handle trump next couple month election pretty sure handle worst worst already governor,Reddit,-0.2023,-0.25,Neutral,No
get lil,Reddit,0.0,0.0,Neutral,No
liberal looking olp let get better leader,Reddit,0.4404,0.5,Positive,No
mark carney nationality british canadian irish,Reddit,0.0,0.0,Neutral,No
let get done,Reddit,0.0,0.0,Neutral,No
guess sorta glad since stopping maple maga seemed unlikely even month ago suck knowing going right back even disillusioned voter short time neoliberalism deliver actual improvement life,Reddit,-0.1102,0.047619047619047616,Neutral,Yes
geez wasnt fixed,Reddit,0.0,0.1,Neutral,No
supposed steady difficult march towards progress yet week ago today united state liberal party voted second time elect first woman president prime minister trudeau said adding womens right womens progress attack,Reddit,0.6705,0.16706349206349205,Positive,No
good,Reddit,0.4404,0.7,Positive,No
meanwhile trump 498 483 omg mandate,Reddit,0.0,0.0,Neutral,No
doomed,Reddit,-0.6369,0.0,Negative,No
congratulation carbon tax carney may reign short swift,Reddit,0.6908,0.0,Positive,No
good let get,Reddit,0.4404,0.7,Positive,No
coronation complete,Reddit,0.0,0.1,Neutral,No
cant wait watch lose fed election,Reddit,0.3089,0.0,Neutral,No
mean unelected prime minister must immediately call election pledge serve official opposition leader conservative end government like john turner plus liberal respected mark carneys home area western canada,Reddit,0.6808,-0.15625,Positive,Yes
guess education russo ukraine study doesnt make prime minister whoda thunk,Reddit,0.0,0.0,Neutral,No
hasnt one election democracy respectooors wild,Reddit,0.0,0.1,Neutral,No
axed tax gon beat poilievre,Reddit,-0.3182,0.0,Neutral,No
yes,Reddit,0.4019,0.0,Neutral,No
american wasnt conservative candidate idiot president wanted win carneys politics,Reddit,0.7581,0.0,Positive,No
unelected prime minister,Reddit,0.0,0.0,Neutral,No
justice ruby dhalla,Reddit,0.5267,0.0,Positive,No
another trudeau exciting,Reddit,0.4939,0.3,Positive,No
removed,Reddit,0.0,0.0,Neutral,No
win justin trudeau remains election call right imagine either byelection general election carney party leader asking believe first time leader government never appeared ballot electoral district riding,Reddit,0.7579,0.3464285714285715,Positive,No
cleo carney,Reddit,0.0,0.0,Neutral,No
better call election legitimate unelected seat nothing like democracy party pick new say,Reddit,-0.12,0.3181818181818182,Neutral,Yes
based residency requirement member even eligible member somehow he prime minister complete sham illegitimate,Reddit,0.0,-0.05,Neutral,No
relax fool real ekectil voted peoplehe caretaker till win real electionmark would never one real electionlol,Reddit,0.5859,0.35,Positive,No
lol,Reddit,0.4215,0.8,Positive,No
congrats canada new unelected,Reddit,0.5267,0.13636363636363635,Positive,No
first proclamation move canada united state avoid tariff like head office,Reddit,0.4767,0.25,Positive,No
150k vote put unelected guy office lol theyll get smoked next election,Reddit,0.4215,0.4,Positive,No
someone owes trump favor,Reddit,0.4019,0.0,Neutral,No
governor carney,Reddit,0.0,0.0,Neutral,No
irish idk feel,Reddit,-0.1027,0.0,Neutral,No
wasnt even close expected freeland higher glad decisively,Reddit,0.4588,0.21666666666666667,Positive,No
massive landslide win freeland guess many liberal voter disgruntled decision ditch trudeau even seemed right time,Reddit,0.5859,0.39642857142857146,Positive,No
crushed everyone else wow,Reddit,0.25,0.0,Neutral,No
higher 7070 poilievre leadership race,Reddit,0.0,0.25,Neutral,No
freeland train wreck,Reddit,-0.4404,0.0,Negative,No
leadership race really big stuff,Reddit,0.0,0.0,Neutral,No
mean disqualified half vote say number even higher,Reddit,-0.3612,-0.07638888888888888,Neutral,No
shy putin result last russian election,Reddit,-0.25,-0.16666666666666666,Neutral,No
150000 people voted conservative leadership race 400000 voter pay participate liberal support thin,Reddit,0.3182,-0.4,Neutral,Yes
boring uninspiring leadership telecast yawn,Reddit,-0.3182,-1.0,Negative,No
staged fake might well even vote,Reddit,-0.25,-0.5,Negative,No
859 vote,Reddit,0.0,0.0,Neutral,No
yeah thats big margarine,Reddit,0.296,0.0,Neutral,No
ranked choice voting factor people carney freeland coinflip would probably put freeland second enough separation trudeau,Reddit,0.0,0.0,Neutral,No
politically ignorant indication federal election might,Reddit,-0.2732,0.0,Neutral,No
putin lukashenko number,Reddit,0.0772,0.0,Neutral,No
might even take credit,Reddit,0.3818,0.0,Neutral,No
gon treat kind win responsible 100 lol,Reddit,0.9325,0.6,Positive,No
claim credit weak trudeau couldnt stand trump resign whatever nonsense trump belief one thing wont admit wrong,Reddit,-0.0005,-0.4375,Neutral,No
know doesnt fit narrative next lie pushed trudeau office,Reddit,-0.2755,0.2,Neutral,Yes
think might push hard fact carney wasnt put power typical election anti democratic though system think happen zelenskyy still power martial law,Reddit,-0.4019,-0.1527777777777778,Negative,No
nah orange blob get,Reddit,-0.1027,0.0,Neutral,No
nah man clever ploy trudeau remain office clearly,Reddit,0.6486,0.13333333333333333,Positive,No
monumentally stupid also care hell say whatever make look strong folk,Reddit,-0.3612,-0.18333333333333332,Negative,No
nah hell still blaming trudeau everything even hahahaha like biden,Reddit,-0.7717,0.2,Negative,Yes
good sign,Reddit,0.4404,0.7,Positive,No
stayed trudeau year long,Reddit,0.0,-0.05,Neutral,No
always remember mainstreet conservative mayoral candidate calgary 2017 election way ahead arguing threatening people challenged apologize shitting bed bad postelection pay attention poll,Reddit,-0.9201,-0.6999999999999998,Negative,No
think freeland used sacrifice make look like democratic process internally liberal already sold party carney fun conspiracy theory based fact,Reddit,0.6249,0.15,Positive,No
even know option,Reddit,0.0,0.0,Neutral,No
agreed,Reddit,0.2732,0.0,Neutral,No
since carney considered centreleft,Reddit,0.0,0.0,Neutral,No
centreleft,Reddit,0.0,0.0,Neutral,No
kooky carney pretty good really hold,Reddit,0.7269,0.3833333333333333,Positive,No
go show badly run conservative party make unlikeable little dork initial leader,Reddit,-0.3626,-0.2958333333333333,Negative,No
short period transition governor general swear able sit house common win seat whether wait october call early election opposition force election air,Reddit,0.5574,0.19166666666666668,Positive,No
seat election,Reddit,0.0,0.0,Neutral,No
automatically leader ruling party,Reddit,0.4019,0.0,Neutral,No
also dual struggle closely associated trudeau also ending bad term gould least benefited voice race willing defend trudeauera policy,Reddit,-0.7003,-0.24999999999999992,Negative,No
people expecting first ballot win carney anyone expecting,Reddit,0.5859,0.525,Positive,No
basically stole policy conservative,Reddit,0.0,0.0,Neutral,No
verbthenoun,Reddit,0.0,0.0,Neutral,No
people trust party suddenly change mind pushing shit almost decade,Reddit,0.34,-0.1,Neutral,Yes
odds earliest might get one aprilmay hell definitely wait first real melt,Reddit,-0.4404,0.15,Neutral,Yes
know mincemeat recently said wasnt hurry force election probably best time election anyways canada must saved unelected investment banker,Reddit,0.7906,0.5,Positive,No
none candidate bad least competent,Reddit,0.2235,-0.1666666666666666,Neutral,Yes
right number 400000 vote disqualified,Reddit,-0.3612,0.2857142857142857,Neutral,Yes
best thing carney could chance call election trump still dangling tariff threat still got honeymoon phase new leader trump acting worst whats turned tide liberal,Reddit,-0.3182,0.03409090909090906,Neutral,Yes
need sworn first,Reddit,0.0,0.25,Neutral,No
thats work,Reddit,0.0,0.0,Neutral,No
march marc carney seat parliament,Reddit,0.0,0.0,Neutral,No
united poverty,Reddit,-0.128,0.0,Neutral,No
maybe think alike,Reddit,0.0,0.0,Neutral,No
appointed elected,Reddit,0.0,0.0,Neutral,No
everything thats left take,Reddit,0.0,0.0,Neutral,No
he duolingo since last debate apparently lol,Reddit,0.4215,0.4,Positive,No
public talking general great,Reddit,0.6249,0.2833333333333334,Positive,No
first,Reddit,0.0,0.25,Neutral,No
real work experience directed,Reddit,0.0,0.2,Neutral,No
chance another decade poverty yay,Reddit,0.2732,0.0,Neutral,No
carney almost certainly appoint cabinet,Reddit,0.2748,0.21428571428571427,Neutral,No
lol carney debate way handled race debate hard balled interview honestly doubt,Reddit,0.4404,0.36944444444444446,Positive,No
sell canada elite,Reddit,0.0,0.0,Neutral,No
going put stop wage suppressing mass immigration crisis liberal created,Reddit,-0.6486,0.0,Negative,No
please didnt even know month ago he wef puppet like trudeau wasnt even elected,Reddit,0.5859,0.0,Positive,No
prefer life long political attack dog toronto lawyer let party drift black hole,Reddit,-0.1027,-0.07222222222222223,Neutral,No
well fairness liberal leadership election similar republican primary trump landslide big carney still vote,Reddit,0.2732,0.13333333333333333,Neutral,No
said going get rid,Reddit,0.0,0.0,Neutral,No
turner turner,Reddit,0.0,0.0,Neutral,No
coronation guy come desperate angle,Reddit,-0.3182,-0.6,Negative,No
liberal win coming poillieve sinking party faster say security clearance,Reddit,0.836,0.8,Positive,No
poll would indicate wont,Reddit,0.0,0.0,Neutral,No
would dont vote prime minister vote member parliament he law convention,Reddit,0.0,0.0,Neutral,No
liberal party leader election federal election,Reddit,0.4019,0.0,Neutral,No
opposition party conservative party canada leader pierre poilievre akin democratic party voting leader party canada leader party becomes prime minister party win riding,Reddit,0.9584,0.8,Positive,No
funny vote prime minister come election time exactly,Reddit,0.4404,0.25,Positive,No
interim,Reddit,0.0,0.0,Neutral,No
wouldve kick,Reddit,0.0,0.0,Neutral,No
kidding,Reddit,0.1027,0.0,Neutral,No
original thought parroting peremptory attack ad,Reddit,-0.2023,0.375,Neutral,Yes
pierre,Reddit,0.0,0.0,Neutral,No
announced going put end,Reddit,0.0,0.0,Neutral,No
carney becomes immediately highly unusual unelected pundit believe carney going call election next day,Reddit,0.0,0.1,Neutral,No
unless live riding never vote,Reddit,0.0,0.13636363636363635,Neutral,No
parliamentary system work dont elect prime minister elect party leader party becomes regardless he obviously going call election fairly quickly,Reddit,0.6597,0.48333333333333334,Positive,No
legitimate learn rule,Reddit,0.0,0.0,Neutral,No
lol crashing canadian finally seeing lifelong political dweeb obsessed personality politics populist slogan someone actively cozy american interest,Reddit,0.7506,1.1895246692412391e-17,Positive,No
good news,Reddit,0.4404,0.7,Positive,No
congrats clueless electoral system work,Reddit,0.2263,0.0,Neutral,No
willfully understand canadian politics work,Reddit,0.0,0.0,Neutral,No
150k vote unelected,Reddit,0.0,0.0,Neutral,No
tell dont understand without telling,Reddit,0.0,0.0,Neutral,No
fox news watcher lol,Reddit,0.4215,0.8,Positive,No
havent following poll conservative 200 seat lead fallen week trump taking completely wiped guaranteed win kamala election conservative would likely 200 seat ahead today,Reddit,0.3744,0.225,Positive,No
usually find thing complicated,Reddit,0.0,-0.375,Neutral,No
tell last time ticked box ballot prime minister name outside living specific riding,Reddit,-0.4215,0.0,Neutral,No
freeland interviewed horribly surprised,Reddit,-0.3612,0.1,Neutral,Yes
freeland tied trudeau wouldve enormous liability election pretty sure poorly reflection reality carney stand way way better chance,Reddit,0.8225,0.16999999999999998,Positive,No
saw poll posted ago freeland far behind oops,Reddit,0.0,-0.15000000000000002,Neutral,No
ever meet freeland person youll understand lost badly kind unbearable,Reddit,-0.25,0.6,Neutral,Yes
freeland much history trudeau think would mean could never win federal election although past month changed equation somewhat,Reddit,-0.4717,-0.190625,Negative,No
mean look big surprise mark carney fit entirely within liberal party establishment carney economist head central bank canada well head bank england view market liberalism proven track record major financial institution beat freeland basically technocrat freeland studied history literature specifically russian ukrainian worked journalist entirely outsider speak experience politics tied justin trudeau stepped,Reddit,0.8255,0.01666666666666667,Positive,No
poster failure previous year dumped trudeau last moment right rating skyrocketed surprised thought single chance win,Reddit,0.1779,0.09013605442176871,Neutral,No
carney need distance far possible freeland upcoming election incredibly disliked canadian,Reddit,-0.4576,-0.03333333333333333,Negative,No
like better think much trudeau stank trump hate,Reddit,-0.296,-0.03333333333333336,Neutral,No
supposed steady difficult march towards progress yet minute ago liberal party voted elect canada second woman prime minister sad trudeau never,Reddit,-0.0258,-0.006666666666666665,Neutral,No
pretty hot least,Reddit,0.4939,0.06666666666666667,Positive,No
dang really,Reddit,0.0,0.2,Neutral,No
opinion wouldve different didnt awful speech finance minister quit cabinet week gst issue day budget presented played politics frankly isnt good enough tough campaign,Reddit,0.4299,-0.13777777777777778,Neutral,Yes
would lose attachment trudeau good decision,Reddit,0.34,0.7,Positive,No
guess close trudeau fair enough,Reddit,0.3182,0.35,Positive,No
yeah tied resignation unprofessional grace woman always neverending annoyance get told emotional blah blah blah see strong female politician literally write scathing letter like high schooler post everywhere bash leader party thats emotional incredibly telling character one thing disagree step announce resignation due difference completely different thing air dirty laundry publicly would absolutely love see female even anyone middleaged white man definitely freeland,Reddit,0.7346,0.04455555555555556,Positive,No
fucking smug,Reddit,0.2716,-0.6,Neutral,Yes
leadership race putin party lol,Reddit,0.6705,0.8,Positive,No
party dont typically push membership signup nearly much electing leader kind scenario get big number elect new leader general election defeat also typically longer campaign,Reddit,0.5267,0.1816287878787879,Positive,No
would interested see registration requirement liberal sign slog,Reddit,0.4019,0.25,Positive,No
yeah need hulk hogan,Reddit,0.296,0.0,Neutral,No
need american style show salt earth people save garbage south border,Reddit,0.4939,0.0,Positive,No
democracy level haha,Reddit,0.4588,0.2,Positive,No
cant believe better,Reddit,-0.3412,0.5,Neutral,Yes
expect another year liberal party leading country,Reddit,0.4019,0.0,Neutral,No
really liberal vote liberal party leader election indicate carney backing party general therefore united behind,Reddit,0.8074,-0.05000000000000001,Positive,Yes
vote liberal leader registered liberal allowed vote,Reddit,0.0,0.0,Neutral,No
voting perspective positive liberal fundraising campaign volunteer mean liberal behind carneys candidacy,Reddit,0.5574,-0.16174242424242424,Positive,Yes
least point liberal party united behind carney leader,Reddit,0.6705,-0.35,Positive,Yes
solely liberal party leadership best case scenario would win minority vote likely conservative win minority huge win though considering couple month ago something like chance conservative majority,Reddit,0.9753,0.6333333333333333,Positive,No
show liberal staying home election day whether thats enough win see,Reddit,0.5859,0.4,Positive,No
directly indication support among liberal shouldnt see many liberal voter crossing party particularly conservative isnt going bode well pierre one way another,Reddit,0.5553,0.25555555555555554,Positive,No
nope internal leader election registered liberal member voted picking liberal leader next election indicate popular among liberal moment,Reddit,0.4215,0.19999999999999998,Positive,No
internal vote new party leader believe,Reddit,0.4019,0.06818181818181818,Positive,No
vote among registered liberal general population people even liberal voter arent registered liberal,Reddit,0.0,0.05000000000000002,Neutral,No
probably bit indication certainly kind confirmation though liberal membership surged leadership race overwhelming majority win today clear liberal united around carney think well see much way liberal infighting election like might chrystia,Reddit,0.9559,0.44000000000000006,Positive,No
testament much liberal believe carney specifically able win next election tough say much would translate onto entire voting population expect rejuvenated energised liberal campaign might otherwise materialised,Reddit,0.7506,0.1873015873015873,Positive,No
vote strictly liberal party member according poll last little best chance rival conservative example liberal came vote election would monumental comeback,Reddit,0.8089,0.2708333333333333,Positive,No
registered liberal vote went hassle trying use horrific canada post verification app still pretty massive blowout put strong performance next election liberal could easily get majority,Reddit,0.5423,0.01944444444444444,Positive,No
deffinetly carney lot work surely keep tory minority want win need truely inspire show strentgh outsmart messaging,Reddit,0.8934,0.5499999999999999,Positive,No
150k voter like freeland race,Reddit,0.3612,0.0,Neutral,No
maybe election canada take note liberal party count voter,Reddit,0.4019,0.0,Neutral,No
ill agree win general election much dont think outlandish happen party level,Reddit,0.7351,0.1375,Positive,No
boy dumb as take,Reddit,-0.5106,-0.375,Negative,No
lucky freeland fall window lol,Reddit,0.6808,0.5666666666666667,Positive,No
100 canada need strong leadership 51st state,Reddit,0.5106,0.4333333333333333,Positive,No
give idea,Reddit,0.0,0.0,Neutral,No
100 hell tweet follower lap like always,Reddit,-0.4767,0.0,Negative,No
agreed cant wait next episode trump hear whats next,Reddit,0.2732,0.0,Neutral,No
agreed liberal united behind leader big benefit election,Reddit,0.7845,-0.2,Positive,Yes
god believe people actually voted vibecession finance minister,Reddit,0.2732,0.0,Neutral,No
mean good idea give credit credit due,Reddit,0.7964,0.08749999999999998,Positive,No
stabbed back pissing supporter,Reddit,-0.5423,0.0,Negative,No
like rest lol,Reddit,0.6486,0.8,Positive,No
fair hard sample member good standing party explain example though,Reddit,0.7579,0.3694444444444444,Positive,No
cartel carney since apparently overrun mexican cartel,Reddit,0.0,0.025,Neutral,No
october need seat prime minister without seat participate parliament watch sideline election october sooner decide best forced vote non confidence,Reddit,0.6705,0.35,Positive,No
mean news outlet talking freeland carney carney really suprising,Reddit,0.0,-0.056249999999999994,Neutral,No
yeah people included thought carney would get leadership doubt anyone expected big margin,Reddit,-0.0772,-0.05,Neutral,No
fair carbon tax conservative idea,Reddit,0.3182,0.7,Positive,No
elected new leader different vision different idea run thing rather simple understand,Reddit,0.25,0.03409090909090909,Neutral,No
source,Reddit,0.0,0.0,Neutral,No
news report said take week,Reddit,0.0,0.0,Neutral,No
want whats best country,Reddit,0.6705,1.0,Positive,No
chance america 51st state let canada,Reddit,0.25,0.0,Neutral,No
actually read platform release election called find plan already decided,Reddit,0.0,0.0,Neutral,No
liberal medium censorship law attack legal gun owner reducing sentencing gang banger liberal loosening law increasing crime ever growing unemployment rate insane federal debt lack doctor healthcare worker lack people equipment military lack police patrolling,Reddit,-0.9657,-0.3,Negative,No
speaks volume cerney introduced option conservative dominance plumetted poll carney able get support trump literal populist hate trump one smallest popular vote margin ever act like entire planet behind,Reddit,0.6249,-0.020000000000000018,Positive,Yes
thanks genius,Reddit,0.4404,0.2,Positive,No
said going cancel carbon tax yes killed carbon tax carney,Reddit,-0.5859,-0.2,Negative,No
quite carney becomes carney receives invitation form government trudeau tender resignation governor general,Reddit,-0.296,0.05000000000000002,Neutral,Yes
elected canadian liberal leadership vote thing must election traitor democracy think otherwise,Reddit,0.0,0.0,Neutral,No
right getting really tired people seem learn canadian civics trump tweet,Reddit,-0.4927,-0.05714285714285716,Negative,No
australian change prime minister without changing government people idea westminster system wedded faulty system practice commonwealth,Reddit,-0.3182,0.0,Neutral,No
would russian understand canadian politics even vote keep guy year,Reddit,0.0,0.0,Neutral,No
swear everybody need civics refresher,Reddit,-0.0516,0.0,Neutral,No
wrong,Reddit,-0.4767,-0.5,Negative,No
get elected federal election,Reddit,0.0,0.0,Neutral,No
150k vote hilariously bad considering context,Reddit,-0.5423,-0.6999999999999998,Negative,No
poll lol showed base 150k thats brutal conservative going smoke liberal people forget easily,Reddit,-0.2023,-0.11041666666666666,Neutral,No
liberal number mirroring harris ascension nicely thats headed another reddit special lol comment epic,Reddit,0.8271,0.4642857142857143,Positive,No
talk voter like child,Reddit,0.3612,0.0,Neutral,No
also closely related former honest good last month swinging back trump medium,Reddit,0.7351,0.21666666666666665,Positive,No
terrible insight dumpy would respect woman either would liked see higher restrained enough lead said thing,Reddit,0.0258,-0.037500000000000006,Neutral,Yes
shes brilliant one day gould one happy day war,Reddit,0.5574,0.8500000000000001,Positive,No
karina gould one keep eye future,Reddit,0.0,0.0,Neutral,No
fair also turnout compared time,Reddit,0.3182,0.7,Positive,No
close trudeau people hated since stabbed back people loved hated,Reddit,-0.8126,-0.275,Negative,No
worst,Reddit,-0.6249,-1.0,Negative,No
make carney behind scene,Reddit,0.0,-0.4,Neutral,No
yep stained,Reddit,0.296,0.0,Neutral,No
wouldnt surprised opposition mysteriously disappeared paid anyways pretence democracy,Reddit,-0.3749,0.05,Neutral,Yes
think time nominated party 2012 way party parliament election 2011 point return russia,Reddit,0.6597,0.0,Positive,No
thats right party typically hold country hostage shutting parliament crisis sort would think liberal party member would take situation little serious,Reddit,0.0754,-0.10044642857142858,Neutral,Yes
even canadian party try quite dull awkward thinking specifically harper gretzky stage would put bill box chaching sound effect everytime put money,Reddit,-0.2895,-0.16388888888888886,Neutral,No
thats terrifying,Reddit,-0.5719,-1.0,Negative,No
gotcha thanks,Reddit,0.4404,0.2,Positive,No
cbc reddit,Reddit,0.0,0.0,Neutral,No
anyone wanted vote could voted even though rarely vote liberal general election,Reddit,0.0,0.175,Neutral,No
close right havent even started campaigning election could seriously either way,Reddit,-0.1779,-0.023809523809523808,Neutral,No
yep also carney raised lot money party plenty money run campaign,Reddit,0.5994,0.0,Positive,No
show liberal staying home election day necessarily less party member voted 400000 member party signed specifically leadership race 160000 voted thats less turnout leadership race thats great contrast 2022 cpc leadership election turnout 645,Reddit,0.8366,0.15555555555555559,Positive,No
signed vote app refused verify still oretty annoyed glad wolf sheep clothing voter get chandra arya elected,Reddit,-0.2023,0.04999999999999999,Neutral,Yes
canada post app absolute breeze use lol,Reddit,0.4215,0.5,Positive,No
thanks,Reddit,0.4404,0.2,Positive,No
app breeze use trouble thats problem lmao,Reddit,-0.128,0.19999999999999998,Neutral,Yes
actually already took credit trudeau first announced stepping lol,Reddit,0.6597,0.35000000000000003,Positive,No
talking trudeau awesome dark time,Reddit,0.6249,0.425,Positive,No
hell probably call asap loose momentum right probably popular hell election campaign depending play,Reddit,-0.8074,0.2695970695970696,Negative,Yes
imagine prime minister even participate jesus christ,Reddit,0.0,0.0,Neutral,No
werent disqualified 400000 people registered vote majority complete verification process either using app going inperson canada post office therefore 400000 people never received ballot vote,Reddit,0.3252,0.1,Neutral,No
never race begin carney said selected race,Reddit,0.0,0.0,Neutral,No
reduces immigration back 2019 level end temporary foreign worker fast food vote simple,Reddit,0.0,0.018750000000000003,Neutral,No
election coming standard operating procedure official resigns expect happen election liberal party candidate,Reddit,0.1027,0.0,Neutral,No
guess kim campbell wasnt really prime minister 1993,Reddit,0.0,0.2,Neutral,No
chill election called real soon early election work party favor waiting benefit con,Reddit,0.8126,0.15000000000000002,Positive,No
lol username totally russian,Reddit,0.4215,0.4,Positive,No
liberal party still elected government liberal party voted new leader definition elected isnt different system kim campbell first woman prime minister 1993,Reddit,0.6597,0.12878787878787878,Positive,No
liberal party like party elect leader top canadian sign vote well elected sense word,Reddit,0.8689,0.65,Positive,No
october 2025 ideally,Reddit,0.4215,0.9,Positive,No
look cant forgive liberal badly theyve fucked last year brain enough groove see wind changed currently every single poll conservative winning small minority month ago cruising absolute blowout dont like dont either doesnt mean isnt strong possibility campaign writes ran boc 2008 financial crisis didnt get hammered like rest world ran bank england brexit didnt crumble piece trade war want guy who successfully ran economic policy historic crisis guy hasnt really done much anything thats going message blasted canada,Reddit,-0.8961,-0.0028108465608465446,Negative,No
freak wrong lol,Reddit,-0.4939,0.15000000000000002,Negative,Yes
cant wait liberal meltdown montage going hilarious,Reddit,0.4019,0.5,Positive,No
youre older let cut disney plus,Reddit,-0.2732,0.16666666666666666,Neutral,Yes
talk like michelle dugger like nail chalkboard,Reddit,0.6124,0.0,Positive,No
vote vibecession,Reddit,0.0,0.0,Neutral,No
100 percent felt every time interview reminded elementary teacher,Reddit,0.0,0.3,Neutral,No
child shouldnt disney channel unless accept leader,Reddit,0.3818,0.0,Neutral,No
worked south,Reddit,0.0,0.0,Neutral,No
trudeau like bedtime story,Reddit,0.3612,0.0,Neutral,No
trump actively hate due past experience working together wouldve terrible,Reddit,-0.6705,-0.54375,Negative,No
hate factual white dude least take racism misogyny table killed write,Reddit,-0.9231,-0.325,Negative,No
terrible insight dumpy would respect woman either donald respect anyone unless putin musk definitely respect trudeau,Reddit,0.7351,-0.5,Positive,Yes
actually famously called killer usmca negotiation maybe trump would servile,Reddit,-0.6486,0.5,Negative,Yes
like freeland lot actually due previous pettiness trump general disrespect woman didnt see best option deal,Reddit,-0.5673,0.18958333333333335,Negative,Yes
really think gould political force one day preferred candidate better time,Reddit,0.4404,0.2333333333333333,Positive,No
hope,Reddit,0.4404,0.0,Positive,No
history stephen harper wait learn,Reddit,0.0,0.0,Neutral,No
know chairman hte bank canada specific tie trudeau referring,Reddit,0.0,0.0,Neutral,No
like zero policy difference compared carney also like obviously people gon guy less baggage,Reddit,0.6124,-0.08333333333333333,Positive,Yes
seem quite opinion exactly dislike freeland,Reddit,-0.4336,0.25,Neutral,Yes
terrifying get security clearance trump threat prefer someone successfully ran two different central bank carney right person right time,Reddit,-0.3612,0.05357142857142857,Neutral,Yes
totally different leadership let give chance,Reddit,0.25,0.0,Neutral,No
high margin liberal election campaign continue carneys plan take national hed say 1015 youd maybe give concession freeland wing party,Reddit,0.4019,0.16,Positive,No
think hoop jump turned lot people away voting people saying verification app wasnt working went post office verify person even probably drove turnout pointed signed leadership race extra step drove participation werent lot conservative troll signing vote anyone carney probably never ended voting either,Reddit,0.0,0.0,Neutral,No
went post office verify identity glad try use app,Reddit,0.4588,0.5,Positive,No
really stupid way done relied selfie check imagine lot lot canadian photo dont match look like due pandemic official photo allowed skipped verified person day vote app said needed reset reverified liberal also sent basic canned response didnt resolve issue happy carney wanted win regardless,Reddit,-0.7339,0.13500000000000004,Negative,Yes
uploaded passport nexus driver license still able get verified without canada post person crazy couldnt hooked provincial apps like service card verification look different subreddits lot people issue,Reddit,0.0258,-0.033333333333333326,Neutral,Yes
problem app randomly say verification completed person needed reset offered zero support resolve app breeze worked doesnt mean worked everyone first time using app like either,Reddit,0.6249,-0.1875,Positive,Yes
reading line insinuating rigged vote maybe wrong,Reddit,-0.6808,-0.5,Negative,No
trudeau hasnt awesome since 2015,Reddit,-0.5096,1.0,Neutral,Yes
exactly didnt vote lack trying literally spent hour phone weekend trying get voting verification sorted didnt work many technical reason wont bore process experience horrible would voted think margin would even higher,Reddit,-0.2018,-0.016666666666666663,Neutral,No
literally berlin name guess nazi,Reddit,0.0,0.0,Neutral,No
lol registered liberal vote citizen guess thats yall really want anyway much democracy jim crow let libs decide peasant,Reddit,0.5256,0.39999999999999997,Positive,No
fuck democracy guy put mask,Reddit,-0.5423,-0.4,Negative,No
course regardless win plenty meltdown lol,Reddit,0.765,0.8,Positive,No
yes didnt know describe sum perfectly,Reddit,0.7845,1.0,Positive,No
talk like journalist journalist major part career went politics carney talk like banker studied economics head two major central bank deeply embedded financial insitutions technocrat heart,Reddit,0.6124,0.025,Positive,No
hate woman bend,Reddit,-0.5719,-0.8,Negative,No
feel rock hard place right realpolitik suck sometimes,Reddit,-0.5106,-0.0029761904761904934,Negative,No
hate fucking planet,Reddit,-0.5719,-0.7,Negative,No
thought suck like freeland isnt moment,Reddit,-0.1027,0.0,Neutral,No
sad true unfortunately,Reddit,-0.4019,-0.21666666666666667,Negative,No
carney respect hate dumb bitch sad status america politics,Reddit,-0.8957,-0.5583333333333333,Negative,No
leader mexico seems trump wrapped around finger irrelevant interesting,Reddit,0.4019,0.0,Neutral,No
yeah sadly time woman prime minister suck say dealing crazy dude side taking chance got,Reddit,-0.5994,-0.55,Negative,No
also true,Reddit,0.4215,0.35,Positive,No
maybe guygirl really like trudeau saying freeland good kidding,Reddit,0.7264,0.44999999999999996,Positive,No
carney going save liberal upcoming election staunch leftist happy instead trying bait another user argument,Reddit,0.6597,0.375,Positive,No
chance year never voting either wack,Reddit,0.25,0.0,Neutral,No
still didnt let verify identity app liberal website,Reddit,0.0,0.0,Neutral,No
fair enough maybe issue overloaded voted almost immediately voting opened,Reddit,0.3182,0.35,Positive,No
really get party chooses candidate run conservative get vote liberal party leader liberal get vote lead conservative party there election canadian vote leader,Reddit,0.8375,0.2,Positive,No
shame think mexico president seems holding angela merkel,Reddit,-0.4767,0.0,Negative,No
use app verified post office barcode emailed got sent another email link place vote,Reddit,0.0,0.0,Neutral,No
right awkward case one political group appointing unelected dumb system lol,Reddit,-0.2732,0.02214285714285715,Neutral,Yes
expected honestly,Reddit,0.4588,0.25,Positive,No
talk good chrétiens speech man brought,Reddit,0.4404,0.7,Positive,No
surprise nobody well maybe shock guy said french doesnt matter,Reddit,0.1346,0.0,Neutral,No
wikipedia page already updated fast,Reddit,0.0,0.2,Neutral,No
interesting see poll look he officially elected,Reddit,0.4019,0.5,Positive,No
wasnt even close,Reddit,0.0,0.0,Neutral,No
first rule mark let melania kiss sit next ivanka meeting thats got 51st state crap,Reddit,0.0516,-0.18333333333333335,Neutral,Yes
say remove carbon tax holy shit,Reddit,-0.5574,-0.2,Negative,No
thanks trump,Reddit,0.4404,0.2,Positive,No
drunk right,Reddit,-0.34,-0.10714285714285715,Neutral,No
859 vote massive win leader next federal election set,Reddit,0.5859,0.26666666666666666,Positive,No
carbon tax capital gain exemption increase gone,Reddit,0.6908,0.0,Positive,No
would nice stay statesmanlike crawl gutter,Reddit,0.4215,0.6,Positive,No
come interesting part federal election ontario recently voted ford back knowing province isnt really fan double party leading could lead many carney vote ontario,Reddit,0.54,0.19999999999999998,Positive,No
eeeeeeelllllbbbbbbbbooooooowwwwwwwssssssss uuuuuuuuuuuuuuuuuuppppppppppp,Reddit,0.0,0.0,Neutral,No
call election mark,Reddit,0.0,0.0,Neutral,No
let goooooo,Reddit,0.0,0.0,Neutral,No
better call election asap let canadian decide,Reddit,0.4404,0.5,Positive,No
make mega thread,Reddit,0.0,0.0,Neutral,No
lol go carbon tax carney,Reddit,0.4215,0.8,Positive,No
shocked freeland try want put distance trudeau inextricably linked,Reddit,-0.25,-0.7,Negative,No
lady gentleman next prime minister canada wow competent knowledgeable intelligent person exactly need pierre poilievre doesnt stand chance comparing carney poilievre like comparing doctor toothless illiterate,Reddit,0.8156,0.32999999999999996,Positive,No
hell yea time unite country get going,Reddit,-0.6808,0.0,Negative,No
guessing election called quickly see liberalndp coalition beat con,Reddit,0.0,0.3333333333333333,Neutral,No
hopefully mean,Reddit,0.4019,-0.3125,Neutral,Yes
quote c3po thank maker,Reddit,0.3612,0.0,Neutral,No
gon start petition rename party marky carn funky bunch,Reddit,0.3182,0.0,Neutral,No
giddyup time get work,Reddit,0.0,0.0,Neutral,No
seat parliament call election mark,Reddit,0.0,0.0,Neutral,No
wasnt even competition mark quite landslide victory,Reddit,0.0,0.0,Neutral,No
anointed,Reddit,0.0,0.0,Neutral,No
surprised excited either,Reddit,0.5106,0.2375,Positive,No
freeland get alot vote,Reddit,0.0,0.0,Neutral,No
sure hope ball job,Reddit,0.6369,0.5,Positive,No
yah rich white banker guy change everything,Reddit,0.5574,0.1875,Positive,No
good luck canada dont let trump boot licking fascist win anything,Reddit,0.7269,0.75,Positive,No
time carney take circus,Reddit,0.0,0.0,Neutral,No
unrelatable man world,Reddit,0.0,0.0,Neutral,No
fooled new face canada another snake grass,Reddit,-0.3818,0.13636363636363635,Neutral,Yes
hopefully put communication training lol,Reddit,0.6705,0.8,Positive,No
tupper lasted day carney might beat half shortest tenure ever,Reddit,0.0,-0.16666666666666666,Neutral,No
let fucking goooo,Reddit,0.0,-0.6,Neutral,No
trump first insulting nickname prime minister carney,Reddit,-0.4939,-0.375,Negative,No
bookmarking look future people cry corrupt ineffective government,Reddit,-0.5574,-0.25,Negative,No
embracing dude evil snd connected bad ppl gon ruin canada,Reddit,-0.9136,-0.8499999999999999,Negative,No
prime minister time permit list accomplishment yes yes,Reddit,0.6597,0.0,Positive,No
prime minister without elected leader liberal pending election,Reddit,0.0,0.0,Neutral,No
trouble,Reddit,-0.4019,-0.2,Negative,No
nice,Reddit,0.4215,0.6,Positive,No
wasnt picked bought,Reddit,0.0,0.0,Neutral,No
want comment heart thy remove second lmao,Reddit,0.6369,0.3,Positive,No
new prime minister nobody voted thats democracy guess lol,Reddit,0.4215,0.4681818181818182,Positive,No
need riding call election,Reddit,0.0,0.0,Neutral,No
carneymania,Reddit,0.0,0.0,Neutral,No
daddy home,Reddit,0.0,0.0,Neutral,No
go show person name recognition seems get ontario saw crombie alberta nenshi,Reddit,0.0,0.0,Neutral,No
thinking non career politician liberal havent learned anything canadian want,Reddit,0.0772,0.0,Neutral,No
yes long time canadian political convention junkie never seen mandate decisive first ballot,Reddit,0.2579,0.06666666666666667,Neutral,No
surprising part massive landslide leadership guess people expected tighter split freeland,Reddit,0.2732,0.19999999999999998,Neutral,No
second place freeland vote,Reddit,0.0,0.0,Neutral,No
figured would win impressed much,Reddit,0.7845,0.6666666666666666,Positive,No
kind expected lot closer maybe even needing second run incredibly definitive carney absolutely qualified leader bet freelands association trudeau even public falling probably hurt significantly,Reddit,-0.1531,0.28214285714285714,Neutral,Yes
mark carney dominated race replace justin trudeau cbcca,Google News,0.0,0.0,Neutral,No
liberal party canada announces mark carney leader liberal party canada,Google News,0.6597,0.0,Positive,No
prime minister carney strengthen tie france united kingdom reaffirm canada sovereignty prime minister canada,Google News,0.6249,0.0,Positive,No
mark carney liberal party biography fact britannica,Google News,0.4019,0.0,Neutral,No
mark carney take liberal party leadership landslide 1st ballot win aptn news,Google News,0.7579,0.8,Positive,No
banker mark carney win race lead liberal party canada new york time,Google News,0.7579,0.4681818181818182,Positive,No
mark carney canada new liberal leader next prime minister jazeera english,Google News,0.0,0.04545454545454545,Neutral,No
mark carney canada next vow win trade war trump bbccom,Google News,-0.0258,0.4,Neutral,Yes
mark carney win race replace justin trudeau sootoday,Google News,0.5859,0.8,Positive,No
mark carney donald trump canada never ever part america politico,Google News,0.0,0.0,Neutral,No
mark carney sworn prime minister unveils leaner cabinet national post,Google News,0.0,0.0,Neutral,No
lorne gunter mark carney easy ride role liberal leader new edmonton journal,Google News,0.4404,0.28484848484848485,Positive,No
mark carney canada new prime minister associated press,Google News,0.0,0.13636363636363635,Neutral,No
new mark carney say canada moment crisis global news kingston,Google News,-0.6249,0.06818181818181818,Negative,Yes
swearingin 30th canadian ministry prime minister canada,Google News,0.0,0.0,Neutral,No
liberal leadership race mark carney elected landslide next prime minister cbcca,Google News,0.0,0.0,Neutral,No
first reading mark carneys really supposed anything national post,Google News,0.0,0.225,Neutral,No
prime minister mark carney try turn page cbcca,Google News,0.0,0.0,Neutral,No
long mark carneys honeymoon quebec last cbcca,Google News,0.0,-0.025,Neutral,No
mark carney step unprecedented moment cbcca,Google News,0.0,0.6,Neutral,No
outside man move inside meet mark carney canada 24th prime minister national post,Google News,0.0,0.0,Neutral,No
prime minister mark carney vow get straight work hint election coming ctv news,Google News,0.2263,0.2,Neutral,No
mark carney win race replace trudeau canada prime minister reuters canada,Google News,0.5859,0.8,Positive,No
mark carney new prime minister here whats unusual ottawa citizen,Google News,0.0,0.16818181818181818,Neutral,No
landslide victory mark carney meet trudeau transition power begin cbc news,Google News,0.0,0.0,Neutral,No
mark carney aim smaller cabinet team planning drop dozen minister source cbc news,Google News,-0.2732,0.0,Neutral,No
mark carneys victory getting mixed review indigenous liberal aptn news,Google News,0.0,0.0,Neutral,No
mark carney live update canada next vow win trade war ontario plan electricity tariff bbccom,Google News,-0.0258,0.31212121212121213,Neutral,Yes
carney take power calling solemn duty serve time crisis cbc news,Google News,-0.6597,0.0,Negative,No
mark carney sworn canada new prime minister replacing trudeau jazeera english,Google News,0.0,0.06818181818181818,Neutral,No
carney transition team met pmo staff tuesday hope swearingin friday cbcca,Google News,0.4404,0.0,Positive,No
mark carney arrives rideau hall swearingin cbcca,Google News,0.0,0.0,Neutral,No
mark carney elected new liberal leader whats next global news kingston,Google News,0.0,0.04545454545454545,Neutral,No
canada mark carney sworn 24th prime minister english,Google News,0.0,0.0,Neutral,No
terry glavin mark carney guy anyway national post,Google News,0.0,0.0,Neutral,No
mark carney win liberal party vote replace trudeau canada prime minister pb newshour,Google News,0.7579,0.8,Positive,No
mark carney take deal trump say manitoba politician cbcca,Google News,0.0,0.0,Neutral,No
mark carney could canada shortestserving prime minister cbcca,Google News,0.0,0.0,Neutral,No
mark carney camp offer role former quebec premier jean charest source cbc news,Google News,0.0,0.0,Neutral,No
mark carney prepares tighter cabinet many trudeau stalwart globe mail,Google News,0.0,0.5,Neutral,No
read mark carneys first remark prime minister global news kingston,Google News,0.0,0.125,Neutral,No
need know mark carney canada next prime minister logic,Google News,0.0,0.0,Neutral,No
mandate govern hub reacts mark carney becoming canada 24th prime minister hub,Google News,0.0,0.45,Neutral,No
mark carney sworn prime minister friday toronto star,Google News,0.0,0.0,Neutral,No
freeland transport minister guilbeault quebec lieutenant carney cabinet source cbc news,Google News,0.0,0.0,Neutral,No
mark carney vow keep canada strong donald trump liberal leadership victory toronto star,Google News,0.5106,0.4333333333333333,Positive,No
read watch mark carneys full victory speech winning liberal leadership cbc news,Google News,0.5267,0.425,Positive,No
would mark carney canada first unelected prime minister citynews toronto,Google News,0.0,0.25,Neutral,No
opinion mark carney great resumé connect people globe mail,Google News,0.6249,0.8,Positive,No
mark carney must keep expansionist america bay economist,Google News,0.0,0.0,Neutral,No
landslide win mark carney chosen new liberal party leader next cbc news,Google News,0.7579,0.31212121212121213,Positive,No
mark carney dropping irish passport cbcca,Google News,0.0,0.0,Neutral,No
canada designated mark carney meet trudeau trump threat loom guardian,Google News,-0.6486,0.0,Negative,No
mark carney sworn canada next prime minister friday global news kingston,Google News,0.0,0.0,Neutral,No
lorne gunter advantageous liberal leader mark carney call election quickly edmonton journal,Google News,0.3612,0.3333333333333333,Positive,No
prime minister mark carney focused economy sovereignty 1st speech cbcca,Google News,0.3818,0.0,Neutral,No
mark carney canada next prime minister cbcca,Google News,0.0,0.0,Neutral,No
braid liberal prime minister elected alberta riding carney might calgary herald,Google News,0.0,0.0,Neutral,No
canada want positive possible relation carney say global news kingston,Google News,0.5994,0.07575757575757576,Positive,No
mark carney new liberal leader replacing justin trudeau global news kingston,Google News,0.0,0.06818181818181818,Neutral,No
mark carney sworn america democratic decline critical lesson canadian voter conversation,Google News,-0.3182,0.0,Neutral,No
opinion win mark carney make great prime minister there one advantage wish didnt toronto star,Google News,0.9118,0.8,Positive,No
mark carney canada next prime minister politico,Google News,0.0,0.0,Neutral,No
read mark carneys full speech becoming liberal leader ctv news,Google News,0.0,0.4,Neutral,No
mark carney replace justin trudeau next prime minister canada ctv news,Google News,0.0,0.0,Neutral,No
david olive mark carney proposes spend less invest convince fast toronto star,Google News,0.1832,0.016666666666666677,Neutral,No
mark carney set replace justin trudeau canada prime minister france english,Google News,0.0,0.0,Neutral,No
mark carneys first day prime minister show he got bone plan manage crisis toronto star,Google News,-0.6249,0.25,Negative,Yes
prime minister mark carney visit france first foreign trip national post,Google News,0.0,0.0625,Neutral,No
mark carney win liberal leadership landslide vote national post,Google News,0.5859,0.8,Positive,No
mark carney ally oilpatch say alberta premier danielle smith call election cbcca,Google News,0.0,0.0,Neutral,No
mark carney sworn prime minister friday ctv news,Google News,0.0,0.0,Neutral,No
prime minister mark carney arrives paris meet european ally amid trade war cbcca,Google News,-0.5994,0.0,Negative,No
mark carney meet outgoing prime minister justin trudeau say transition power quick globe mail,Google News,0.296,0.3333333333333333,Positive,No
mark carneys stance oil gas explained narwhal,Google News,0.0,0.0,Neutral,No
canada never part say new mark carney amid trade war guardian,Google News,-0.5994,0.13636363636363635,Negative,Yes
mark carney reinvent liberal party leader toronto star,Google News,0.4019,0.0,Neutral,No
prime minister mark carney swornin party leader gear campaign cbcca,Google News,0.4019,0.0,Neutral,No
mark carney here background canada next prime minister citynews toronto,Google News,0.0,0.0,Neutral,No
mark carney become canada 24th prime minister friday canada national observer,Google News,0.0,0.0,Neutral,No
question mark carney must answer election globe mail,Google News,0.0,0.0,Neutral,No
mark carney new liberal leader read full acceptance speech global news kingston,Google News,0.4588,0.1621212121212121,Positive,No
mark carney voted new liberal leader happens ctv news,Google News,0.0,0.13636363636363635,Neutral,No
alberta representation prime minister mark carneys new cabinet global news kingston,Google News,0.0,0.06818181818181818,Neutral,No
mark carney next canada winning liberal leadership race guardian,Google News,0.5267,0.25,Positive,No
mark carney win election canada trade war financial time,Google News,-0.0258,0.4,Neutral,Yes
insider say mark carney new chief staff told liberal mp ready toronto star,Google News,0.3612,0.16818181818181818,Positive,No
mark carney chosen new liberal leader replacing trudeau cbcca,Google News,0.0,0.13636363636363635,Neutral,No
prime ministerdesignate mark carney say liberal kill capital gain tax change betakit canadian startup news,Google News,-0.3182,0.0,Neutral,No
mark carney liberal may lead canada economist,Google News,0.0,0.0,Neutral,No
poll mark carney seen best person job quebecers citynews montreal,Google News,0.6369,1.0,Positive,No
opinion office election world rushing mark carney like rookie globe mail,Google News,0.3612,0.0,Neutral,No
mark carney name cabinet within day here hell need consider toronto star,Google News,-0.6808,0.0,Negative,No
david staple mark carneys new economic promise everything value edmonton journal,Google News,0.5719,0.16818181818181818,Positive,No
mark carney boring guy whose economic acumen could help canada tackle trump guardian,Google News,0.1027,-0.4,Neutral,Yes
mark carney win canada liberal contest succeed trudeau day yahoo finance,Google News,0.7906,0.8,Positive,No
freelands gould here complete list mark carneys first cabinet national post,Google News,0.0,0.175,Neutral,No
call election,YouTube,0.0,0.0,Neutral,No
canada dont elected prime minster wef democracy extinct,YouTube,0.0,-0.4,Neutral,No
greatweve got new stood alongside old narcissistic trudeau ethic violation conflict interest lie conflict interest lie scandal corrupt faced significant repercussion made mockery democracy also went way incite legitimize hate division pandemic jail party remained silent let alone carney handled finance last 5ish year well smh,YouTube,-0.8126,-0.09857954545454546,Negative,No
election let people decide,YouTube,0.0,0.0,Neutral,No
voted canadian need election,YouTube,0.0,0.0,Neutral,No
still election right,YouTube,0.0,0.2857142857142857,Neutral,No
wef master service,YouTube,0.0,0.0,Neutral,No
damn thing serving people,YouTube,-0.4019,0.0,Neutral,No
gross traded wef stooge wef chair,YouTube,-0.4767,0.0,Negative,No
true allegiance wef,YouTube,0.4215,0.35,Positive,No
call election people canada pick real prime minster,YouTube,0.0,0.2,Neutral,No
guy went epstein island many many time know kind stuff went guy definitely need prime minister canada,YouTube,0.7269,0.4,Positive,No
wef puppet,YouTube,0.0,0.0,Neutral,No
nothing happy someone world economic forum,YouTube,-0.4585,0.5,Neutral,Yes
selected elected,YouTube,0.0,0.0,Neutral,No
nothing said representing citizen canada,YouTube,0.0,0.0,Neutral,No
comment written toddler,YouTube,0.0,0.0,Neutral,No
clown rude awakening realize popular guy like think,YouTube,0.3182,0.15,Neutral,No
yes let watch lose sooner later lol,YouTube,0.4215,0.4,Positive,No
washington lapdog,YouTube,0.0,0.0,Neutral,No
yes call election carney wipe floor pierre,YouTube,0.4019,0.0,Neutral,No
watch canadian politics complete thing english whatever point turn,YouTube,0.0,0.05,Neutral,No
canadian assist canada retain sovereignty one way,YouTube,0.0,0.0,Neutral,No
even know month ago biggest hero want grow told,YouTube,0.5994,0.0,Positive,No
fair even time know much pierre policy,YouTube,0.3182,0.44999999999999996,Positive,No
single paragraph word vocabulary,YouTube,0.0,-0.07142857142857142,Neutral,No
bilingual country intersperse english french sometimes thing said twice sometimes new point made language there always interpreter,YouTube,0.0,0.04545454545454545,Neutral,No
probably,YouTube,0.0,0.0,Neutral,No
heard uppercase loud clear happen immediately thanks service,YouTube,0.6705,0.13333333333333333,Positive,No
eventually,YouTube,0.0,0.0,Neutral,No
stop spreading russian propaganda,YouTube,-0.4939,-0.05,Negative,No
wef much worse russian propaganda,YouTube,-0.6249,-0.16666666666666666,Negative,No
bureaucracy guise democracy,YouTube,0.0,0.0,Neutral,No
kim campbell ring bell first time happened,YouTube,0.0,0.25,Neutral,No
swore allegiance crown feudal system,YouTube,-0.2023,0.0,Neutral,No
youre canadian really learn system work,YouTube,0.0,0.2,Neutral,No
anything value contribute conversation political analysis insight,YouTube,0.34,0.0,Neutral,No
wanted trudeau gone carney liberal elected replacement well chance vote year,YouTube,0.4767,0.0,Positive,No
bus,YouTube,0.0,0.0,Neutral,No
country wake wakey,YouTube,0.0,0.0,Neutral,No
get minority conservative government best essentially mean opposition party coalition know one work,YouTube,0.7845,0.34375,Positive,No
true,YouTube,0.4215,0.35,Positive,No
think better look mirror,YouTube,0.4404,0.5,Positive,No
actually democracy various form majority worldwide though slim,YouTube,0.0,0.0,Neutral,No
canadian know thing work,YouTube,0.0,0.0,Neutral,No
thinking liberal minority way conservative lead collapsed thats see many conservative supporter setting hair fire,YouTube,-0.34,0.5,Neutral,Yes
call election relax second,YouTube,0.4404,0.0,Positive,No
relevant username legally hold election october scary ignorant comment section,YouTube,-0.5994,0.03333333333333336,Negative,Yes
voted liberal party trudeau election get called govt vote carney legally mandate late october parliament want,YouTube,0.5267,-0.04999999999999999,Positive,Yes
voted party mate,YouTube,0.4019,0.0,Neutral,No
get people never vote directly,YouTube,0.0,0.1,Neutral,No
put emergency act stay power,YouTube,-0.3818,0.0,Neutral,No
research comment,YouTube,0.0,0.0,Neutral,No
mark carney fully vetted yet like every elected member required mark carneys full financial disclosure vetted elector need full disclosure candidate election,YouTube,0.4144,0.2333333333333333,Positive,No
he min think yall wait least day beefier announces election lmaooo,YouTube,0.0,-0.3,Neutral,No
thecanagoose zero article,YouTube,0.0,0.0,Neutral,No
well acting like thats fault lmaooo thats canadian system also people vote around 150k lot cause register liberal party couldve done wanted vote free register unlike conservative party there fee register vote leadership race,YouTube,0.8625,0.2,Positive,No
definitely sound like igor tiktok random conspiracy theorist lol show receipt,YouTube,0.5574,0.23333333333333336,Positive,No
receipt anyone say anything want got back see canadian agree ryan oleary good person say false information like bro show receipt,YouTube,0.802,0.09999999999999996,Positive,No
think found another russianmusk bot,YouTube,0.0,0.0,Neutral,No
yes placed asset blind trust like previous pm already tired question,YouTube,0.6597,-0.35555555555555557,Positive,Yes
idk disqualified candidate wouldnt anyways mark carney extremely popular ended getting vote 250k people there really simple answer people dont vote million canadian probably around 25million eligible voter sure number 150k voted thats terrible turnout rate cause kepler simply dont care lower voter engagement canada especially come less televised planned election even provincial election voter turnout recent ontario provincial election,YouTube,0.1663,-0.008333333333333321,Neutral,Yes
man least sit minute,YouTube,0.0,-0.3,Neutral,No
ruby dhalla also centrist well could pulled vote conservative always voting pierre good point,YouTube,0.6124,0.7,Positive,No
many year ego vote liberal party vote president party,YouTube,0.6597,0.5,Positive,No
may,YouTube,0.0,0.0,Neutral,No
wahhhh need election wahhhhhh,YouTube,0.0,0.0,Neutral,No
say wasnt,YouTube,0.0,0.0,Neutral,No
canadian never voted prime minister,YouTube,0.0,0.0,Neutral,No
guess think first time introduced way know elect riding,YouTube,0.0,0.525,Neutral,No
dont care corrupt,YouTube,-0.3875,-0.5,Negative,No
yesbut time voted mp guise certain elected bait switch please quit trying gaslight people wrong many level,YouTube,0.0772,0.07142857142857144,Neutral,No
who alternative,YouTube,0.0,0.0,Neutral,No
mark carneys leadership interesting watch canada navigates economic political landscape hoping policy benefit canadian drive sustainable growth,YouTube,0.8779,0.2333333333333333,Positive,No
bot,YouTube,0.0,0.0,Neutral,No
wrong voted party cope harder,YouTube,-0.1027,-0.3,Neutral,No
john turner became exactly way mackenzie king lost seat election election john abbott mackenzie bowell senator became yet somehow country survived,YouTube,0.25,0.25,Neutral,No
isnt usa party voted party every right choose whatever leader see fit wan vote indvidual join political party nominate choice party leader,YouTube,-0.5158,0.12142857142857143,Negative,Yes
151899 registered liberal voted 2025 liberal leadership race 163836 verified identity vote 2013 leadership race mark carney received 131674 vote resulting 29457 point first ballot win leadership liberal party canada become next prime minister,YouTube,0.7579,0.35000000000000003,Positive,No
thats true calling election could way canadian voice opinion direction country might best option leadership change needed give people chance decide want helm,YouTube,0.8519,0.675,Positive,No
jug next one bail find know,YouTube,0.0,0.0,Neutral,No
john turner seat parliament potatohead,YouTube,0.0,0.0,Neutral,No
really wonder many actual canadian making posting stuff seem awfully unaware thing work,YouTube,-0.2716,0.175,Neutral,Yes
corrupt specific fact evidence please,YouTube,0.3182,-0.25,Neutral,Yes
screaming get rid trudeau past year youve got wanted happy lead disappeared,YouTube,0.0516,0.275,Neutral,No
potato head really living screen name,YouTube,0.0,0.2,Neutral,No
lol,YouTube,0.4215,0.8,Positive,No
october,YouTube,0.0,0.0,Neutral,No
ummmm,YouTube,0.0,0.0,Neutral,No
easy educate situation learn somethingwhy people lazy,YouTube,0.1027,0.09166666666666667,Neutral,No
incoming let fix,YouTube,0.0,0.0,Neutral,No
know could sit another month could even possibly add year govt quite screwed weird in out need better federal govt actually work help people govt crazy like govt falling apart run madman people pushed aside govt want gone bringing asylum seeker making life perfect tax payer life hell system canada maybe time canada move away become country president like usa way voting want part keep canada canada change govt rule,YouTube,0.2092,0.06666666666666667,Neutral,No
parliament resume next week yep,YouTube,0.296,0.0,Neutral,No
parliament resume doesnt mean election happen sure could either way,YouTube,0.3182,0.09375,Neutral,No
ndp holding reelection hostage singh get pension fcked october,YouTube,0.0,0.0,Neutral,No
election right away doesnt want open parliament answer question hoc,YouTube,-0.0572,0.14285714285714285,Neutral,Yes
goober said use emergency act fight tariff word election,YouTube,-0.6369,0.0,Negative,No
nope prison break season,YouTube,0.4023,0.0,Neutral,No
touch grass,YouTube,0.0,0.0,Neutral,No
bud zero idea wef trump closer klauss anyone,YouTube,0.0,0.0,Neutral,No
yes country central bank member bank international settlement switzerland,YouTube,0.4019,0.0,Neutral,No
loyal chuck another wef monster,YouTube,0.4767,0.3333333333333333,Positive,No
keep getting richer richer making pocket deeper,YouTube,0.7783,0.0,Positive,No
youre right thats canada king king thats present king nonetheless king stand people legally speaking,YouTube,0.1027,0.1619047619047619,Neutral,No
mean,YouTube,0.0,-0.3125,Neutral,No
good love wef,YouTube,0.7964,0.6,Positive,No
kage youtube deleting comment dont like,YouTube,-0.2755,0.0,Neutral,No
would least move canada usa,YouTube,0.0,-0.3,Neutral,No
please explain mean right,YouTube,0.3182,-0.01339285714285715,Neutral,Yes
canada better usa least still exists,YouTube,0.4404,0.1,Positive,No
vote prime minister canada prime minister leader party seat,YouTube,0.4019,0.0,Neutral,No
hell end right back seat current political climate trump ruined pps chance lol,YouTube,-0.5994,0.21714285714285717,Negative,Yes
option carney pierre,YouTube,0.0,0.0,Neutral,No
real prime minister legal mean well general election people vote next term vote liberal country depends,YouTube,0.3818,0.027500000000000007,Neutral,No
trudeau,YouTube,0.0,0.0,Neutral,No
splitting hair pragmatically know vote cast towards preferred party leader,YouTube,0.4019,0.0,Neutral,No
ruined chance got real meek real quiet trump started taking aim follow ford lead,YouTube,-0.2732,0.1,Neutral,Yes
hopefully win put right back seat pierre shouldnt even chance like trump poilievre,YouTube,0.5647,0.36190476190476195,Positive,No
poilievre ghost ever since trump threatened country even doug ford premier province leader want someone stand country fold like cheap suit never pierre,YouTube,-0.3612,0.4,Neutral,Yes
real canadian real person real voter making voice heard next election,YouTube,0.0,0.15000000000000002,Neutral,No
letting random stranger internet dictate,YouTube,0.0,-0.5,Neutral,No
wait blue wave coming,YouTube,0.0,0.0,Neutral,No
nah anything people viewed trump hope free canada shitlibs lol,YouTube,0.8225,0.6000000000000001,Positive,No
unsubstantiated tag line win trade war sayin,YouTube,-0.0258,0.8,Neutral,Yes
touch grass call kid apologize join real world,YouTube,0.3818,0.2,Positive,No
idea ment show,YouTube,0.0,0.0,Neutral,No
like smith alberta came way,YouTube,0.3612,0.0,Neutral,No
right poilievre selected leader opposition election happened thats thing work system,YouTube,0.0,0.2857142857142857,Neutral,No
wouldnt feel forced parliament wasnt closed,YouTube,0.357,-0.2,Neutral,Yes
except smith actually elected first,YouTube,0.0,0.125,Neutral,No
well let naive motive reason wanted election called right away liberal transition period would benefited party right,YouTube,0.4019,0.09047619047619047,Positive,No
always wanted election even,YouTube,0.0,0.0,Neutral,No
parliamentary decision sorry,YouTube,-0.0772,-0.5,Neutral,No
able vote non confidence,YouTube,0.5106,0.5,Positive,No
elected party leader liberal party member happens every party first time weve seat hoc yet,YouTube,0.7964,0.25,Positive,No
like every party leader country,YouTube,0.6369,0.0,Positive,No
selected installed,YouTube,0.0,0.0,Neutral,No
even better think thats fair,YouTube,0.6369,0.6,Positive,No
opposed previous swearing,YouTube,-0.25,-0.16666666666666666,Neutral,No
understand swearing,YouTube,-0.25,0.0,Neutral,No
swore king representative people legal framework hate advocate parliamentary republic instead crowned one,YouTube,-0.4939,-0.30000000000000004,Negative,No
incredible bad thing canada gotten every day get worse worse,YouTube,-0.8658,-0.14999999999999997,Negative,No
let pierre,YouTube,0.0,0.0,Neutral,No
unelected 100 appointed,YouTube,0.0,0.0,Neutral,No
wef appointed dictator,YouTube,0.0,0.0,Neutral,No
amount people understanding voting work canada astounding,YouTube,0.4215,0.6,Positive,No
election canadian want choice,YouTube,0.0772,0.0,Neutral,No
rule changed sitting become prime minister,YouTube,0.0,0.0,Neutral,No
selected elected need end call election,YouTube,0.0,0.0,Neutral,No
conservative step resign trudeau conservative nobody voted,YouTube,-0.34,0.0,Neutral,No
time get rid king nonsense sick tired hearing europe left world reason,YouTube,-0.836,-0.37142857142857144,Negative,No
man right run country people never elected prime minister shouldnt making decision country,YouTube,0.0,0.2857142857142857,Neutral,No
canadian lived europe last year,YouTube,0.0,0.0,Neutral,No
remember voting democratic election,YouTube,0.0,0.0,Neutral,No
he likely sell canada,YouTube,0.0,0.0,Neutral,No
continuation trudeauwef schill,YouTube,0.0,0.0,Neutral,No
carney freeland simon wef member sad day canada,YouTube,-0.4767,-0.5,Negative,No
father heaven deliver liberalndp agenda save nation father lie nation,YouTube,0.7579,0.0,Positive,No
ghilaine maxwell would approve,YouTube,0.0,0.0,Neutral,No
epstein island connection,YouTube,0.0,0.0,Neutral,No
canada democracy completely gone,YouTube,0.0,0.1,Neutral,No
live gatineau quebec,YouTube,0.0,0.13636363636363635,Neutral,No
kinda work,YouTube,0.0,0.0,Neutral,No
well duh argument dumb,YouTube,-0.5719,-0.3375,Negative,No
didnt choose conservative leader equal dont like leader,YouTube,-0.2755,0.0,Neutral,No
guessing pay attention grade civics class parliamentary democracy,YouTube,-0.1027,0.0,Neutral,No
correct lesser evil politician politician corrupt,YouTube,-0.6597,-0.5,Negative,No
democracy democracy based elected official appointed read,YouTube,0.0,0.0,Neutral,No
canada constitutional monarchy,YouTube,0.0,0.0,Neutral,No
every get appointed form government,YouTube,0.0,0.0,Neutral,No
right also kinda wrong full constitutional monarchy parliamentary democracy,YouTube,-0.4228,0.04523809523809522,Neutral,Yes
hire banker noooo wrong,YouTube,-0.4767,-0.5,Negative,No
moral compass find astounding,YouTube,0.4215,0.3,Positive,No
like yeah freemason single canadian flag sight say right,YouTube,0.5719,0.10714285714285714,Positive,No
get vote party idea rule allowed someone hasnt elected anywhere could appointed leader people even know guy existed charge whole country lead party affect people vote well might support party support leader vote vice versa majority country say carney becoming sit right lot people,YouTube,0.9274,0.3119047619047619,Positive,No
bad phrasing part meant appointed picked libreals rule run leader party currently charge questioning,YouTube,-0.296,-0.3499999999999999,Negative,No
central banker sneak like clown carney,YouTube,0.3612,0.0,Neutral,No
would agree,YouTube,0.3612,0.0,Neutral,No
know scared calm sworn first election called,YouTube,-0.1531,0.275,Neutral,Yes
yeah exactlycalm,YouTube,0.296,0.0,Neutral,No
trudeau never get anything right least legally,YouTube,-0.0762,0.06190476190476191,Neutral,Yes
resigned year ago trump boobooboo,YouTube,-0.25,0.0,Neutral,No
conservative party pathetic,YouTube,-0.25,-1.0,Negative,No
wrong ndp asked trudeau step conservative called election still waiting election,YouTube,-0.4767,-0.5,Negative,No
dont leave let couldnt afford police,YouTube,0.0382,0.0,Neutral,No
reason,YouTube,0.0,0.0,Neutral,No
curious leave pal ancestor left werent enough potato around king royal family perhaps type idealist,YouTube,0.5719,-0.03333333333333333,Positive,Yes
part commonweath english king offical head state back civics class,YouTube,0.0,0.0,Neutral,No
cant let constitution,YouTube,0.0,0.0,Neutral,No
long come swear oath king instead canada flag satisfied freedom democracy sovereignty independence simply another piece kingdom another part limbo dont want want constitutional monarchy casting shadow democracy king queen coin propel future canada strong lonesome wont forget let symbol tough part excuse reason canada freestanding nation future canada always monarch past want dog who owner never raise leave home child grows adult agency certain handle outside world integrity honor asterixis shed shackle throne nation long crown figure head domestic leadership act like royal bow prince stand nation man flag canada alone,YouTube,0.952,0.030582010582010582,Positive,No
broooo filling liberal position next election youll time vote populist government soon,YouTube,0.0,0.0,Neutral,No
technically people vote majority liberal last election democratic step process,YouTube,0.0,0.0,Neutral,No
step canadian democratic process sure isnt democratic objectively dont live actual proper democracy really exist scale said step isnt necessary could done democratically,YouTube,0.3182,0.11948051948051949,Neutral,No
he clearly trolling wouldnt engage,YouTube,0.169,0.10000000000000002,Neutral,No
hey least cia asset,YouTube,0.3612,-0.3,Neutral,Yes
yes called freedom,YouTube,0.7845,0.0,Positive,No
family residence wife continues live canada doomed carnage carney cause next month prior election staggering west split take share navy equipment based percentage ocean shoreline airforce army based percentage landmass debt financial resource bank canada gold share pension fund etc based population equalization payment east invest creating processing manufacturing arm natural resource west create strong gdp global trade new trade agreement neighbour especially nation border pacific rim done ontario quebec controlling canadian narrative danielle smith premier alberta province speaks behave ottawa western independence let call referendum create sovereign state neither thumb usa thumb eastern canada new state constitution right freedom protect citizen globalists wef,YouTube,0.9509,0.10234487734487734,Positive,No
least real job unlike,YouTube,0.0,-0.04999999999999999,Neutral,No
wrong thousand executive live abroad work jealous much,YouTube,-0.7269,-0.05454545454545454,Negative,No
governor nation bank kind predisposes working abroad point,YouTube,0.5267,0.6,Positive,No
thats system ever worked,YouTube,0.0,0.0,Neutral,No
yeah thats canadian politics work voted last federal election party vote next federal election party win party leader get literally grade three stuff fully aware trying edgy,YouTube,0.9201,0.15,Positive,No
need enforce civics class apparently voted carney,YouTube,0.0,0.05,Neutral,No
actually understand think maybe need create clear language cant become party leader leader automatically become yes absolutely agree everybody entitled opinion lot people comment section stating opinion fact thats work fact care opinion want change change opinion,YouTube,0.9153,0.10000000000000002,Positive,No
think people voicing opinion saying installed voting summed indirect way stating system need changed acceptable also lot sarcasm laced thats vote strange comment,YouTube,-0.1027,-0.05,Neutral,No
endorsed maga vance musk alex jones starter,YouTube,0.25,0.0,Neutral,No
clearly havent keeping updid watch speech guesswhen picked liberal leader specifically said canada part way shape form,YouTube,0.4019,0.10000000000000002,Positive,No
lmao real trump lowering price first day defense buying stock market,YouTube,0.5267,0.35000000000000003,Positive,No
well think know trump saying something way guarantee telling truth quite opposite fact since seem agreement trump kidding becoming 51st state would best interest likeminded person chair since smart enough realize maga bit dirty word hed downplay support think endorsement vance musk alex jones telling seems like get messaging together started talking loud,YouTube,0.9702,0.16632653061224487,Positive,No
opposed exxon shell shill,YouTube,0.0,0.0,Neutral,No
friendly reminder harper literal member wef,YouTube,0.4939,0.375,Positive,No
trump,YouTube,0.0,0.0,Neutral,No
ask trump,YouTube,0.0,0.0,Neutral,No
tell know nothing canadian government work without telling know nothing canadian government work,YouTube,0.0,0.0,Neutral,No
constitutional monarchy,YouTube,0.0,0.0,Neutral,No
zero interview seat,YouTube,0.0,0.0,Neutral,No
nobody know anything guy know whats happening country isnt canada anymore hasnt long time,YouTube,0.0,-0.05,Neutral,No
interesting french half swearing mark carney responded english,YouTube,0.1779,0.08333333333333334,Neutral,No
prime minister 40million canadian vote poor track record economic advice trudeau rot hell canadian,YouTube,-0.8271,-0.1,Negative,No
voted seat parliament represent foreign interest may lord mercy nation,YouTube,0.6705,-0.125,Positive,Yes
understand medium liberal talking anything tariff china canada canola,YouTube,0.0,0.0,Neutral,No
canadian canadian need election choose,YouTube,0.0,0.0,Neutral,No
even even allowed speak house common elected official,YouTube,0.0,-0.3,Neutral,No
bad news canada,YouTube,-0.5423,-0.6999999999999998,Negative,No
didnt elect fool way kim campbell,YouTube,0.3412,0.8,Positive,No
037 canadian voted thing,YouTube,0.0,0.0,Neutral,No
want election,YouTube,0.0772,0.0,Neutral,No
hopefully short lived,YouTube,0.4019,0.0,Neutral,No
stupidwe abolish monarchy,YouTube,0.0,0.0,Neutral,No
thats room full slime,YouTube,0.0,0.35,Neutral,No
wrong many way,YouTube,-0.4767,0.0,Negative,No
global elitist power,YouTube,0.0,0.0,Neutral,No
boy boy comment section strong argument better education parliamentary democracy function,YouTube,0.5719,0.4666666666666667,Positive,No
didnt even raise hand anointed office,YouTube,-0.3875,0.0,Neutral,No
carnival carney call election,YouTube,0.0,0.0,Neutral,No
yeahhe would rather president,YouTube,0.0,0.0,Neutral,No
show interview btw convenient ignored part,YouTube,-0.3182,0.0,Neutral,No
cry harder youre nervous poll tied he first come office way wont last,YouTube,-0.6369,0.049999999999999996,Negative,Yes
poll tied lmao,YouTube,0.5994,0.6,Positive,No
ppl pretend method illegal want askdid guy take civics class dont vote prime minister vote party whomever leader party becomes prime minister liberal used method past conservative part canadian politicswhy ppl making suuuuch big deal,YouTube,0.1779,-0.25,Neutral,Yes
yeah like kamala tied trump work,YouTube,0.5719,0.0,Positive,No
yep lot con little bit ahead headed minority government best mean wont get anything done opposing party work,YouTube,0.8442,0.16666666666666666,Positive,No
thats part canadian political structure never voted election vote ballot doesnt say trudeau carney polievre say local affiliated party none changed legitimate part canadian political structure liberal done past conservative,YouTube,0.4019,-0.0625,Neutral,Yes
he leader liberal party say sitting run party leader,YouTube,0.6597,0.0,Positive,No
medium hasnt reported one single thing guy one,YouTube,0.0,-0.07142857142857142,Neutral,No
lol huh well since cant seem google economics degree harvard master degree oxford appointed stephen harper conservative run bank canada also appointed run bank england conservative,YouTube,0.5994,0.8,Positive,No
long guess youll probably leaving soon unhappiness,YouTube,-0.5267,-0.05,Negative,No
guy actually telling like spoon fed information easy look actually well accomplished born raised edmonton alberta,YouTube,0.8555,0.15833333333333333,Positive,No
maybe learn government work,YouTube,0.0,0.0,Neutral,No
know buddy island boy,YouTube,0.0,0.0,Neutral,No
thank quickly determining nobody know anything public fellow getting word regular folk youtube channel must smart,YouTube,0.6369,0.1369047619047619,Positive,No
okay looked he wef member hasnt even lived canada year,YouTube,0.2263,0.5,Positive,No
another puppet playing role idolize people,YouTube,0.2023,0.0,Neutral,No
explain wef quickly tell mean also havent lived canada many year still pay tax though explain detail wef mean impact floor,YouTube,-0.1027,0.052083333333333315,Neutral,Yes
lol thats french terrible,YouTube,-0.0772,-0.06666666666666665,Neutral,No
disqualify like others rich banker,YouTube,0.7269,0.375,Positive,No
dont get still pretend language country,YouTube,0.0762,0.0,Neutral,No
quebec many seat house common politician afford offend without risking never elected put simply combine alberta saskatchewan together barely beat number seat province quebec basically get good quebec ontario rest country really matter,YouTube,0.4725,0.19166666666666665,Positive,No
research comment came real dumb,YouTube,-0.5106,-0.5625,Negative,No
thecanagoose wow way really show carney seat somewhere,YouTube,0.5859,0.15000000000000002,Positive,No
telling one voted,YouTube,0.0,0.0,Neutral,No
well said canada big trouble,YouTube,-0.1531,-0.1,Neutral,No
doesnt need one thats election work,YouTube,0.0,0.0,Neutral,No
want actually lead nation otherwise stuck watching visitor gallery,YouTube,-0.1779,0.0,Neutral,No
51st state became lot realistic today,YouTube,0.0,0.16666666666666666,Neutral,No
nation isnt canada,YouTube,0.0,0.0,Neutral,No
hope west come table election lever pull play ball leave done playing kind,YouTube,0.8519,0.6,Positive,No
requirement seat elected likely liberal step aside riding byelection likely happen correct would unusual sitting prime minister seat something would sustainable long term,YouTube,0.0,0.037500000000000006,Neutral,No
peddle fear elsewhere canadian understand pressure political process social medium naive think every commenter legitimate canadian voice russelldion joined jan 2024,YouTube,-0.7579,-0.08888888888888889,Negative,No
scary many people pdf file,YouTube,-0.4939,0.0,Negative,No
alberta premier seat,YouTube,0.0,0.0,Neutral,No
watched two news story talking,YouTube,0.0,0.0,Neutral,No
canadian choose choose party party chooses leader,YouTube,0.6597,0.0,Positive,No
back civics english class canada,YouTube,0.0,0.0,Neutral,No
dont understand everyone asking trudeau step people complaining calling rigged,YouTube,-0.5106,0.0,Negative,No
need somebody like follow trudeaus footstep hell would canadian even think man like,YouTube,-0.1531,0.0,Neutral,No
also legit question really join today joined mar 2025,YouTube,0.3597,0.2,Positive,No
neither danielle smith party,YouTube,-0.3089,0.0,Neutral,No
well starter fudge vote count election like trudeau,YouTube,0.5574,0.0,Positive,No
wrong prime minister decade lead canada new height,YouTube,-0.4767,-0.18181818181818182,Negative,No
right rizz dog reject probably user titusmccarthy reject account,YouTube,-0.6597,0.2857142857142857,Negative,Yes
jealous much,YouTube,-0.4588,0.2,Neutral,Yes
maybe say justin wasnt politics pierre pollieve started copying donald trump rhetoric policy,YouTube,0.0,0.0,Neutral,No
policicies copied please please specific would sure like hear,YouTube,0.8126,0.25,Positive,No
poll say something different,YouTube,0.0,0.0,Neutral,No
could needed register,YouTube,0.0,0.0,Neutral,No
leader partythe one voted 2021,YouTube,0.0,0.0,Neutral,No
610 million vanity walk official opposition weak flip flop otoole vote libs either,YouTube,-0.7351,-0.375,Negative,No
yeah finishing term,YouTube,0.296,0.0,Neutral,No
kim campbell john turner major surge support selected leader respective party thereby prime minister much good,YouTube,0.8779,0.25416666666666665,Positive,No
lol bold assume mostly canadian voted,YouTube,0.6597,0.5444444444444444,Positive,No
maybe maybe liberal leadership race therefore liberal member got vote elect leader party,YouTube,0.4019,0.8,Positive,No
canadian voted crazy people defend guy reason cause liberal liberal failed canada,YouTube,-0.6908,-0.55,Negative,No
canadian,YouTube,0.0,0.0,Neutral,No
canadian vote party federal election appointed position know shouldnt voting,YouTube,0.4019,0.0,Neutral,No
someone know canadian politics work maybe research educate election,YouTube,0.0,0.0,Neutral,No
voted,YouTube,0.0,0.0,Neutral,No
yea except party leader elect win federal election convenient leave aspect,YouTube,0.743,0.8,Positive,No
poll suggest wont blame sinking chance,YouTube,0.0762,0.0,Neutral,No
indeed,YouTube,0.0,0.0,Neutral,No
mean blame jagmeat selling country,YouTube,-0.34,-0.3125,Negative,No
actually ear,YouTube,0.0,0.0,Neutral,No
wrong show clueless political system actually work,YouTube,-0.6808,-0.16666666666666666,Negative,No
wrong,YouTube,-0.4767,-0.5,Negative,No
going past thing he done fact karen typical liberal thinking thanks laugh little one,YouTube,0.7579,-0.020833333333333325,Positive,Yes
elitist mean experienced smart connection around world need mean career politician,YouTube,0.4019,0.09732142857142859,Positive,No
yes people werent aware weak system,YouTube,0.6256,-0.0625,Positive,Yes
people asking democracy canada arent thing rejectn,YouTube,0.0,0.0,Neutral,No
know reject would flipping con,YouTube,-0.4019,0.0,Neutral,No
know function anti democratic broken know function like,YouTube,-0.4404,-0.4,Negative,No
crazy thing ismany think vote matter never never stand,YouTube,-0.3182,-0.6,Negative,No
become state vote election matter,YouTube,0.0258,0.0,Neutral,No
strong argument freeing canada crown,YouTube,0.5994,0.4333333333333333,Positive,No
petit poilievremaking funny name easy grow take breath maybe beer calm election,YouTube,0.7964,0.3277777777777778,Positive,No
wouldnt know maybe enlighten,YouTube,-0.4023,0.0,Neutral,No
finally got carney run circus,YouTube,0.0,0.0,Neutral,No
single canadian flag sight,YouTube,0.0,-0.07142857142857142,Neutral,No
prime minister duly elected people,YouTube,0.0,0.0,Neutral,No
puppet say canadian call election,YouTube,0.0,0.0,Neutral,No
whats loser comment section failed high school civic class whining parliamentary system canada also like constitutional monarchy leave,YouTube,-0.743,-0.16999999999999998,Negative,No
political corruption,YouTube,0.0,0.0,Neutral,No
never voted please call election asap canadian finally get democratically determine want leading last thing trust money men money man desperately trying short market investment,YouTube,0.0098,-0.15,Neutral,Yes
change canadian legislation prime minister resigns removed dy new leader must chosen within week must already sitting election must called within week selection canadian vote man doesnt hold seat house common process democratic infringement canadian human right,YouTube,-0.6597,0.030519480519480516,Negative,Yes
long hopefully,YouTube,0.4019,-0.05,Neutral,Yes
everyone notice sworn mention working canadian people,YouTube,0.0,0.0,Neutral,No
need government four year people mandate fight trade war trump please call election,YouTube,-0.6369,0.0,Negative,No
noooooooooooooooooooooooooooooooooooooooooooooooooooooooooooooooooooooo get god help get poilievre god help canada,YouTube,0.8225,0.0,Positive,No
amount people comment saying vote inmaybe look canadian government work temporary,YouTube,0.0,0.0,Neutral,No
election next canadian say,YouTube,0.0,0.0,Neutral,No
unelected fantastic democracy live amazing,YouTube,0.8126,0.37878787878787884,Positive,No
trudeaus parting gift canadian mini,YouTube,0.4404,0.0,Positive,No
read telegraph article carney brit warning canada,YouTube,-0.34,0.0,Neutral,No
horrible day canada,YouTube,-0.5423,-1.0,Negative,No
steelworker hamilton present captain steelworker coronation,YouTube,0.0,0.0,Neutral,No
worry youll getting new one soon,YouTube,-0.4404,0.13636363636363635,Neutral,Yes
canadian system head ruling party head government well head state head party step whatever reason party pick replacement quickly possible break leadership,YouTube,0.8481,0.0,Positive,No
bor thats canadian politics work like 3rd 4th time happened like,YouTube,0.6124,0.0,Positive,No
youll get vote whaaaa whaaa whaaa,YouTube,0.0,0.0,Neutral,No
lol indoctrinated much weird,YouTube,0.1779,0.15000000000000002,Neutral,No
yes con worse,YouTube,-0.1027,-0.4,Neutral,No
get cookie soon carney find time canadian,YouTube,0.0,0.0,Neutral,No
assuming fan liberal carney former banker aka corporatist anyone friend high place risk corruption learn ask make nonsense judgment,YouTube,0.1779,0.08,Neutral,No
day keeping people alive hospital watched video popped youtube feed mad commented,YouTube,-0.1531,-0.2625,Neutral,No
well make sure dont vote conservative pocket,YouTube,0.5267,0.5,Positive,No
tell failing grade canadian child learn government,YouTube,-0.5106,0.0,Negative,No
liberal voted stay mad,YouTube,-0.4939,-0.625,Negative,No
money people bad here option pierre carney want pierre get voted carney people say pierre trump time heard express feeling towards like trump either despite liberal say,YouTube,-0.0516,-0.6999999999999998,Neutral,No
lol nah one trump level money conservative one lesser evil one less money way leader canadian version blackrock isnt richer,YouTube,-0.6981,-0.09166666666666665,Negative,No
thinking party continue without leaderfantasticalsoregistered liberal elect big guytell idea canadian politics work without telling,YouTube,0.4019,0.4,Positive,No
lol clearly dont know canadian politics work,YouTube,0.6705,0.45,Positive,No
elected carney represent 001 population,YouTube,0.0,0.0,Neutral,No
way every party leader elected,YouTube,0.4019,0.0,Neutral,No
party leader,YouTube,0.4019,0.0,Neutral,No
leave country better,YouTube,0.4019,0.5,Positive,No
whatever take keep conservative,YouTube,0.0,0.0,Neutral,No
people beyond melodramatic hahaha,YouTube,0.5574,0.2,Positive,No
always south,YouTube,0.0,0.0,Neutral,No
sad day canadian sworn absolutely zero vetting medium,YouTube,-0.4767,-0.15,Negative,No
god help,YouTube,0.5859,0.0,Positive,No
election please,YouTube,0.3182,0.0,Neutral,No
023 look christia freeland left must shoveling snow nose losing,YouTube,-0.3818,0.0,Neutral,No
get vote canadian public never chosen vilian much small riding crime election,YouTube,-0.5423,-0.125,Negative,No
praying blessed holy great lent,YouTube,0.8885,0.8,Positive,No
liberal done ontario premier mcguinty charged corruption replaced kathleen next election 2014 next four year worst ontarians bad next election liberal seat losing seat liberal also lost party status fall endure year agony next election,YouTube,-0.9246,-0.28333333333333327,Negative,No
election,YouTube,0.0,0.0,Neutral,No
billion 1250 trillion year responsible owe billion usahello look,YouTube,0.3182,0.2,Neutral,No
carney clownshow arrived,YouTube,0.0,0.0,Neutral,No
mustve taken oath,YouTube,0.0,0.0,Neutral,No
joke democracy,YouTube,0.296,0.0,Neutral,No
mark carney headed united state degree economics harvard university pursuing master degree doctorate economics oxford university career similarly globetrotting spent year working goldman sachs traveling firm office london tokyo new york toronto according profile bank canada joined 2003 2008 serving governor canada central bank stepping job world plunged great recession campaign lead liberal party carney pointed time evidence experience navigating crisis saying website helped protect job stabilize canadian economy well enough time finished fiveyear term scooped bank england governor first nonbritish person hold position canada member british commonwealth climate change advocate following year crisisridden british public voting depart european union speech 2016 referendum carney warned economic impact brexit would country left bank england 2020 almost seven year job becoming special envoy climate action finance 2019 advocated financial sector invest netzero emission,YouTube,0.7906,0.10492139439507861,Positive,No
imagine liberal apologist educating unelected seat good thing,YouTube,0.4404,0.7,Positive,No
ask gislane maxwell making really good friend,YouTube,0.7698,0.7,Positive,No
dark day democracy canada man elected,YouTube,0.0,-0.15,Neutral,No
least tell billionaire ill funding tax dollar,YouTube,-0.4215,-0.4,Negative,No
messed easily install unelected prime minister,YouTube,0.0,0.43333333333333335,Neutral,No
dafaq one voted,YouTube,0.0,0.0,Neutral,No
canada parliamentary democracywe elect prime minister instead elect mp party mp form government leader party becomes prime minister happened several time past mean unappointed unprecedented,YouTube,0.6597,0.2729166666666667,Positive,No
like medium credible youd whine matter youll get vote soon enough,YouTube,0.0258,0.2,Neutral,No
pdf file seem always right connection,YouTube,0.0,0.2857142857142857,Neutral,No
welcome canada ivan state medium get decide government policy,YouTube,0.4588,0.8,Positive,No
would medium vet prime minister assume thats done numerous ethic law regulation,YouTube,0.0,0.0,Neutral,No
sad,YouTube,-0.4767,-0.5,Negative,No
elect party man,YouTube,0.4019,0.8,Positive,No
conservative voter great day one understands economics glad see trudeau gone,YouTube,0.7964,0.65,Positive,No
old white billionaire banker citizenship seat parliament choose canada love canada citizenship skin game,YouTube,0.6369,0.04999999999999999,Positive,No
mrcuriousk yet literally,YouTube,0.0,0.0,Neutral,No
lol know bank canada england arent commercial bank right,YouTube,0.4215,0.36190476190476195,Positive,No
actually thought looked happy proud honest,YouTube,0.8779,0.55,Positive,No
bingo winner winner,YouTube,0.8225,0.0,Positive,No
please arrest officer,YouTube,-0.0258,-0.05,Neutral,No
research net zero,YouTube,0.0,0.0,Neutral,No
knock education best university world,YouTube,0.6369,1.0,Positive,No
stop imagining start learning parliamentary system work lazy,YouTube,-0.5719,-0.25,Negative,No
imagine understanding government function,YouTube,0.0,0.0,Neutral,No
astounding stupid question like people likely vote,YouTube,0.2263,-0.06666666666666665,Neutral,Yes
droning democracy anyone answering question lib mean mentally insane point,YouTube,-0.4019,-0.65625,Negative,No
familiar canadian political system sitting government partycoalition chooses support,YouTube,0.4019,0.1875,Positive,No
familiar comment refers fact elected position seat parliament extremely rare canadian politics guessing aware irony last time happened,YouTube,-0.0516,0.23125,Neutral,Yes
great point concerning someone go advisor prime minister yes board perhaps surprising aspect given current event canadian elect helm steer stormy sea,YouTube,0.836,0.575,Positive,No
hahawell see well age talk election,YouTube,0.2732,0.0,Neutral,No
elected minister prime minister isnt allowed speak parliament,YouTube,0.0,0.0,Neutral,No
messed read election canada one way check country type democratic government check wiki different type democracy cheer,YouTube,0.2263,0.0,Neutral,No
also elect prime minister party elect leader party thats represented leader becomes prime minister liberal party majority last election since trudeau resigned party elected carney new leader liberal party thus know ifthenstmt follows carney new prime minister canada,YouTube,0.8885,0.3745454545454545,Positive,No
spinosaurus none said change fact right,YouTube,0.0,0.2857142857142857,Neutral,No
elected come,YouTube,0.0,0.0,Neutral,No
never voted carney one deserve,YouTube,0.0,0.0,Neutral,No
nobody give want election,YouTube,0.0772,0.0,Neutral,No
listen team blue making look bad ignorance parliamentary democracy actually work exact thing would happen say otoole last general election forced wed exact situation internal party election held new leader party becomes prime minister next general election pay attention grade civics embarrassingly obvious going win next general election parroting inaccurate fact buzz word,YouTube,-0.4404,0.03664772727272729,Neutral,Yes
isnt similar hitler took power wondering,YouTube,0.0,0.0,Neutral,No
dude look like nerd bullied high school get revenge attains power doesnt look sharp,YouTube,-0.802,0.0175,Negative,Yes
let get straight liberal voted trudeau carbon tax liberal vote carney becasue carbon taxstrange,YouTube,0.2263,0.2,Neutral,No
refused support canada keir starmers visit white house later response trump tariff think canada shed allegiance royal aspect country management wish hope mark carney whoever becomes next election gut execute,YouTube,0.7269,0.0,Positive,No
voted people canada quit stalling resume parliament election called,YouTube,-0.2023,0.0,Neutral,No
nobody voted,YouTube,0.0,0.0,Neutral,No
comment point bit odd arent canadian flag sight would ironic ever byelection run get seat loses,YouTube,-0.6249,-0.08888888888888886,Negative,No
circus lol,YouTube,0.4215,0.8,Positive,No
call canadian know government political system work,YouTube,0.0,0.0,Neutral,No
cool call election,YouTube,0.3182,0.35,Positive,No
voting pierre,YouTube,0.0,0.0,Neutral,No
seat election prime minister,YouTube,0.0,0.0,Neutral,No
trudeaus reflection mirror hard may bit greedy,YouTube,-0.4019,-0.2916666666666667,Negative,No
illegitimate government one voted carbonmark carney better election day,YouTube,0.4404,0.5,Positive,No
hell prime minister swear allegiance british king people canada priority nation people rich guy across ocean,YouTube,-0.296,0.1875,Neutral,Yes
scam,YouTube,-0.5719,0.0,Negative,No
didnt vote poilievre conservative leader,YouTube,0.0,0.0,Neutral,No
really pissed understand process work lol,YouTube,-0.4005,0.5,Neutral,Yes
thank feel exact,YouTube,0.3612,0.25,Positive,No
liberal party process democratic there legitimate process conservative party rule liberal selection carney appointment election,YouTube,0.6597,0.0,Positive,No
change canadian legislation prime minister resigns removed dy new leader must chosen within week must already sitting election must called within week selection,YouTube,-0.3182,0.13636363636363635,Neutral,Yes
totally agree saying way always done bad motto maintaining element governance let hope uproar something brought future parliamentary sitting,YouTube,0.2944,-0.23333333333333328,Neutral,Yes
unfortunately elected card carrying liberal party member current controlling party next general election like halifaxpeacock pointed maybe something work change legislation future,YouTube,0.6705,-0.09,Positive,Yes
team notblue 100 agree vote different side mean civil conversation interest share disagree fear many comment representative actual conservative voter canada difficult see politics invaded sort rhetoric,YouTube,-0.1531,-0.0625,Neutral,No
jibe unfortunately yes want change put people canada elected government canada legislature mechanism place change procedure canadian public vote,YouTube,0.1531,-0.25,Neutral,Yes
agree people contact local ask process changed although seem happen often seem jarring familiar process,YouTube,0.3612,0.1875,Positive,No
although current system still criticized paying attention grade civics reason agree something make sensepeople opinion free thoughtnot everyone npc,YouTube,0.5106,0.2,Positive,No
fair complaining mp much end day canadian part complained carbon tax mp still imposed complained record level ethic violation nothing happened complained housing tax capital gain tax increase nothing happened complained crazy immigration policy yet nothing happened would shocked liberal use tariff crap reason election either,YouTube,-0.7719,-0.2666666666666667,Negative,No
graduate harvard oxford phd,YouTube,0.0,0.0,Neutral,No
probably given retired banker who financial interest largely outside canada,YouTube,0.4588,0.0,Positive,No
parliament recalled election called,YouTube,0.0,0.0,Neutral,No
liberal party voter yea lol,YouTube,0.6705,0.8,Positive,No
wasnt vote coronation,YouTube,0.0,0.0,Neutral,No
take carney run circus,YouTube,0.0,0.0,Neutral,No
right fully seeing broken sitting member wef become without ever winning elected seat house common formerly known house commoner elected peer spoke behalf policy like result canadian,YouTube,-0.5653,0.017142857142857137,Negative,Yes
know work like idea person never elected anything life become prime minister two month think rule need changed must case current,YouTube,0.3612,0.0,Neutral,No
preach,YouTube,0.0,0.0,Neutral,No
look rule,YouTube,0.0,0.0,Neutral,No
dropped high school deb,YouTube,0.0,0.16,Neutral,No
openair nonresistant coup wef,YouTube,0.0,0.0,Neutral,No
ffs people canadian system head ruling party head government well head state head party step whatever reason party pick replacement quickly possible break leadership remember kim campbell thing,YouTube,0.6597,0.0,Positive,No
crimeminister,YouTube,0.0,0.0,Neutral,No
never minister cant prime farce,YouTube,0.3089,-0.4,Neutral,Yes
rather watch youtube ad watch prime minister,YouTube,0.0,0.0,Neutral,No
lot bot chat,YouTube,0.0,0.0,Neutral,No
since french run government,YouTube,0.0,0.0,Neutral,No
canadian people prime minister need call snap election asap need prime minister thats elected people voted political party,YouTube,0.4019,0.0,Neutral,No
wife daughter studying thunder bayontariocanada nearly starving someone help find job canada rescue family three reunited open work permit canada would extremely grateful goodhearted people always rewarded,YouTube,0.8655,-0.008333333333333331,Positive,Yes
headdesk 151899 registered liberal voted 2025 liberal leadership race 163836 verified identity vote 2013 leadership race mark carney received 131674 vote resulting 29457 point first ballot win leadership liberal party canada become next prime minister result public vote registered liberal meet following criterion canadian citizen permanent resident status indian act ordinarily reside canada primary residence canada 183 day year registered liberal january 2025 500pm est comply registration verification procedure,YouTube,0.7579,0.17142857142857146,Positive,No
wait anyone become prime minister without vote current leader step,YouTube,0.0,0.0,Neutral,No
voted also selected parliament closed show democracy supposedly sham,YouTube,0.0,-0.15000000000000002,Neutral,No
john macdonald charles tupper kim cambell mackenzie king john turner prime minsiter either lost seat became without seat read book instead freaking process dont understand,YouTube,-0.6249,0.0,Negative,No
mark carney kamala harris lot common mark unelected soon time conservative government,YouTube,0.0,-0.3,Neutral,No
bad day canada,YouTube,-0.5423,-0.6999999999999998,Negative,No
poilievre governor carny prime minister cant convince oil industry told poilievre smith would profitable canada became 51st either wouldnt sell,YouTube,0.2869,0.0,Neutral,No
vote mark carney trump wannabe pierre,YouTube,0.0,0.0,Neutral,No
simple investor mark carney wrong choice canada,YouTube,-0.4767,-0.25,Negative,No
prime minister wasnt voted citizensatlarge small group liberal party faithful,YouTube,0.6808,-0.25,Positive,Yes
surprised see many canadian know political setup,YouTube,0.2263,0.19999999999999998,Neutral,No
lol gross see wef take,YouTube,-0.0772,0.4,Neutral,Yes
designed way mean right lol kidding,YouTube,0.4939,0.25773809523809527,Positive,No
yes tossed 1st election,YouTube,0.4019,0.0,Neutral,No
thank explaining system weakness,YouTube,-0.0772,0.0,Neutral,No
troll farm bot logic work paid shill genuine apology actual human ppl hold opinion invite discus comment something talking point,YouTube,0.2023,0.13333333333333333,Neutral,No
know fact political system allows need change,YouTube,0.0,0.0,Neutral,No
say ignoring everything context optic think done past good thing keep gross,YouTube,-0.4404,0.15,Neutral,Yes
right weve done past right legislation country need changed likely need change point work opinion dont change,YouTube,0.0,0.08035714285714285,Neutral,No
opinion need loud actually change everyone expressing disgust point zeitgeist tolerate crap going forward majority like canada operates actually good operates wouldnt change objectively matter political party support gross hence outrage,YouTube,-0.4895,-1.586032892321652e-17,Negative,No
suggest alternative achieves continuity leadership government easy yell wrong actual suggestion,YouTube,-0.0516,-0.022222222222222216,Neutral,No
actually entirely agreement thing need change right legally fact agree loudly express opinion unfortunately comment section many people expressing opinion fact thats change work understand fact express opinion fight change want,YouTube,0.4005,0.09761904761904762,Positive,No
crazy idea election far idea needed random youtube comment tell thats correct way select leader,YouTube,-0.34,-0.3333333333333333,Negative,No
election failed involved liberal party supporter option truly concerned would looking following couple month,YouTube,0.5267,-0.25,Neutral,Yes
kim campbell parliament elected constituants actually elected unlikely carney never elected never ran amd appointed various position let forget guy leader wef agenda think following,YouTube,-0.2263,-0.125,Neutral,No
following couple month try decade dude anyone follows politics couple month causing freakout tariff total ignorance liberal party selecting new leader isnt election thats referring involved,YouTube,-0.3818,0.04545454545454545,Neutral,Yes
youtube eating reply anyway yes thing kim campbell general election prime minister going general election party lost carney prime minister process soon going general election likelihood hopefully like party lose think get,YouTube,0.8074,0.05000000000000002,Positive,No
see many people watching youtube add happened first place,YouTube,0.0,0.375,Neutral,No
something canada political system going face next year ensure medium social medium swamped foreign special interest troll farm free press much important ever,YouTube,0.9081,0.15221088435374153,Positive,No
liberal party elected lead country trudeau carney vote lead party prime minister,YouTube,0.6597,0.0,Positive,No
buy party vote first,YouTube,0.4019,0.25,Positive,No
canada vote prime minister vote party liberal party still minority government leader party prime minister election liberal leadership election carney handily therefore prime minister,YouTube,0.7964,0.6,Positive,No
mean thats parliamentary system work get vote new government october,YouTube,0.0,-0.08806818181818182,Neutral,No
yea know government parliament work,YouTube,0.0,0.0,Neutral,No
well parry vote yeah like position last long without support parliament,YouTube,0.5487,-0.025,Positive,Yes
like president dy step finish term well really vice prime minister trudeau stepped liberal party vote new leader vote party leader carney federal election fall win remains,YouTube,0.9153,0.37878787878787884,Positive,No
congratulation brave man challenging time,YouTube,0.836,0.65,Positive,No
candidate well vote 859 majority living rock,YouTube,0.2732,0.0,Neutral,No
said support get educated,YouTube,0.4019,0.0,Neutral,No
keep mind around 130k vote decided 130k say many actually canadian vote anybody anywhere world pay vote party election,YouTube,0.3182,0.25,Neutral,No
dummy,YouTube,0.0,0.0,Neutral,No
thing know unelected leader could put power easily,YouTube,0.34,0.43333333333333335,Positive,No
common currently prorogued support parliament likely scenario carney either ask governor general dissolve parliament trigger election reconvene point one party table confidence motion almost certain fail government end either way carney prime minister couple month unless voter elect another liberal government,YouTube,0.7419,0.037755102040816335,Positive,No
part leading party party vote yes cute word like random anybody walk building like guy,YouTube,0.9337,0.0,Positive,No
john first essentially made country kinda cop bud kim campbell sitting thing make right ridiculous,YouTube,-0.3612,0.050595238095238096,Neutral,Yes
rj1ed3gf4f incorrect cambell seat time selected parliament existed british commonwealth confederation mp john one,YouTube,0.0,0.0,Neutral,No
kim campbell sat 1988 1993 made prime minister lead general election 1993 lost,YouTube,-0.3182,0.05000000000000002,Neutral,Yes
wow really proved canada democracy isnt joke duh guy,YouTube,0.4427,1.850371707708594e-17,Positive,No
bad year canada mean canadian tell country destroyed every facet life think,YouTube,-0.7717,-0.5062499999999999,Negative,No
bad day canada therefore world wef winning,YouTube,-0.0258,-0.09999999999999992,Neutral,No
good day canada,YouTube,0.4404,0.7,Positive,No
100 agree need adult job real world know balance chequebook calm experience working international stage someone emotionally charged develop execute business plan need emotional trump mini never held real job spews slogan helpful,YouTube,0.7506,0.1142857142857143,Positive,No
agree never maga pierre,YouTube,0.3612,0.0,Neutral,No
voting plant moved business usa kid,YouTube,0.0,0.0,Neutral,No
worth million usd carney worth million usd whats issue,YouTube,0.4215,0.3,Positive,No
net worth important,YouTube,0.4019,0.2333333333333333,Positive,No
trump bot working overtime comment,YouTube,0.0,0.0,Neutral,No
people vote therefore leader,YouTube,0.0,0.0,Neutral,No
much rather current member trump youth pierre poilievre,YouTube,0.0,0.1,Neutral,No
call election hopefully put end decade corruption,YouTube,0.4019,0.0,Neutral,No
wef installed,YouTube,0.0,0.0,Neutral,No
people saying unelected american bet canada elect party whose leader become,YouTube,0.4019,0.4,Positive,No
actually elected canada,YouTube,0.0,0.0,Neutral,No
canadian people didnt agree need election,YouTube,-0.2755,0.0,Neutral,No
wait election one missed election didnt vote,YouTube,-0.296,0.0,Neutral,No
feel like living inside simpson episode joke,YouTube,0.5719,0.0,Positive,No
vote inthis election,YouTube,0.0,0.0,Neutral,No
enough liberal time election,YouTube,0.0,0.0,Neutral,No
imagine enacted emergency law stayed power,YouTube,-0.3818,0.0,Neutral,No
please election,YouTube,0.3182,0.0,Neutral,No
resign like trudeau carney,YouTube,0.0258,0.0,Neutral,No
matter lead liberal done liberal policy call election,YouTube,0.0258,0.0,Neutral,No
bot strong one sigh poilievre could deal level economic instability let alone trump god forbid carney prime minister designate excellent choice absolutely problem holding seat people scream prime minister probably people thought trucker convoy protest ottawa peaceful many unprecedented situation last five year time shout freedom call election let carney job let get worst get thing stabilized call election time band together canadian god forbid party work together ugh,YouTube,0.2975,0.24259259259259258,Neutral,No
carney prime minister pierre prime minister trump president,YouTube,0.0,0.0,Neutral,No
nobody elected,YouTube,0.0,0.0,Neutral,No
canadian want pathological lying rich guy politician like trump,YouTube,0.4588,0.375,Positive,No
duh trump bot everyones lib toolbox world,YouTube,0.0,-0.3,Neutral,No
else people,YouTube,0.0,0.0,Neutral,No
cnncbc talking point zero substance,YouTube,0.0,0.0,Neutral,No
liberal party stand new election set forward,YouTube,0.4019,0.13636363636363635,Positive,No
sure rush,YouTube,0.3182,0.5,Positive,No
bless little heart need education canadian political system,YouTube,0.4215,-0.09375,Neutral,Yes
correct lol sure understand,YouTube,0.6249,0.65,Positive,No
effing funny get truly pull string hey buckle,YouTube,0.7474,-0.125,Positive,Yes
bot support pierre,YouTube,0.4019,0.0,Neutral,No
omg duh bot blah blah blah cbc told pierre terribl cbc report carney write seek help,YouTube,0.128,-0.3,Neutral,Yes
mature adult comment section would add patience virtue need wait general election called many source indicate likely happen end month tell conservative friend even agree one time vote person party find common ground weather storm ahead,YouTube,0.9186,0.075,Positive,No
nobody elected leader opposition next election came around really thing work look,YouTube,0.0,0.1,Neutral,No
duh trudeau resigned needed appoint new leader dont understand point comment,YouTube,-0.25,-0.08181818181818182,Neutral,No
didnt unless youre part liberal party pretty sure arent,YouTube,0.802,0.375,Positive,No
shouldnt able lead country without elected people true liberal elected think shady man elected like say,YouTube,0.0433,0.19999999999999998,Neutral,No
canada elect someone electing person essentially electing party stepps election anyone cab register vote,YouTube,0.4019,0.4,Positive,No
know work canadian still disagree way situation unfolded,YouTube,-0.3818,0.0,Neutral,No
could voted,YouTube,0.0,0.0,Neutral,No
vote liberal leader member party,YouTube,0.4019,0.0,Neutral,No
great day canada,YouTube,0.6249,0.8,Positive,No
talk serving king king room,YouTube,0.0,0.0,Neutral,No
need call election today didnt vote,YouTube,0.0,0.0,Neutral,No
clown show baby far cry country used,YouTube,-0.4767,0.1,Negative,Yes
single canadian flag sight tell everything need know meanwhile pierre live canadian flag behind,YouTube,0.0,-0.11168831168831168,Neutral,No
congratulation new mark carney,YouTube,0.5994,0.13636363636363635,Positive,No
canada dident vote guy,YouTube,0.0,0.0,Neutral,No
better get comfortable,YouTube,0.7351,0.45,Positive,No
let election decide prime minister prime minister default let vote speak,YouTube,0.0,0.0,Neutral,No
prime minister,YouTube,0.0,0.0,Neutral,No
fool party need large part libs leave country jailed,YouTube,-0.5574,0.21428571428571427,Negative,Yes
non elected,YouTube,0.0,0.0,Neutral,No
sworn 24th heller big joke snap election fair candidate selected designated,YouTube,0.5423,0.35,Positive,No
embarrassing time dump british monarchy head state,YouTube,-0.6369,0.0,Negative,No
finally guy already proved know stpd career politician,YouTube,0.0,0.0,Neutral,No
creep,YouTube,0.0,0.0,Neutral,No
great call election legitimize right unelected nobody liberal leader voted guy canada want seems leaning way public need vote,YouTube,0.6597,0.36190476190476195,Positive,No
comment section insane sickened flood every comment section hate conspiracy theory actually type canadian commenting ruining country,YouTube,-0.936,-0.6,Negative,No
happy hope shut trump,YouTube,0.765,0.8,Positive,No
hear pledge wonder come end canada real independent nation,YouTube,0.0,0.0,Neutral,No
know everyone canada,YouTube,0.0,0.0,Neutral,No
lmao poll show otherwise,YouTube,0.5994,0.6,Positive,No
believe democracy right,YouTube,0.0,0.2857142857142857,Neutral,No
non elected banksters,YouTube,0.0,0.0,Neutral,No
educate parliamentary system work vote party person,YouTube,0.4019,0.0,Neutral,No
calhoon4u literally vote representative isnt sport reject,YouTube,0.3089,0.0,Neutral,No
know personally speaking,YouTube,0.0,0.0,Neutral,No
triggered lmao want make disparaging remark pushback sooooo troll got,YouTube,0.25,0.6,Positive,No
shut canada,YouTube,0.0,0.0,Neutral,No
guess canada banking experience became little political hope he got solid interest rate promise,YouTube,0.8187,-0.0625,Positive,Yes
joe bidens younger canadian brother,YouTube,0.0,0.0,Neutral,No
sad day putintrump boy,YouTube,-0.4767,-0.5,Negative,No
call isnt member parliament,YouTube,0.0,0.0,Neutral,No
congratulation best wish,YouTube,0.8957,1.0,Positive,No
another power grab,YouTube,0.0,0.0,Neutral,No
let looking forward mark carney prime minister,YouTube,0.0,0.0,Neutral,No
thats democracy dy thunderous applause,YouTube,0.4215,0.0,Neutral,No
congratulation carney,YouTube,0.5994,0.0,Positive,No
think fair give title leader liberal party proper call man prime minister canada need election people elect next prime minister,YouTube,0.6124,0.375,Positive,No
let new era canadian history,YouTube,0.0,0.13636363636363635,Neutral,No
one canadian flag need election,YouTube,0.0,0.0,Neutral,No
yay,YouTube,0.5267,0.0,Positive,No
election nowdone drama queen year,YouTube,0.0,0.0,Neutral,No
read lip carney call election,YouTube,0.0,0.0,Neutral,No
soon get forgot add ahs ums text reading need least per minute,YouTube,0.0,-0.3,Neutral,No
bot full swing comment thread obvious pierre endorser upped budget fall need experience leadership subjugation,YouTube,0.0,0.175,Neutral,No
hard conservative saying election even realize bad thats gon even seen poll,YouTube,-0.5994,-0.49583333333333324,Negative,No
canada would clown fool,YouTube,-0.4404,0.0,Negative,No
people clown,YouTube,0.0,0.0,Neutral,No
agreement call debate 250k voter booted voting member left would actually said something,YouTube,0.4939,0.0,Positive,No
zero policy zero interview excite botĺ,YouTube,0.4767,0.0,Positive,No
messed head stepping mess party created last year,YouTube,-0.0516,-0.0875,Neutral,No
armaan liberal bot,YouTube,0.0,0.0,Neutral,No
new era corruption,YouTube,0.0,0.13636363636363635,Neutral,No
yay new pdf file office one rhat aa advising trudeau throughout current mess huge change,YouTube,0.4939,0.09034090909090911,Positive,No
also pierre good hasnt gotten security clearance yet,YouTube,0.2177,0.7,Positive,No
sure thats cnn told harris supporter vote vote vote conservative get sick leftist,YouTube,0.0258,-0.0880952380952381,Neutral,Yes
disgusting system change shouldnt allowed vote new clown,YouTube,-0.5267,-0.4318181818181818,Negative,No
constituent electedno riding installed,YouTube,0.0,0.0,Neutral,No
51st state joke still bow king england,YouTube,0.296,0.0,Neutral,No
call election want selected,YouTube,0.0772,0.0,Neutral,No
couldnt sit still life depended allow politician like run canada beyond,YouTube,0.5267,0.0,Positive,No
canadian citizen suffering,YouTube,-0.4767,0.0,Negative,No
pathetic still swear allegiance guy like charles ilk congratulation mark carney also would like mark carney straight away address connection ghislaine maxwell emulating obama handled controversy around moronic pastor spewed nonsense way put behind,YouTube,-0.128,-0.4000000000000001,Neutral,No
swearing mean tell truth,YouTube,0.0772,-0.3125,Neutral,Yes
hopefully call election quickly person give country wef,YouTube,0.4019,0.3333333333333333,Positive,No
nice nod camera said king canada allow trump learn cant annex canada,YouTube,0.5719,0.6,Positive,No
yes promise good little puppet crown keep secret peasant canadian,YouTube,0.7845,0.03749999999999998,Positive,No
rigged joke dangerous joke,YouTube,-0.296,-0.6,Negative,No
canadian never voted fool time election,YouTube,0.3412,0.0,Neutral,No
need get carney office soon possible sad day call election,YouTube,-0.4767,-0.25,Negative,No
wonder often prime minister change within party,YouTube,0.4019,0.0,Neutral,No
frightened future kid canada,YouTube,-0.4404,0.0,Negative,No
selected elected call election,YouTube,0.0,0.0,Neutral,No
finally going get election guy going stall long possible kidding latter,YouTube,-0.1027,-0.0125,Neutral,No
probably didnt vote trudeau though either even vote liberal voted,YouTube,0.0,0.0,Neutral,No
hope future,YouTube,0.4404,0.0,Positive,No
kind speak french seat hoc disqualified ask,YouTube,0.1531,0.3,Neutral,No
carney installed like toilet,YouTube,0.3612,-0.03333333333333333,Neutral,Yes
doesnt even look feel honest smooth,YouTube,0.5106,0.5,Positive,No
king charles really love see canada independent commonwealth 100 country,YouTube,0.6697,0.25,Positive,No
never never vote liftist liberal,YouTube,0.0,0.0,Neutral,No
outsmart dumb across street ford trump trump good combination conservative lifeim voting ever cause pain trump,YouTube,-0.5719,0.16249999999999998,Negative,Yes
interim primie minister important given role due attrition democratic vote first act must call election people canada choose someone administernot run rule even steerthe country,YouTube,0.2023,0.17500000000000002,Neutral,No
congratulation prime minister carney,YouTube,0.5994,0.0,Positive,No
unfortunate day canada sworn,YouTube,-0.4588,-0.5,Negative,No
anyone complaining didnt elect fault needed register,YouTube,0.1174,0.8,Positive,No
must missed election,YouTube,-0.296,0.0,Neutral,No
whats point new month,YouTube,0.0,0.13636363636363635,Neutral,No
remembered shortest serving prime minister history liz truss canada,YouTube,0.0,0.0,Neutral,No
conservative trudeau must step also conservative trudeau step carney never elected first place,YouTube,0.0,0.25,Neutral,No
hoping win federal election phd economics canada need prime minister someone understands manage canada economy experience expertise,YouTube,0.765,0.8,Positive,No
literal central banker wow wow,YouTube,0.8225,0.06666666666666667,Positive,No
keeping finger crossed take oath upmost respect seriously,YouTube,0.34,-0.3333333333333333,Neutral,Yes
yeah care live shoebox apartment afford anything hurting trump,YouTube,0.4019,0.13636363636363635,Positive,No
maybe somebody get along degree unlike trudeau freeland want keep poking bear based personal animus man politics,YouTube,0.0772,0.0,Neutral,No
know nothing wrong holding opinion right wanted trudeau step want election make sense,YouTube,0.4318,-0.10714285714285715,Neutral,Yes
disaster,YouTube,-0.6249,0.0,Negative,No
people cry unelected need back civics class canadian elected liberal party liberal party elected carney thats work usa want vote head state directly,YouTube,0.3818,0.05,Neutral,No
vote still democracy asking confused american,YouTube,-0.3182,-0.2,Neutral,No
let hope shortest prime ministerial term canadian history,YouTube,0.4404,0.0,Positive,No
seeing liberal comment comment section weird,YouTube,-0.1779,-0.5,Neutral,No
call early election,YouTube,0.0,0.1,Neutral,No
said french liar,YouTube,-0.5106,0.0,Negative,No
great absolutely mandate even seat people think hell help,YouTube,0.296,0.5,Positive,No
king say land neither liberal ndp politician,YouTube,0.0,0.0,Neutral,No
call election elect competent person job,YouTube,0.3182,0.65,Positive,No
unelected unwanted call damn election,YouTube,-0.5574,0.0,Negative,No
election please small percentage elite voted clown people,YouTube,0.3182,-0.25,Neutral,Yes
one elected shame,YouTube,-0.4767,0.0,Negative,No
course going election many conservative freaking relax,YouTube,0.0258,0.5,Neutral,No
disgusting carney clown,YouTube,-0.5267,-1.0,Negative,No
old garbage gone new pile grows hail hydra,YouTube,0.0772,0.11818181818181818,Neutral,No
prime minister need right,YouTube,0.0,0.2857142857142857,Neutral,No
jtrudeau could enjoy time family thank saving trudeau getting hurt,YouTube,0.3182,0.4,Positive,No
he prime minister voted 151000 people million canadian dont appear get voice democracy need reform political system asked would say country without prime minister,YouTube,0.0,0.0,Neutral,No
insist right side governor,YouTube,0.0,0.2857142857142857,Neutral,No
canadian voted conservative party actually,YouTube,0.4019,0.0,Neutral,No
never said liberal popular vote,YouTube,-0.3252,0.6,Neutral,Yes
youre american doesnt really seem like problem,YouTube,-0.6462,0.1,Negative,Yes
somehow made number plan,YouTube,0.0772,0.0,Neutral,No
actually king quite lot say think going hand yank,YouTube,0.4939,0.0,Positive,No
liberal member could vote liberal party leader canadian people vote,YouTube,0.4019,0.0,Neutral,No
could minus 250k couldnt,YouTube,0.0,-0.1,Neutral,No
lmfao,YouTube,0.5423,0.0,Positive,No
never god trust,YouTube,-0.5448,0.0,Negative,No
sad day canada wait trump take,YouTube,-0.4767,-0.5,Negative,No
congrats time work economy call election vote carney,YouTube,0.5267,0.0,Positive,No
congratulation prime minister mark carney long live democracy canada,YouTube,0.5994,0.043181818181818175,Positive,No
carney right carnival,YouTube,0.0,0.2857142857142857,Neutral,No
people want gone dont even vote,YouTube,0.0772,0.0,Neutral,No
give break guy dont like american maga crap better power vote election come,YouTube,-0.2047,-0.10000000000000002,Neutral,No
carney swears allegiance king kiss ring,YouTube,0.4588,0.0,Positive,No
marx carnage business appointed position election,YouTube,0.0,0.0,Neutral,No
sad day canadian,YouTube,-0.4767,-0.5,Negative,No
smell bull space,YouTube,0.0,0.0,Neutral,No
dont trust guy,YouTube,-0.4023,0.0,Neutral,No
congratulation mark,YouTube,0.5994,0.0,Positive,No
work minimum wage,YouTube,0.0,0.0,Neutral,No
wef installed puppet,YouTube,0.0,0.0,Neutral,No
wef changed representative agent canada dont expect change least better,YouTube,-0.3412,0.1,Neutral,Yes
guy nobody election,YouTube,0.0,0.0,Neutral,No
canadian kamala,YouTube,0.0,0.0,Neutral,No
would even bother right waste time,YouTube,-0.6369,0.042857142857142844,Negative,Yes
happy,YouTube,0.5719,0.8,Positive,No
there quite lot bull already mate might hard differentiate specific odor,YouTube,-0.1027,-0.14583333333333334,Neutral,No
sad day,YouTube,-0.4767,-0.5,Negative,No
nobody comment even vague understanding work lol,YouTube,0.34,0.15000000000000002,Neutral,No
time election bye bye carney slice,YouTube,0.0,0.0,Neutral,No
would better canadian trump,YouTube,0.4404,0.5,Positive,No
guess must recently forgot vote missed something,YouTube,-0.296,0.0,Neutral,No
architect carbon tax tie ghislaine maxwell way back bet list,YouTube,0.0,0.0,Neutral,No
canada need mark carney good welcome prime minister please fight hard team canada,YouTube,0.6369,0.40277777777777773,Positive,No
installed wef,YouTube,0.0,0.0,Neutral,No
guy look like evil rogers,YouTube,-0.4404,-1.0,Negative,No
one voted,YouTube,0.0,0.0,Neutral,No
call election coward,YouTube,-0.4588,0.0,Negative,No
canada screwed,YouTube,-0.4939,0.0,Negative,No
let guaranteed conservative government anymore,YouTube,0.0,0.0,Neutral,No
unelected dictator canada,YouTube,0.0,0.0,Neutral,No
nobody elected parliament egomaniac elitist prime minister,YouTube,0.0,0.0,Neutral,No
nice canada get election,YouTube,0.4215,0.6,Positive,No
call election wef,YouTube,0.0,0.0,Neutral,No
funny finance advisor look dedt hmmm let sink,YouTube,0.4404,0.25,Positive,No
think right choice also think need election right quick properly,YouTube,0.0,0.22619047619047616,Neutral,No
canada democracy action,YouTube,0.0,0.1,Neutral,No
control central bank convenient,YouTube,0.0,0.0,Neutral,No
infiltrated cabinet canada carney,YouTube,0.0,0.0,Neutral,No
like burn,YouTube,0.3612,0.0,Neutral,No
prime minister without winning election political system messed time become 51st state,YouTube,-0.6341,0.25,Negative,Yes
bugz menu luncheon follows intended regular tax paying people,YouTube,0.0,0.0,Neutral,No
circus different clown,YouTube,0.0,0.0,Neutral,No
another disaster canada,YouTube,-0.6249,0.0,Negative,No
kim campbell hold hand shortest term,YouTube,0.4939,0.0,Positive,No
guy shouldnt anywhere near office,YouTube,0.0,0.1,Neutral,No
canadian never voted guy,YouTube,0.0,0.0,Neutral,No
038 broke 4th wall,YouTube,-0.4215,0.0,Neutral,No
need strong one like trump solution,YouTube,0.7964,0.4333333333333333,Positive,No
bus different bus driver,YouTube,0.0,0.0,Neutral,No
thats left see ball job properly,YouTube,0.0,0.0,Neutral,No
trudeau quitthis guy isnt,YouTube,0.0,0.0,Neutral,No
canadabritish colony,YouTube,0.0,0.0,Neutral,No
interesting swore alligence crown offical language mention anything chap,YouTube,0.4019,0.5,Positive,No
one elected time trudeau stepped party leader gone election,YouTube,0.4019,0.0,Neutral,No
praying wisdom new leader advisor,YouTube,0.7096,0.13636363636363635,Positive,No
let hope better job,YouTube,0.7003,0.5,Positive,No
case abolishing westminster system embracing canadian republic westminster system governance rooted tradition british colonial rule fundamentally flawed applied modern independent nation like canada westminster model concentrate much power hand executive leaving citizen mercy unchecked ruling class monarchy though ceremonial undermines democratic sovereignty vesting much power distant foreign figurehead governor general though theoretically neutral unelected representative monarchy hold sway significant political decision system weaken foundational principle selfgovernance personal liberty accountability essential truly free nation instead maintaining outdated system canada shift toward republican form government grounded principle representative democracy power rest people monarchy aristocracy transition would reflect true spirit democratic ideal recognizing people ultimate source power sovereignty canadian republic right people would longer granted government subject whim power would immutable inherent individual godgiven right would privilege bestowed power would foundation social contract based recognition person dignity freedom autonomy government primary role would protect preserve inalienable right restrict manipulate political gain right selfgovernance replacing monarchy people sovereignty first fundamental argument abolishing westminster system need reject hereditary power idea head state unelected inherited inherently undemocratic monarchy extension governor general remnant imperial era place modern free society spirit american revolution founding father must recognize sovereignty canadian people never rest hand unelected monarch representative power must flow people system preserve elitism distant royal canadian republic would empower citizen elect head state ensuring leader country truly accountable people longer would citizen subject whim foreign monarchy government operates shadowy undemocratic manner instead canadian would ability directly shape direction country free election direct democratic process inalienable right citizen godgiven governmentgiven another key argument favor abolishing westminster system moving towards canadian republic establishment immutable constitution recognizes godgiven right current system right freedom often viewed privilege government grant revoke discretion arrangement creates dynamic government becomes arbitrary decider access right circumstance contrast canadian republic would base constitution principle right inherent every individual revoked state right include freedom speech religion property selfdefense pursuit happiness inalienable godgiven infringed upon government establishment republic immutable constitution ensures citizen fundamental liberty protected whim political elite temporary majority solidifies principle personal liberty individual right bedrock society government limited power inspired founding father american revolution laid groundwork idea limited government essential protect individual liberty constitution enshrines principle emphasize importance separation power check balance system protection individual right bill right principle born recognition much concentrated power hand central government threaten freedom canadian republic could draw inspiration principle establishing government limited accountable people federalism would ensure local regional government retain significant authority central government empowered protect right individual maintain national security legislative power would checked independent judiciary ensuring law fair constitutional moreover canadian president prime minister would directly elected people ensuring accountability serve contrast westminster model executive power often held political elite directly elected head state would bound represent interest people rather distant crown interest powerful elite transparent accountable system finally westminster system foster opaque elitist political structure protects status quo impedes genuine reform system often encourages party loyalty principle partisan politics lead corruption inefficiency lack accountability people adopting canadian republic shift towards transparent directly accountable peoplecentered system governance republic would break old hierarchical system replace system people truly control future electoral reform proportional representation could implemented ensure every voice heard group left democratic process conclusion new era canada conclusion canada outgrown westminster system vestige imperial rule canadian republic grounded principle representative democracy personal liberty inalienable right way forward truly free society inspired ideal american revolution build new governmentone accountable people protects fundamental right limit power state government operates immutable constitution recognizes right come god government would truly fulfillment free nation time abolish westminster system forge new pathone respect sovereignty people ensures government serf protects rather oppressing argument canadian republic emphasizes individual liberty inalienable right selfgovernance focus personal responsibility government accountable people drawing wisdom principle american founder thought direction could take,YouTube,0.9994,0.1251229353171101,Positive,No
worry canada real head office washington guy need learn live,YouTube,-0.4404,0.16818181818181818,Neutral,Yes
sure,YouTube,0.3182,0.5,Positive,No
totally corruption government,YouTube,0.0,0.0,Neutral,No
thats system work,YouTube,0.0,0.0,Neutral,No
know doesnt make sense,YouTube,0.0,0.0,Neutral,No
unelected person,YouTube,0.0,0.0,Neutral,No
time get new got plant place,YouTube,0.0,0.13636363636363635,Neutral,No
sickening unelected employee given position time election,YouTube,-0.5267,-0.9,Negative,No
get carney outa town,YouTube,0.0,0.0,Neutral,No
communist carney,YouTube,0.0,0.0,Neutral,No
call win election,YouTube,0.5859,0.8,Positive,No
canadian flag release investment portfolio,YouTube,0.0,0.0,Neutral,No
flag canada,YouTube,0.0,0.0,Neutral,No
people comment section understand election work elected liberal government government selects prime minister like happened situation happened conservative government like kim campbell,YouTube,0.6124,0.0,Positive,No
dont get comfortable,YouTube,-0.4023,0.4,Neutral,Yes
everything make sure stay,YouTube,0.3182,0.5,Positive,No
know demon possessed lust even use fraud self exaltation,YouTube,-0.5859,0.0,Negative,No
commenters dont know anything politics,YouTube,0.0,0.0,Neutral,No
happenwe canadian vote,YouTube,0.0,0.0,Neutral,No
seat parliament legal,YouTube,0.128,0.2,Neutral,No
666th get thrown,YouTube,0.0,0.0,Neutral,No
dark day canada,YouTube,0.0,-0.15,Neutral,No
wait get country,YouTube,0.0,0.0,Neutral,No
offence one voted become people,YouTube,-0.296,0.0,Neutral,No
see eby know carney also thingso election,YouTube,0.0,0.0,Neutral,No
time usher canada new era strength respect long term prosperity,YouTube,0.743,0.043181818181818175,Positive,No
looking prime ministerial welcome open arm bravo,YouTube,0.4588,0.4,Positive,No
joke country joke,YouTube,0.5267,0.0,Positive,No
subaru hehe hold laughter,YouTube,0.4939,0.0,Positive,No
guess anyone rich well connected become west always talk free become anything want work hard enough show nonsensical really different place like china,YouTube,0.8925,0.09666666666666666,Positive,No
congratulation carney good luck going forward,YouTube,0.8689,0.7,Positive,No
another biden canadian lolololololol,YouTube,0.0,0.0,Neutral,No
great call election,YouTube,0.6249,0.8,Positive,No
asked create used car salesman,YouTube,0.2732,0.0,Neutral,No
sweet call election yet,YouTube,0.4588,0.35,Positive,No
dieu sauve charles iii roi canada god save charles iii king canada,YouTube,0.6486,0.0,Positive,No
lie,YouTube,0.0,0.0,Neutral,No
comment make sure researching bipartisan source,YouTube,0.3182,0.5,Positive,No
put emergency act unlimited power hail new emperor,YouTube,-0.3182,0.13636363636363635,Neutral,Yes
epstein list know,YouTube,0.0,0.0,Neutral,No
doesnt say much person integrity accepts position people canada vote surprised taken credit thing business taking credit imposter,YouTube,0.875,0.15000000000000002,Positive,No
system place challenge system,YouTube,0.0772,0.0,Neutral,No
took year year degree lmao education good thing guy take thats poll changing,YouTube,0.7783,0.6499999999999999,Positive,No
think installing carbon tax wouldnt cost consumer money right know much people despise badly managed least elected rather take banker day banker friend never friend banker sell country dime could,YouTube,0.2263,-0.12857142857142853,Neutral,Yes
libs say canada thats good elect senator thats good elect judge thats good elect minority government get lead beyond maybe canada vote representative canadian vote people isnt democracy whine canada mean democracy,YouTube,0.8693,0.5982142857142857,Positive,No
keeping seat warm pierre bud,YouTube,0.2263,0.6,Positive,No
good business man charge good luck represent well,YouTube,0.872,0.7,Positive,No
official become banana republic,YouTube,0.0,0.0,Neutral,No
sad day cdn democracy,YouTube,-0.4767,-0.5,Negative,No
carney mark spot,YouTube,0.0,0.0,Neutral,No
call election rockstar,YouTube,0.0,0.0,Neutral,No
cant even speak french go quebec vote,YouTube,0.0,0.0,Neutral,No
look russian bot post isnt funny,YouTube,-0.3412,0.125,Neutral,Yes
canadian banana republic democracy,YouTube,0.0,0.0,Neutral,No
dude exiled unlawfully put unelected leader,YouTube,0.0,0.0,Neutral,No
miss election,YouTube,-0.1531,0.0,Neutral,No
make skin crawl,YouTube,0.0,0.0,Neutral,No
joke carneys carnival,YouTube,0.296,0.0,Neutral,No
call election markus,YouTube,0.0,0.0,Neutral,No
still swear loyalty king,YouTube,0.5106,0.0,Positive,No
prime minister nobody voted thanks canada,YouTube,0.4404,0.2,Positive,No
wef completely destroy taxpayer standard living,YouTube,-0.5849,-0.1,Negative,No
bot emoticon,YouTube,0.0,0.0,Neutral,No
beginning end canada,YouTube,0.0,0.0,Neutral,No
finally leader brain resume damn time,YouTube,-0.4019,0.0,Neutral,No
pray tell prime minister first minister yet minister hold various citizenship allowed corrupt period need rewrite legal disgrace,YouTube,-0.1027,-0.012499999999999997,Neutral,No
like doesntt use big sharpie,YouTube,0.3612,0.0,Neutral,No
speak french first,YouTube,0.0,0.125,Neutral,No
absolute garbage foolish people,YouTube,-0.2732,0.2,Neutral,Yes
wefs next best thing destroy canadian taxpayer standard living,YouTube,0.1779,0.2,Neutral,No
carney prime minister charles king,YouTube,0.0,0.0,Neutral,No
election far away canadian people,YouTube,0.0,0.1,Neutral,No
congrats carney,YouTube,0.5267,0.0,Positive,No
wan hear policy going bring call election,YouTube,0.0,-0.2,Neutral,No
truly sad day canada duopoly cemented installation working class broken knowing turn gig economy pittance ubi way within year,YouTube,-0.5106,-0.45,Negative,No
serious country,YouTube,-0.0772,-0.3333333333333333,Neutral,No
feel corrupt,YouTube,0.0,-0.5,Neutral,No
guy going liquidate asset,YouTube,0.3612,0.0,Neutral,No
yes position defacto king land people contribute upkeep tax dollar,YouTube,0.4019,0.0,Neutral,No
get want election,YouTube,0.0772,0.0,Neutral,No
embarrassing,YouTube,-0.3818,0.0,Neutral,No
peep freeland tweaking per usual,YouTube,0.0,-0.25,Neutral,No
good know practiced french time,YouTube,0.4404,0.35,Positive,No
election time pierre,YouTube,0.0,0.0,Neutral,No
trump quicksandlol watching greatest show earth,YouTube,0.6369,1.0,Positive,No
dear bank canada england king course thank tightening rein power time great change lol,YouTube,0.9001,0.8,Positive,No
even allowed lol,YouTube,0.4215,0.8,Positive,No
seems like pretty personal guy still banker though,YouTube,0.6908,0.125,Positive,No
someone say dictatorshipwho elected guygod save king,YouTube,0.4939,0.0,Positive,No
gross,YouTube,-0.4767,0.0,Negative,No
disgraceful,YouTube,0.0,0.0,Neutral,No
even possible,YouTube,0.0,0.0,Neutral,No
gong show continues gon pack bag move narnia,YouTube,0.0,0.0,Neutral,No
remind electoral district,YouTube,0.0,0.0,Neutral,No
total bull crap crisis number one trading partner,YouTube,-0.7506,-0.4,Negative,No
better call election see selected elected,YouTube,0.4404,0.5,Positive,No
rishi sunak canada,YouTube,0.0,0.0,Neutral,No
well see created system convinced benefit people still believe drove,YouTube,0.8316,0.0,Positive,No
placeholder call election,YouTube,0.0,0.0,Neutral,No
finance bro,YouTube,0.0,0.0,Neutral,No
big mistake canada,YouTube,-0.34,0.0,Neutral,No
actual prime minister,YouTube,0.0,0.0,Neutral,No
many crybaby,YouTube,0.0,0.5,Neutral,No
election people,YouTube,0.0,0.0,Neutral,No
booooo,YouTube,0.0,0.0,Neutral,No
wef canada,YouTube,0.0,0.0,Neutral,No
wrong sayterribly wrong,YouTube,-0.7351,-0.5,Negative,No
canada,YouTube,0.0,0.0,Neutral,No
guy joke,YouTube,0.296,0.0,Neutral,No
proud carney people need look track record amazing need look merit merit far beyond person canada education top global university governor bank canada governor bank england worked world understands different cultural sensitbilities man job traditionally liberal voter much confidence carney vote liberal smart mature responsible respectful state fact,YouTube,0.9786,0.254945054945055,Positive,No
said calling election asap,YouTube,0.0,0.0,Neutral,No
wheres puke button canada screwed,YouTube,-0.765,0.0,Negative,No
troll full force trying screw next election,YouTube,-0.1027,0.175,Neutral,Yes
guy moved business usa,YouTube,0.0,0.0,Neutral,No
sad disappointing lot canadian clue canadian politics work probably never even voted,YouTube,-0.743,-0.55,Negative,No
welp done,YouTube,0.0,0.0,Neutral,No
definitely voting carney never maga pierre,YouTube,0.4019,0.0,Neutral,No
nobody voted guy,YouTube,0.0,0.0,Neutral,No
vote,YouTube,0.0,0.0,Neutral,No
happen never elected,YouTube,0.0,0.0,Neutral,No
guy get crushed ever get fair election,YouTube,-0.128,0.3,Neutral,Yes
devil throne,YouTube,-0.6597,0.0,Negative,No
moi would also like become prime minister please,YouTube,0.5859,0.0,Positive,No
trudeau part,YouTube,0.0,0.0,Neutral,No
ottawa,YouTube,0.0,0.0,Neutral,No
federal election asap,YouTube,0.0,0.0,Neutral,No
push election quick pierre,YouTube,0.0,0.3333333333333333,Neutral,No
steward gondor,YouTube,0.0,0.0,Neutral,No
prime minister voted people,YouTube,0.0,0.0,Neutral,No
hope looking comment,YouTube,0.4404,0.0,Positive,No
apointed elected,YouTube,0.0,0.0,Neutral,No
election time,YouTube,0.0,0.0,Neutral,No
keep telling,YouTube,0.0,0.0,Neutral,No
voted dummy,YouTube,0.0,0.0,Neutral,No
awful,YouTube,-0.4588,-1.0,Negative,No
welcome,YouTube,0.4588,0.8,Positive,No
show,YouTube,0.0,0.0,Neutral,No
canada last prime minister,YouTube,0.0,0.0,Neutral,No
nothing,YouTube,0.0,0.0,Neutral,No
musical chair,YouTube,0.0,0.0,Neutral,No
anybody run dont need anymore running,YouTube,0.0,0.0,Neutral,No
riding elected,YouTube,0.0,0.0,Neutral,No
congratulation sir,YouTube,0.5994,0.0,Positive,No
serf king canadian,YouTube,0.0,0.0,Neutral,No
funny french useless,YouTube,0.0258,-0.08333333333333333,Neutral,Yes
winning time ahead folk,YouTube,0.5267,0.5,Positive,No
51st state,YouTube,0.0,0.0,Neutral,No
one voted finance minister last leader look turned,YouTube,0.0,0.0,Neutral,No
great visited china like chretien last year great interview cgtn leader talkrace future modernizationreporterfy mediacyrus janssen,YouTube,0.8934,0.4,Positive,No
itll short lived,YouTube,0.0,0.0,Neutral,No
king canadian head state serve king,YouTube,0.0,0.0,Neutral,No
also ran bank canada stephen harper conservative look turned pulled financial crisis,YouTube,-0.6249,0.0,Negative,No
dont vote prime minister,YouTube,0.0,0.0,Neutral,No
didnt run bank canada trudeau argument idea talking,YouTube,-0.3612,0.0,Neutral,No
wasnt thanks proving point,YouTube,-0.3412,0.2,Neutral,Yes
wrong still getting vote,YouTube,-0.4767,-0.5,Negative,No
elected,YouTube,0.0,0.0,Neutral,No
let goooooo,YouTube,0.0,0.0,Neutral,No
new hopefully short term,YouTube,0.4019,0.06818181818181818,Positive,No
guy clown make trump whole carnival,YouTube,0.0,0.2,Neutral,No
neil mccoy ward disturbing truth behind canada new prime minister,YouTube,-0.25,-0.2545454545454546,Neutral,No
freeland buzzing something huffing puffing moving foot head twitching like bobblehead,YouTube,0.3612,0.0,Neutral,No
congrats marj,YouTube,0.5267,0.0,Positive,No
never received vote kamala harris,YouTube,0.0,0.0,Neutral,No
cry shame right prime minister disgusting,YouTube,-0.8625,-0.35714285714285715,Negative,No
say research,YouTube,0.0,0.0,Neutral,No
congradulation,YouTube,0.0,0.0,Neutral,No
god save king,YouTube,0.6486,0.0,Positive,No
purposely shot parliament criticised,YouTube,-0.4215,0.0,Neutral,No
call election guy life wife still new york,YouTube,0.0,0.13636363636363635,Neutral,No
farce,YouTube,-0.4019,-0.4,Negative,No
kim campbell,YouTube,0.0,0.0,Neutral,No
people complaining elected read book maybe find parliamentary system work,YouTube,-0.2023,0.0,Neutral,No
barf,YouTube,0.0,0.0,Neutral,No
hmmm,YouTube,0.0,0.0,Neutral,No
new prime minister mark carney,YouTube,0.0,0.13636363636363635,Neutral,No
canadian citizen voted,YouTube,0.0,0.0,Neutral,No
king,YouTube,0.0,0.0,Neutral,No
jaime ton accent grand,YouTube,0.4588,0.5,Positive,No
american existence canada never made much sense like country even exist map make much sense control north america guy country exists one reason british imperialism british decided keep part united state control land natural resource literally reason kind national identity point existence canada tantamount british continuing control northern ireland part cypress part spain gibraltar part argentina malvinas let face make whataboutisms want spew propaganda actually come single good reason shouldnt join,YouTube,0.8888,0.1357142857142857,Positive,No
canadian vote election,YouTube,0.0,0.0,Neutral,No
finally someone well educated position power love see excited vote call reelection,YouTube,0.8271,0.2916666666666667,Positive,No
canada heading right tube,YouTube,0.0,0.2857142857142857,Neutral,No
guy one voted call election,YouTube,0.0,0.0,Neutral,No
ultimate corruption,YouTube,0.0,0.0,Neutral,No
gross britain still part canada time native take land back,YouTube,-0.4767,0.0,Negative,No
think need learn history little canada exists bunch people state went north duringafter revolutionary war loyalist crown support founding father like revolution canadacanadian people never never americanspart usa anything british respect tradition,YouTube,0.7096,-0.09375,Positive,Yes
nooooooo,YouTube,0.0,0.0,Neutral,No
joke canada completely tucked,YouTube,0.296,0.1,Neutral,No
pierre poilevre coming,YouTube,0.0,0.0,Neutral,No
time election asp,YouTube,0.0,0.0,Neutral,No
accent,YouTube,0.0,0.0,Neutral,No
quite coup,YouTube,0.0,0.0,Neutral,No
swearing majesty people canada constitutional monarchy,YouTube,-0.25,0.0,Neutral,No
temporary minister lol,YouTube,0.4215,0.8,Positive,No
need someone economic background lead question asked time political loyalty time think riding economic tide surviving,YouTube,0.6908,0.13333333333333333,Positive,No
