timestamp,comment,source
N/A,Call the Election. NOW.,YouTube
N/A,CALL AN ELECTION!!!,YouTube
N/A,In Canada you don’t have to be elected to be Prime Minster you just have to be in the WEF where democracy is extinct!,YouTube
N/A,"Great...We've got a new PM who stood alongside our old narcissistic PM (Trudeau), who had ethics violations, conflicts of interests, lies, conflicts of interests, lies, scandals and is corrupt, and has faced no significant repercussions for any of it. he has made a mockery of our ""Democracy"". He also went out of his way to incite and legitimize hate and division during the pandemic. He should be in jail, and so should those who were in his party and remained silent. Let alone Carney has handled finances for the last 5ish years and we're not doing so well. SMH.",YouTube
N/A,Election now. Let the people decide.,YouTube
N/A,Ok now call election,YouTube
N/A,He was not voted in by Canadians. We need an election,YouTube
N/A,"We still have an election, right?",YouTube
N/A,Wef master at your service,YouTube
N/A,Not a damn thing about serving the people.,YouTube
N/A,Gross. Traded up a WEF stooge for a WEF chair.,YouTube
N/A,True allegiance to WEF!,YouTube
N/A,Ok call a election now so the people of Canada can pick a real prime minster,YouTube
N/A,This guy went to Epstein Island many many times and we all know what kind of stuff went down over there so this guy definitely needs to not be the Prime Minister of Canada,YouTube
N/A,WEF PUPPET,YouTube
N/A,"""You will own nothing and be happy"" -from someone in the world economic forum",YouTube
N/A,Selected not elected,YouTube
N/A,"Selected, not elected.",YouTube
N/A,Now call an election,YouTube
N/A,Nothing said representing the citizens of Canada,YouTube
N/A,Was this comment written by a toddler?,YouTube
N/A,Some of you clowns will be in for a rude awakening once you realize PP is not the popular guy you like to think 🤣,YouTube
N/A,"Yes, let's watch PP lose sooner then later lol",YouTube
N/A,Why? They all Washington's lapdog.,YouTube
N/A,"Yes, call an election, so Carney can wipe the floor with Pierre. 😂",YouTube
N/A,"Can't watch any Canadian politics. Do the complete thing in English then do whatever, at that point I can turn it off",YouTube
N/A, @enzymatic1  If he does Canadians will just assist the US.  Canada will retain its sovereignty one way or the other.,YouTube
N/A, @enzymatic1  did you even know who he was 2 months ago? Is he now your biggest hero and what you want to be when you grow up because the TV told you so?,YouTube
N/A," @onyourbikes  
To be fair even after all this time we don't know all that much about Pierre and what his policies are.",YouTube
N/A, @UzumakiNaruto_ because he only has a single paragraph of words in his vocabulary 😂,YouTube
N/A,"@ We're a bilingual country.  We intersperse English and French.  Sometimes it's the same thing said twice, sometimes it's a new point being made in the other language.  There's always an interpreter.",YouTube
N/A,He probably will...,YouTube
N/A,"He just heard your uppercase loud and clear and should happen immediately, thanks for your service!",YouTube
N/A,He eventually will,YouTube
N/A,Stop spreading russian propaganda,YouTube
N/A,Wef is much worse than Russian propaganda,YouTube
N/A,It's bureaucracy under the guise of democracy,YouTube
N/A,Kim Campbell ring a bell? This is not the first time this has happened.,YouTube
N/A,He just swore allegiance to the crown. We are in a feudal system!,YouTube
N/A,If you’re Canadian you should really learn how our system works,YouTube
N/A,@ do you have anything of value to contribute to this conversation? Any political analysis or insight?,YouTube
N/A,"We wanted Trudeau out,  now he's gone. Carney is the Liberal elected replacement. We'll have a chance to vote him out this year!",YouTube
N/A,oh oh - was that your bus?,YouTube
N/A,Same with most countries. Wake wakey,YouTube
N/A,"@ you will get a minority conservative government at best. Which essentially  means opposition party coalition, as you know no one will work with PP",YouTube
N/A,Very true :(,YouTube
N/A,@ I think you better look in the mirror,YouTube
N/A," @MeghenFarley  actually... democracies (in various forms) are the majority worldwide, though slim",YouTube
N/A,@ Are you Canadian?  Do you know how things work here?,YouTube
N/A,@  I'm thinking Liberal minority the way the conservative lead has collapsed.  That's why we see so many conservative supporters on here setting their hair on fire.,YouTube
N/A,"And they will. They will call an election, they have to. Just relax for a second.",YouTube
N/A," @Goodgodgetagripgirl  relevant username. They have to legally hold an election before October 20, it's scary how ignorant most of this comment section is.",YouTube
N/A,"we voted for the liberal party, not trudeau, the elections get called when the govt votes to do so. Carney legally has a mandate to be PM as late as October if Parliament wants.",YouTube
N/A,you voted for a party mate,YouTube
N/A,I get ya but WE the people never  vote directly for the PM.,YouTube
N/A,we will put the emergency act .. to stay in power !,YouTube
N/A,He is. Research before you comment.,YouTube
N/A,"Has Mark Carney been fully vetted yet like every elected member is required?  Has Mark Carney's full financial disclosure been vetted?
Electors need full disclosure on all candidates in an election.",YouTube
N/A,He’s been PM for 52 min i think y’all can wait at least a day beefier he announces an election lmaooo,YouTube
N/A,TheCanagoose where there are zero articles on him,YouTube
N/A,"@ Well ur acting like that’s his fault lmaooo. That’s the canadian system. Also people did vote for him around 150k, it’s not a lot cause you have to register with the liberal party which you could’ve done if you wanted to vote. It’s free to register unlike in the Conservative party where there’s a fee to register to vote in their leadership races.",YouTube
N/A,"@ Ok that definitely sounds like yo igor that off tiktok from a random conspiracy theorist lol, show the receipts",YouTube
N/A,"@ Where the receipts? Anyone can say anything they want but you gotta back it up. See i can do it too, 20% of Canadians agree that ryan o’leary is not a good person who says false information. Like bro SHOW THE RECEIPTS",YouTube
N/A,I think I just found another russian/musk bot 😂,YouTube
N/A," @SpiritOnEarth  yes, he placed  his assets in a blind trust like previous PMs already, tired question.",YouTube
N/A,"@ Idk about the disqualified candidates but they wouldn’t have won anyways. Mark Carney was extremely popular and ended up getting 86% of the vote. As for the 250k people there’s a really simple answer people just don’t vote. There are 40 million canadians probably around 25million eligible voters not sure on that number but only 150k voted. That’s a terrible turnout rate cause kepler simply don’t care. We have lower voter engagement in Canada than in the US, especially when it comes to less televised or planned elections or even for provincial elections. Voter turnout was only 47% for the recent Ontario provincial election.",YouTube
N/A,Can the man at least sit down for a minute? 😂,YouTube
N/A,Ruby Dhalla was also more of a centrist as well. She could have pulled some votes. I'm. Conservative and was always voting pierre but she had some good points,YouTube
N/A,We did many years ego if we vote Liberal party. We do not vote for presidents if not parties.,YouTube
N/A,its in may you df,YouTube
N/A,Wahhhh we need election wahhhhhh,YouTube
N/A,@ Did I say he wasn't?,YouTube
N/A,"Canadians have never ""voted in"" a Prime Minister.",YouTube
N/A,My guess is you think this is the first time a PM has been introduced this way and don't know that we don't elect the PM but only our MP for our ridings?,YouTube
N/A, @squiglees don’t care he is corrupt.,YouTube
N/A, @squiglees  Yes...But at they time they voted for MP's under the guise of a certain PM being elected at. This is now a bait and switch. Please quit trying to gaslight people. This is wrong on many levels.,YouTube
N/A,Who’s the alternative? Pp?,YouTube
N/A,Mark Carney’s leadership will be interesting to watch as Canada navigates its economic and political landscape. Hoping for policies that benefit all Canadians and drive sustainable growth.,YouTube
N/A,You're a bot!,YouTube
N/A,​@0verload wrong they voted for a party cope harder,YouTube
N/A,"John Turner became PM exactly the same way. Mackenzie King lost his seat in 2 elections, then won in by elections. John Abbott and Mackenzie Bowell were Senators when they became PM. 

Yet somehow the country survived.",YouTube
N/A,"This isn't the USA. His party was voted in and the party has every right to choose whatever leader it sees fit. If you wanna vote for an indvidual, join a political party and nominate your choice for party leader.",YouTube
N/A,"151,899 Registered Liberals voted in the 2025 Liberal Leadership race, out of the 163,836 that verified their identity to vote – more than the 2013 Leadership race. Mark Carney received 131,674 votes, resulting in 29,457 points on the first ballot to win the Leadership of the Liberal Party of Canada and become the next Prime Minister.",YouTube
N/A," @cleigh113  That's true, but calling an election could be a way for Canadians to voice their opinion on the direction of the country. It might be the best option if leadership change is needed, as it gives people the chance to decide who they want at the helm",YouTube
N/A,Jug is the next one to bail once he finds out he has about 5%. He knows this.,YouTube
N/A, @shiftfocus1  John Turner had a seat in parliament. Mr. PotatoHead doesn't.,YouTube
N/A,@ I really wonder how many actual Canadians are making posting this stuff.  They seem awfully unaware of how thing work here...,YouTube
N/A,"@ How is he corrupt?  Specific facts with evidence, please.",YouTube
N/A,"@ You were screaming to get rid of Trudeau for the past year or more.  Now you've got what you wanted, you're not happy?  Is it because your 25% lead has disappeared?",YouTube
N/A,@ Mr. Potato Head?  You're really living up to your screen name...,YouTube
N/A,lol,YouTube
N/A,In October,YouTube
N/A,Ummmm...,YouTube
N/A,Its so very easy to educate yourself on the situation. Learn something...why are people so lazy?,YouTube
N/A,"incoming, let's fix this",YouTube
N/A,"Who knows. He could sit for  another 7 months and could even possibly add 1 year after that. Our Govt is quite screwed up all the weird ins and outs of it. We need a better Federal Govt. That actually works to help the people ,not the gov't themselves. Just crazy. Just like the gov't in the UK, it's falling apart by being run by a madman. And the people are all being pushed aside for a govt who wants them gone, bringing in asylum seekers and making their lives perfect, but the Tax Payer lives are hell.  Just the same system we have here in Canada. Maybe time for Canada to move away from that UK and become our own country with our own President. I like the USA way of voting. But I don't want to be part of the US. Keep Canada as Canada. But change our govt. And rules.",YouTube
N/A,"Parliament resumes next week, so yep",YouTube
N/A, @DSVII parliament resumes. Doesn’t mean an election will happen for sure. Could go either way.,YouTube
N/A,ndp holding the reelection hostage so singh can get his pension. we're fcked until october,YouTube
N/A," @PitPwny he will have an election right away, he doesn’t want open parliament and have to answer questions in the HoC",YouTube
N/A,"Goober said he will use the Emergencies Act to fight tariffs, in other words no election.",YouTube
N/A,"Nope, you will have Prison Break Season 2",YouTube
N/A,Touch grass,YouTube
N/A,"bud, you have zero idea what the WEF is. Trump is closer to klauss than anyone.",YouTube
N/A,"Yes, both countries central bank's are members of the Bank for International Settlements in Switzerland",YouTube
N/A,"But he will be loyal to Chuck, another WEF monster.",YouTube
N/A,"They keep getting richer and richer, making their pockets deeper!",YouTube
N/A,"You’re right. But that’s because in Canada we have a king, a king that’s not present, but a king nonetheless. The King, is the stand in for the people, legally speaking.",YouTube
N/A,What does that mean?,YouTube
N/A,"Good, I love the WEF",YouTube
N/A," @Nicolas-Kage  YouTube at it again, deleting comments they don’t like 👍",YouTube
N/A,"That would at least move Canada from the USA, so I'm in",YouTube
N/A,"please explain what you mean by that... oh right, you can't.",YouTube
N/A,"Canada is better off with USA, at least while EU still exists.",YouTube
N/A,We don't vote for a prime minister in Canada. The prime minister is the leader of the party with the most seats.,YouTube
N/A,"He'll just end up right back in the PM seat with the current political climate, Trump ruined PPs chances lol",YouTube
N/A,The only options we have is Carney or Pierre,YouTube
N/A,"We have a real prime minister by legal means.  We'll have a general election and the people will vote for the next term.  Vote liberal,  our country depends on it.",YouTube
N/A,Trudeau 2.0,YouTube
N/A, @j_geau  your just splitting hairs. pragmatically we all know that the votes we cast go towards our preferred party leader.,YouTube
N/A, @Swoopiny  PP ruined his own chances. He got real meek and real quiet when Trump started taking aim at us. All he had to do was follow Fords lead.,YouTube
N/A,Hopefully he wins again. Put him right back in the PM seat. Pierre shouldn't even have a chance. We don't like Trump and Poilievre!,YouTube
N/A,"Poilievre has been a ghost ever since Trump threatened our country and even Doug Ford, Premier of my province, has been more of a leader than him! I want someone who stands up for my country, not folds like a cheap suit! Never Pierre",YouTube
N/A,"@TurtleMarchingKing  I am a real Canadian, a real person, and a real voter, and I'm making my voice heard now and at the next election.",YouTube
N/A,@TurtleMarchingKing  I'm not letting a random stranger on the internet dictate what I am or am not 🤣🤣🤣,YouTube
N/A, @Swoopiny wait for it. The blue wave is coming.,YouTube
N/A," @Swoopiny  Nah, if anything more people viewed Trump as hope to free Canada from the  shitlibs lol",YouTube
N/A,@ unsubstantiated tag lines don't win trade wars. Just sayin,YouTube
N/A,"Touch grass, call your kids, apologize to them and join the real world.",YouTube
N/A,You have no idea what was ment by that and it shows.,YouTube
N/A,just like smith in Alberta. She came in the same way.,YouTube
N/A,"@ Right.  And Poilievre was selected to be the leader of the opposition, until an election happened.  That's how things work in our system.",YouTube
N/A,It wouldn’t feel so forced of Parliament wasn’t closed,YouTube
N/A,Except Smith was actually elected first...,YouTube
N/A," @Someone89171  Well let's be naive about motive.  The reason PP wanted the election called right away was because the Liberals were in a transition period so it would have benefited him and his party, right?",YouTube
N/A,@ but he always wanted an election even before this,YouTube
N/A,@ it's not a Parliamentary decision. Sorry,YouTube
N/A, @MrTeampenner  we should have been able to vote non confidence in the pm,YouTube
N/A,Elected as party leader by Liberal party members ... as happens with EVERY party ... and it's not the first time we've had a PM who didn't have a seat in the HOC yet.,YouTube
N/A,"So, like every other party leader in this country. Ok",YouTube
N/A,@ Selected and installed.,YouTube
N/A,its in may you df,YouTube
N/A, @Vraptor1  even better. i think that's fair,YouTube
N/A,As opposed to previous swearings in?,YouTube
N/A,do you understand what swearing in is?,YouTube
N/A,"He swore to the king, which is a representative of the people under our legal framework. If you hate that, advocate for a parliamentary republic instead of a crowned one.",YouTube
N/A,Its incredible how bad things in Canada have gotten... every day it just gets worse and worse..,YouTube
N/A,"Let’s go, Pierre 🇨🇦",YouTube
N/A,Unelected PM. 100% appointed,YouTube
N/A,WEF appointed dictator.,YouTube
N/A,The amount of people not understanding how voting works in Canada is astounding.,YouTube
N/A,Election now! Canadians want a choice!,YouTube
N/A,The rules should be changed so that only a sitting MP can become Prime Minister,YouTube
N/A,Selected not elected! This 🐎 💨💩 needs to end now. Call an election.,YouTube
N/A,"CONSERVATIVES: Step down! Resign!
TRUDEAU: Ok.
CONSERVATIVES: What!? Nobody voted for this!!!",YouTube
N/A,time to get rid of this king nonsense sick and tired of hearing about europe. WE LEFT THAT WORLD FOR A REASON,YouTube
N/A,This man has no right to run a country the people never elected him Prime Minister. He shouldn’t be making any decisions for this country.,YouTube
N/A,Ya some Canadian lived in Europe for the last 10 years😂,YouTube
N/A,I don't remember voting in this democratic election....,YouTube
N/A,He’s more likely to sell Canada,YouTube
N/A,A continuation of Trudeau...WEF schill,YouTube
N/A,"Carney, Freeland and Simon are all WEF members - such a sad day for Canada",YouTube
N/A,"Father in heaven, deliver us from the LiberalNDP agenda. Save this nation from the Father of lies in our nation.",YouTube
N/A,Ghilaine Maxwell would approve,YouTube
N/A,Epstein Island connections?,YouTube
N/A,Canada's democracy is completely gone.,YouTube
N/A,Do you live in Gatineau Quebec?,YouTube
N/A,Kinda how it works....,YouTube
N/A,Well duh. This argument is dumb,YouTube
N/A,and?,YouTube
N/A,"I didn’t choose the conservative leader ,s we are equal ,we don’t like the leaders .",YouTube
N/A,I'm guessing you didn't pay attention in Grade 10 Civics class eh? This is a Parliamentary Democracy.,YouTube
N/A," @catlover2652  correct, it's all about the lesser evil. But a politician is a politician. Very corrupt.",YouTube
N/A, @KILO993  this is democracy? Uh democracy is based on elected officials. Not appointed. Go read it again.,YouTube
N/A, @KILO993  no it is not. Canada is a constitutional monarchy.,YouTube
N/A,Every PM get appointed by the GG to  form a government,YouTube
N/A," @MrBoratWOW  You're right, but also kinda wrong. It is, in full a Constitutional Monarchy and Parliamentary Democracy.",YouTube
N/A,You can't  just go and hire a banker to be the PM. !! Noooo it is wrong,YouTube
N/A,Where is your moral compass!  I find it astounding.,YouTube
N/A,"33 likes? Yeah ok freemason. Not a single Canadian flag in sight, that says it all right there.",YouTube
N/A,I get that we vote for the party but had no idea the rules allowed for someone who hasn't been elected ANYWHERE could be appointed leader. Most people didn't even know this guy existed before this and now he's in charge of the whole country? Who leads the party DOES affect how people vote as well. Them might support the party but if they don't support the leader won't vote for them and vice versa. Majority of the country had no say in Carney becoming PM and that doesn't sit right with a lot of people.,YouTube
N/A,"@LawsonSchlönsson  bad phrasing on my part. I meant appointed as in picked by the Libreals. 
It's the rules for who can run for leader of the party currently in charge that I was questioning.",YouTube
N/A,Why?,YouTube
N/A,So no central bankers sneak in like this clown Carney did,YouTube
N/A,I would agree with that.,YouTube
N/A,"I know you're scared but calm down, he has to be sworn in first. Election being called.",YouTube
N/A,"Yeah ,exactly,calm down..",YouTube
N/A,"Trudeau never did get anything right, at least legally now did he!",YouTube
N/A, @SutherlandVideo  should have resigned a year ago. Not when Trump did BooBooBoo.,YouTube
N/A,The Conservative Party is pathetic,YouTube
N/A,"You have it wrong... NDP asked for Trudeau to step down. 

Conservatives called for an election. We are still waiting for the election.",YouTube
N/A,"We don’t leave, they let us go. Only bc they couldn’t afford to police us. 😢",YouTube
N/A,what reason,YouTube
N/A,Just curious.  When did YOU leave there Pal?  My ancestors left because there weren't enough potatoes to go around.  Not because of a King or royal family.  Perhaps you are some type of idealist.,YouTube
N/A,we are part of the commonweath where the English King is our offical head of state. Back to civics class for you,YouTube
N/A,@ he cant let us go. in our constitution we have to do it,YouTube
N/A,"@ as long as WE who come here swear oath to the KING instead of CANADA and our flag i will not be satisfied. with out freedom, democracy, sovereignty or independence we r simply another piece of a kingdom, another part in limbo. i dont want want a constitutional monarchy casting a shadow on our democracy. the kings and queens on our coin will not propel us into a future that is CANADA strong on its lonesome. we wont forget but we have to let go. a symbol, or too tough, or its part of us- these excuses are the reason we , Canada, are not a freestanding nation. The future of Canada was always a monarch in its past. Do you want to be a dog whos owner never raise to leave the home, or a child, who grows into an adult with agency that you are certain can handle the outside world with integrity and honor. We are an asterixis until we are shed off the shackles. There is no throne in this nation, but so long as there is a crown on the figure head, the domestic leadership will act like the are royal. I bow to no prince. I stand for my nation. No man, no other flag. Canada alone.",YouTube
N/A,Broooo he's just filling in the liberal position until the next election. You'll have time to vote in your populist government soon.,YouTube
N/A,"And technically the people did vote for majority liberal last election, so this is a democratic step in the process.",YouTube
N/A,"@gothicsock  this is a step in the Canadian democratic process, sure. But this isn't democratic objectively. We dont live in an actual proper democracy. Those can't really exist at scale. That said, this step isn't necessary and could be done more democratically.",YouTube
N/A, @ZenCorvus he’s clearly trolling. I wouldn’t engage.,YouTube
N/A,"Hey, at least he's not a CIA asset.",YouTube
N/A,Yes. It's called freedom,YouTube
N/A,"His family residence is in NY where his wife continues to live. Canada is doomed !! The carnage Carney will cause in the next 6 months prior to the election will be staggering.  Can the West just split off now?  Take our share of the navy equipment based on percentage of ocean shoreline, airforce and army based on percentage of landmass; debt and financial resources (bank of Canada gold shares, pension fund etc)  based on population. No more equalization payments to the East. Invest in creating our own processing and manufacturing arm of the natural resources the west has to create our own strong GDP for global trade, and new trade agreements, with our neighbours especially those nations the border the pacific rim.  I am so done with Ontario and Quebec controlling the Canadian narrative. Danielle Smith the premier of Alberta, not my province, speaks more on my behave than does our PM in Ottawa. I am for the Western independence. Let’s call a referendum so we can create our own sovereign state. Neither under the thumb of the USA nor under the thumb of Eastern Canada. A new state, with our own constitution, rights and freedoms that will protect the citizens from the globalists in the UN, WHO and WEF.",YouTube
N/A,At least he's had a real job before. unlike PP.,YouTube
N/A,And what is wrong with that? Thousands of executives live abroad for work. Jealous much?,YouTube
N/A,Being a governor of a nation's bank kind of predisposes working abroad at some point.,YouTube
N/A,that's not how our system has ever worked,YouTube
N/A,"Yeah that’s not how Canadian politics work. We voted in the last federal election. A party won. We will vote in the next federal election. A party will win. Party leaders get to be PM. It’s literally grade three stuff. 
Or are you fully aware and we’re just trying to be edgy? 🙄",YouTube
N/A,"We need to enforce civics classes, apparently. I voted for Carney.",YouTube
N/A,"@ I actually understand that. And I think maybe we need to create very clear language about who can and can’t become party leaders when that leader will automatically become PM. 
And yes, I absolutely agree that everybody is entitled to their opinion. But there are a lot of people in this comment section stating opinions as fact. And that’s just not how it works. Facts do not care about your opinion. You want change? Change it. Until then, your opinion is just that.",YouTube
N/A,@stephanie5249  i think people are voicing their opinion by saying he was installed and not voting in. A summed up and indirect way of stating the system needs to be changed and this is not acceptable.  Also a lot of sarcasm laced in it. That's what 99% of the i didn't vote him in strange comments are,YouTube
N/A,"PP is endorsed by maga.  Vance, Musk, and Alex Jones for starters.",YouTube
N/A,"Clearly you havent been keeping up..didn't watch his speech I guess,when he was picked as liberal leader and specifically said Canada will not be part of  US in any way shape or form",YouTube
N/A,"@ LMAO are you for real,  Trump was lowering prices his first day.. In his defense, he did if your buying into the stock market.",YouTube
N/A," @thegreatdominion949  Well - I think we all know that Trump saying something is in no way a guarantee that he's telling the truth.  Quite the opposite, in fact.  But since we all seem to be in agreement now that Trump is NOT kidding about us becoming the 51st state, it would be in his best interest to have a like-minded person in the PM chair up here.  And since he's smart enough to realize that ""maga"" is a bit of a dirty word for most of us up here, he'd downplay that support.  But I think the endorsements from Vance, Musk, and Alex Jones are very telling. It seems like they didn't get the messaging together before they started talking out loud.",YouTube
N/A,"As opposed to PP, an Exxon, BP, Shell shill.",YouTube
N/A,a friendly reminder that Harper was a literal member of the WEF,YouTube
N/A,And Trump?,YouTube
N/A,"Ask Trump, he was there",YouTube
N/A,Tell me you know nothing about how the Canadian government works without telling me you know nothing about how the Canadian government works.,YouTube
N/A,It's a Constitutional Monarchy,YouTube
N/A,"Zero interviews,  no seat, not my pm",YouTube
N/A,"Nobody knows anything about this guy. I don't know what's happening to our country, but this isn't Canada anymore, and it hasn't been in a long time.",YouTube
N/A,"It is interesting that during the French half of the swearing in, Mark Carney responded in English.",YouTube
N/A,Not my prime minister. 40+million Canadians did not vote for him and his poor track record of economic advice to Trudeau.  He can rot in hell for what he did to Canadians!,YouTube
N/A,not voted in. no seat in parliament. represent foreign interests. ... may the lord have mercy on that nation.,YouTube
N/A,Don't understand why the media or the liberals are not talking to anything about the tariffs from China on Canada  Canola,YouTube
N/A,"He's not Canadians PM. We, as Canadians, need an election now to choose a PM.",YouTube
N/A,He's not even he's not even allowed to speak in the House of Commons not being an elected official,YouTube
N/A,very bad news for Canada,YouTube
N/A,We didn’t elect this fool.. he will go the way of Kim Campbell 😂,YouTube
N/A,0.37% of Canadians voted for this thing.,YouTube
N/A,We want an election!!,YouTube
N/A,Hopefully this is short lived!,YouTube
N/A,This is so stupid...we should abolish the monarchy,YouTube
N/A,That's a room full of slime,YouTube
N/A,This is so wrong in so many ways,YouTube
N/A,Global Elitist in power now.,YouTube
N/A,"Boy oh boy, this comments section is a strong argument for better education on how a parliamentary democracy functions...",YouTube
N/A,"Didn’t even raise his hand, anointed into office.",YouTube
N/A,Carnival Carney...... CALL AN ELECTION,YouTube
N/A,Oh yeah....he is.  Would you rather have a president?,YouTube
N/A,Show me his interviews BTW convenient you ignored that part,YouTube
N/A, @ZenCorvus  Cry harder. Youre just nervous because the polls are now tied.  Hes not the first to come to PM office this way and wont be the last.,YouTube
N/A,The polls are not tied lmao ​ @AlyssaSouthSide ,YouTube
N/A," @AlyssaSouthSide ppl who pretend this method is illegal I just want to ask..did you guys not take gr 10 civics class? We don’t vote for prime minister, we vote for the party and whomever is the leader of that party becomes prime minister. The liberals have used this method in the past and so have the conservatives. This is just a part of Canadian politics….why are ppl making SUUUUCH a big deal out of it?",YouTube
N/A," @AlyssaSouthSide yeah just like Kamala was tied with trump, how did that work out for her? 😂",YouTube
N/A," @bigopalcup  Yep, a lot of  them are. Or the cons are just a little bit ahead. PP is headed for a minority government at best, which means he wont get anything done at all, as no opposing party will work with him.",YouTube
N/A,@ but that’s part of the Canadian political structure. You never voted for an PM. During election when you vote your ballot doesn’t say Trudeau or Carney or Polievre. It says your local MP and the affiliated party. None of those have changed. Again all of this is a legitimate part of Canadian political structure. Liberals have done it in the past so has the Conservatives.,YouTube
N/A,@ he’s the leader of the liberal party. Where does it say he has to be a sitting MP to run for party leader?,YouTube
N/A,Media hasn't reported one single thing on the guy not one.,YouTube
N/A,"lol, huh? Well since you can’t seem to google.  He has an economics degree from Harvard, a masters degree from Oxford.  He was appointed by Stephen Harper (a conservative PM) to run the Bank of Canada, he was also appointed to run the Bank of England by a conservative PM.",YouTube
N/A,"So long then, I guess.  You'll probably be leaving soon?  What with your unhappiness and all.",YouTube
N/A,You guys are actually just telling us you like to be spoon fed information... He's easy to look up and actually very well accomplished. Born and raised in Edmonton Alberta.,YouTube
N/A,Maybe you should learn how our government works. . .,YouTube
N/A,I know he's buddies with island boy. 🤷,YouTube
N/A,"Thank you for quickly determining that nobody knows anything about this very public fellow, and then getting the word out to regular folks through the Youtube channel.  You must be very smart.",YouTube
N/A," @Bora_TalksTV  Okay, looked him up. So he’s a WEF member that hasn’t even lived in Canada for 10 years.",YouTube
N/A,Another puppet playing a role. Do not idolize these people.,YouTube
N/A, @brulfsson  explain WEF for us quickly and tell us all what that means. I also haven’t lived in Canada for many years but I still pay taxes there though. Now explain in detail what WEF means and the impact of it. The floor is yours,YouTube
N/A,"Lol, that's because his French is terrible.",YouTube
N/A,Should disqualify him like the others but he is a rich bankers,YouTube
N/A,I don’t get why we still pretend to be a 2 language country.,YouTube
N/A," @lawbinson  Because Quebec has so many seats in the House Of Commons that no politician can afford to offend them without risking never being elected. To put it simply if you combine BC, Alberta, and Saskatchewan together we just barely beat the number of seats that the province of Quebec has on their own.
So basically, if you can get in good with Quebec and Ontario the rest of the country doesn't really matter.",YouTube
N/A,Research before you comment. Just came off real dumb.,YouTube
N/A,"TheCanagoose wow way to really show him

Does carney have a seat somewhere?",YouTube
N/A, @TheCanagoose  He was telling it as it is. No one Voted for this.,YouTube
N/A,Well said. Canada is in big trouble,YouTube
N/A," @ZenCorvus  he doesnt need one, thats how our elections work",YouTube
N/A," @Mrpickleweasel  He does if he wants to actually lead the nation. Otherwise, he's stuck watching from the visitor's gallery.",YouTube
N/A,51st state became a lot more realistic today,YouTube
N/A,All nations. This isn't just Canada,YouTube
N/A,@RussellDion  I hope the west comes to table after election with levers to pull. Play ball or we leave. Done playing kind,YouTube
N/A,"​ @TiredoldFox  There is no requirement for the PM to have a seat when elected, most likely a Liberal MP will step aside in their riding for a by-election, which is most likely what will happen. But you are correct, it would be very unusual for a sitting Prime Minister not to have a seat. Not something that would be sustainable long term.",YouTube
N/A," @RussellDion  peddle your fear elsewhere. Canadians understand the pressure on our political process from social media, we are not so naive to think that every commenter is a legitimate Canadian Voice.            RussellDion: Joined Jan 15, 2024",YouTube
N/A,What is scary is how many people are ok with this PDF file :(,YouTube
N/A, @ZenCorvus did the Alberta premier have a seat when she won?,YouTube
N/A,I just watched two news stories on this... what are you talking about?,YouTube
N/A,"Canadians don't choose a PM. They choose the party, the party chooses the leader.",YouTube
N/A,"back to civics (and english) class for you. ""He is not CANADA'S PM.""",YouTube
N/A,"I don’t understand everyone was asking for Trudeau to step down and now after he did, people are complaining and calling it rigged",YouTube
N/A,And if we need somebody like that to follow in Trudeau's footsteps why the hell would any Canadian even think about having a man like that,YouTube
N/A,"Also Legit question. Did you really just join YT today?   -  Joined Mar 14, 2025",YouTube
N/A,Neither was Danielle Smith when her party won.,YouTube
N/A,@Vraptor1  well for starters the didn't fudge to vote count for the election like Trudeau did,YouTube
N/A,Wrong.   He will be prime minister for a decade and lead Canada to new heights,YouTube
N/A,"Right, rizz the dog is a reject

Probably same user as titusmccarthy and the other reject accounts you have",YouTube
N/A,Jealous much?,YouTube
N/A,@stevenmartin7050  Maybe I didn't say that about Justin as I wasn't into politics until Pierre Pollieve started copying Donald Trump's rhetoric and policies,YouTube
N/A, @rizz_the_dog  what policicies has he copied??   please be  please be specific I would sure like to hear these,YouTube
N/A,The polls say something different ;),YouTube
N/A,But you could have… All you needed to do was register,YouTube
N/A,The leader of the party...the one we voted in in 2021.,YouTube
N/A, @kerrilee501  that was a $610 million vanity walk.. the official opposition was weak with flip flop O’toole.. did not vote Libs then! Will not again either,YouTube
N/A,@ Yeah and now they are finishing their term.,YouTube
N/A, @AlyssaSouthSide  Kim Campbell and John Turner both had major surges in support after they were selected as leaders of their respective parties and thereby Prime Minister.  It didn't do them much good.,YouTube
N/A,Lol.. bold of you to assume it was mostly Canadians who voted,YouTube
N/A,"Maybe just maybe, it was because it was a liberal leadership race... Therefore, only liberal members got to vote to elect a leader for their party.",YouTube
N/A,"No Canadian voted for him, but crazy how there will be people to defend this guy for no reason just cause he is liberal... liberal failed Canada",YouTube
N/A,Canadians?,YouTube
N/A,"Canadians vote for the party in federal elections. PM is an appointed position, if you don't know this, you shouldn't be voting at all",YouTube
N/A,Someone doesn't know how Canadian politics work. Maybe do some research and educate yourself before the election.,YouTube
N/A,I voted,YouTube
N/A," @Xachremos Yea except party leader elects SHOULD then have to win a federal election, Convenient of you to leave out that aspect",YouTube
N/A,The polls suggest it wont be ;) Blame PP for sinking his chance.,YouTube
N/A,It's indeed,YouTube
N/A, @AlyssaSouthSide   You mean blame Jagmeat for selling out the country?,YouTube
N/A,"Actually, it is between your ears!",YouTube
N/A,"Not wrong at all, it shows that you are clueless about how our political system actually works..",YouTube
N/A,How is it wrong?,YouTube
N/A,@ I’m going by his past and things he’s done. Those are facts and not a karen. Typical liberal thinking. Thanks for the laughs little one,YouTube
N/A,"Elitist?  You mean experienced, smart, and with the connections around the world that we need?  You mean NOT a career politician?",YouTube
N/A,"Yes, some people weren't aware of how weak our system is.",YouTube
N/A,"Ya people asking for democracy and this is what canada has

They arent the same thing, rejectn",YouTube
N/A,Just know this reject would be flipping out if it were cons doing it.,YouTube
N/A,We know how it functions and it's anti democratic and broken. You know how it functions and like it?,YouTube
N/A,"Crazy thing is..many of you think your ""vote"" matters. It never has and never will. Stand up 🇨🇦 & 🌎",YouTube
N/A,@MeghenFarley  why we should become a state so that we can vote in the election that matters most.,YouTube
N/A,Or a strong argument for freeing Canada once and for all from the Crown....,YouTube
N/A,"Petit Poilievre...making funny names is easy. Grow up, take a breath maybe have a beer or 12 to calm down and there will be an election.",YouTube
N/A, @ZenCorvus  Wouldn't know. Maybe you can enlighten me?,YouTube
N/A,Finally! we got a carney to run this circus.,YouTube
N/A,Not a single Canadian flag in sight,YouTube
N/A,Not my prime minister not duly elected by the people,YouTube
N/A,"What a puppet, Says all US Canadians. Call for elections NOW!",YouTube
N/A,"What's with all the losers in the comments section who failed their high school civic class and now are whining about the parliamentary system in Canada? Also, if you don't like the constitutional monarchy, leave!",YouTube
N/A,Political Corruption,YouTube
N/A,I never voted for you. Please call an election ASAP so Canadians will finally get to democratically determine who we want leading us. Last thing I trust are money men. The US has a money man and he's desperately trying to short the market for his investments.,YouTube
N/A,"There should be a change in Canadian legislation, so that when a Prime Minister resigns, is removed or dies…  a new PM (leader) must be chosen within 6 weeks (and must already be a sitting MP) … and an election must be called within 6 weeks after selection.  Canadians did not vote for this man.  He doesn’t hold a seat in the House of Commons.  This process is not democratic.  It is an infringement of Canadian human rights.",YouTube
N/A,Not for long hopefully,YouTube
N/A,"Does everyone notice not once when he was sworn in, did they mention that he will be working for the Canadian people?",YouTube
N/A,We need a government with four years of people's mandate to fight the trade war against Trump. Please call the Election NOW.,YouTube
N/A,Noooooooooooooooooooooooooooooooooooooooooooooooooooooooooooooooooooooo! Get! Him! OUT!!! God help us all! Get Mr. Poilievre over here now! God help Canada! 🇨🇦😭😣😔,YouTube
N/A,The amount of people in the comments saying they didn't vote him in🤦🏻‍♀️...maybe you should look up how the Canadian government works. He is a temporary PM.,YouTube
N/A,Election next so Canadians can have a say in their PM.,YouTube
N/A,Unelected. What a fantastic democracy we live in! Amazing.,YouTube
N/A,Call a election,YouTube
N/A,Trudeau’s parting gift to Canadians. His mini me,YouTube
N/A,Go read the UK Telegraph's articles on Carney. The Brits are warning Canada.,YouTube
N/A,What a horrible day for canada 😢,YouTube
N/A,No Steelworkers from Hamilton present at Captain Steelworker’s coronation?,YouTube
N/A,"Don't worry, you'll be getting a new one soon 😂",YouTube
N/A,"The Canadian system is such that the head of the ruling Party is Head of Government as well as Head of State. When the head of a Party steps down for whatever reason, the Party picks the replacement as quickly as possible so that there is no break in leadership.",YouTube
N/A,"Bor that’s just how Canadian politics works, this is like the 3rd or 4th time this has happened like this",YouTube
N/A,"You'll  get your vote.
Whaaaa whaaa whaaa
🇨🇦 ✌️",YouTube
N/A,Lol indoctrinated much ? Weird,YouTube
N/A,"Yes, but PP and the Cons are worse.",YouTube
N/A, @Goodgodgetagripgirl you will get your cookie soon as carney finds time for Canadians,YouTube
N/A,"@MrDjohi  What are you assuming? I'm not a fan of the Liberals or Carney. He's a former Banker, aka he's a corporatist. Anyone that has friends in those high places is at risk of corruption. Learn to ask before you make nonsense judgments.",YouTube
N/A,"@MrDjohi  Its my day off keeping people alive at the hospital, so I watched a video that popped up on my YouTube feed, and you're mad that I commented?",YouTube
N/A,"well make sure you dont vote conservative, they are all in the same pocket",YouTube
N/A,Tell us more about failing grade 9. Where Canadian children learn about their own government...,YouTube
N/A,"We liberals voted for him, stay mad",YouTube
N/A,Not all money people are that bad some are but not all here's our options Pierre or Carney I want Pierre but if he doesn't get voted in then it's Carney people say that Pierre is for Trump but there been times when I heard him express his feelings towards that he doesn't like Trump either despite what liberals say.,YouTube
N/A, @sunyydazee  lol nah this one is more Trump level money than the conservative one. Lesser of 2 evils is the one with less money to me. And no way the leader of the Canadian version of BlackRock isn't richer.,YouTube
N/A,Thinking a party can continue without a leader...fantastic...also...registered liberals did elect him big guy...tell me you don't have any idea how Canadian politics work without telling me,YouTube
N/A,"lol, you clearly don’t know how Canadian politics work.",YouTube
N/A,Those who elected Carney represent 0.01 of the population.,YouTube
N/A, @nueloblack  - the same way every party leader has been elected.,YouTube
N/A,"@ Party leader, not PM.",YouTube
N/A,It is. Once you leave the country it will be better 🙏,YouTube
N/A,Why,YouTube
N/A,Whatever it takes to keep the Conservatives out! 👍🎉,YouTube
N/A,you people are beyond melodramatic hahaha,YouTube
N/A,You can always go south,YouTube
N/A,"This is a sad day for ALL Canadians. 

Sworn in with absolutely zero vetting by the media.",YouTube
N/A,My God help us all,YouTube
N/A,Election please !,YouTube
N/A,0:23 look at Christia Freeland on the left 😂 She must be shoveling the snow down her nose after losing.,YouTube
N/A,We did not get to vote.  😡 The Canadian public has never chosen this vilian for as much as a small riding.  This has to be a crime.  ELECTION NOW,YouTube
N/A,Praying you all have Blessed Holy Great Lent 🙏✝🕊,YouTube
N/A,"Liberals have DONE this before with Ontario Premier. When Mcguinty was charged for corruption, they replaced him with Kathleen. Where she WON the next election on 2014. Next fours years was the worst for Ontarians. It was so bad in the next election the Liberals won 7 seats only,  losing 51 seats. Liberals also lost party status. If you fall for this again it's on you, endure years of agony before next election 😂",YouTube
N/A,Elections now.,YouTube
N/A,"40 billion to 1,250 trillion in 8 years.. you are responsible. We owe 60 billion to USA...HELLO LOOK HIM UP",YouTube
N/A,The Carney Clownshow has arrived!,YouTube
N/A,he must’ve taken the oath,YouTube
N/A,What a joke for democracy,YouTube
N/A,"About Mark Carney 

He then headed to the United States for a degree in economics at Harvard University, before pursuing a master’s degree and doctorate in economics from Oxford University.
His career was similarly globe-trotting. He spent 13 years working for Goldman Sachs, traveling between the firm’s offices in London, Tokyo, New York and Toronto, according to a profile from the Bank of Canada, which he joined in 2003.
By 2008, he was serving as governor of Canada’s central bank, stepping into the job as the world plunged into the Great Recession. During his campaign to lead the Liberal Party, Carney pointed to this time as evidence of his experience navigating crises, saying on his website he had helped protect jobs and stabilize the Canadian economy.

He did well enough that by the time he finished his five-year term, he was scooped up by the Bank of England to be its governor — the first non-British person to hold the position. (Canada is a member of the British Commonwealth.)
Climate change advocate
The following years were just as crisis-ridden, with the British public voting to depart the European Union. In speeches before the 2016 referendum, Carney had warned of the economic impact Brexit would have on the country. He left the Bank of England in 2020 after almost seven years in the job.
After becoming the UN Special Envoy for Climate Action and Finance in 2019, he advocated for the financial sector to invest in net-zero emissions.",YouTube
N/A,"Imagine being a liberal apologist, educating us on why an unelected PM with No seat,  is a good thing!?!",YouTube
N/A,Ask him how Gislane Maxwell's making out. They're really good friends😂,YouTube
N/A,This is a dark day for democracy in Canada.  This man was not elected.,YouTube
N/A,Can you at least tell me which billionaires I'll be funding with my tax dollars?,YouTube
N/A,This is... SO messed up.. they can easily just install an unelected prime minister.,YouTube
N/A,Dafaq? No one voted for him to be the PM,YouTube
N/A,"In Canada, we have a parliamentary democracy—we do not elect a prime minister. Instead, we elect MPs, the party with the most MPs forms government, and the leader of that party becomes prime minister. This has happened several times in the past; by no means is this unappointed or unprecedented.",YouTube
N/A,"Like the media is credible.
You'd whine no matter who.
You'll get your vote soon enough.",YouTube
N/A,Pdf files seem to always have all the right connections!,YouTube
N/A,welcome to Canada Ivan. Where the state media does not get to decide government policy.,YouTube
N/A,Why would the media vet any prime minister? I assume that’s done by the numerous ethics laws and regulations.,YouTube
N/A,Why is it sad.,YouTube
N/A,We elect a party not a man.,YouTube
N/A,As a conservative voter it’s a great day to have some one who understands economics.  So glad to see Trudeau gone.,YouTube
N/A,This old white billionaire banker has 3 citizenships and no seat in parliament. Why can't he just choose Canada only? Why can't he love Canada only? All of us have 1 citizenship so we have skin in the game.,YouTube
N/A,MrCuriousk yet they literally did,YouTube
N/A,"@ - lol, you do know the Bank of Canada and England aren’t commercial banks right?",YouTube
N/A,I actually thought she looked happy and proud to be honest.,YouTube
N/A,BINGO ! WINNER WINNER,YouTube
N/A,Oh please don't arrest her Officer!!!!,YouTube
N/A,Now research NET ZERO,YouTube
N/A,You can't knock his education at the best universities in the world,YouTube
N/A,Stop imagining and start learning how parliamentary systems work. Don't be lazy.,YouTube
N/A,imagine not understanding how our government functions.,YouTube
N/A,It’s astounding how stupid questions like this are. These are the people likely to vote for PP 😢,YouTube
N/A,"And droning on about democracy or anyone not answering questions.

To be a lib means you're mentally insane as this point.",YouTube
N/A,Are you familiar with the Canadian political system? The sitting government party/coalition chooses who they support as PM.,YouTube
N/A,@ I am familiar.  My comment refers to the fact he is not in an elected position. He has no seat in parliament. This is extremely rare in Canadian politics (which I’m guessing you are aware of the irony of the last time this happened).,YouTube
N/A,"@ Ha! great point!  It’s concerning when someone goes from “advisor” to Prime Minister.  Yes, he did it above board, which is perhaps the most surprising aspect of it.  Given the current events, Canadians should elect who is at the helm to steer us through the stormy seas!",YouTube
N/A,@ Haha….we’ll see how well this ages.  Talk to you after the election.,YouTube
N/A,@ an elected minister. We have a Prime Minister who isn’t allowed to speak in parliament.,YouTube
N/A,not messed up. read on how we do elections in Canada. We're not the only ones who does it this way. Check other countries with the same type of democratic government - check wiki on different types of democracy... cheers.,YouTube
N/A,"Also we don't elect prime minister - each party elects a leader and the party that's represented most, their leader becomes the prime minister. Liberal Party has majority in last election, and since PM Trudeau resigned, the party elected Carney as the new leader of Liberal Party - thus, if you know your if-then-stmt, it follows that Carney is the new Prime Minister of Canada for now.",YouTube
N/A,@da_lazy.spinosaurus  none of what you just said changes the fact that I am right...?,YouTube
N/A,Who elected him?????? Come from no where.,YouTube
N/A,Never voted for you as pm carney. No one did. You don't deserve this.,YouTube
N/A,NOBODY GIVES AF!!!! We want AN ELECTION!!!!!,YouTube
N/A,"Listen, I'm team Blue, but some of you are making us look bad by your ignorance of how a Parliamentary Democracy actually works. The exact same thing would happen if say O'Toole won in the last general election and then was forced out. We'd be in the exact same situation where an internal party election is held for the new leader of the party who then becomes the Prime Minister until the next general election. Some of you didn't pay attention in Grade 10 Civics and it's embarrassingly obvious. We're not going to win the next general election with this parroting of inaccurate facts and buzz words.",YouTube
N/A,Isn't this similar to how Hitler took power? Just wondering...,YouTube
N/A,Dude looks like he was a nerd  bullied all through high school and now will get revenge once he attains power. He doesnt look sharp at all.,YouTube
N/A,"So let me get this straight, liberals voted for Trudeau with the carbon tax, now liberals will vote Carney becasue of no carbon tax...strange😅",YouTube
N/A,"Now that the UK has refused to support Canada both during Keir Starmer's visit to the White House & later in their response to Trump's tariffs, I think that Canada should shed all allegiance to the UK Royals in all aspects of our country's management. I wish & hope that Mark Carney or whoever becomes the PM in the next election has the guts to execute this.",YouTube
N/A,"not voted in by the people of Canada, now quit stalling and resume parliament so an election can be called..",YouTube
N/A,NOBODY VOTED FOR YOU.,YouTube
N/A,"Some comments do have a point. It is a bit odd there aren't any Canadian flags in sight. 

It would be ironic if what ever by-election he runs in to get a seat he loses.",YouTube
N/A,what a circus lol,YouTube
N/A,You call yourselves Canadians and do not know how our government and political system works 🤬,YouTube
N/A,Cool now call an election,YouTube
N/A,🤢🤢🤮🤮🤮 I’m voting for Pierre!   🇨🇦👍🇨🇦👍🇨🇦👍🇨🇦👍🇨🇦👍🇨🇦,YouTube
N/A,"No seat, no election. NOT MY PRIME MINISTER!!!!!",YouTube
N/A,Mr. Trudeau's reflection in the Mirror and very hard to do but may be just a bit more Greedy.,YouTube
N/A,"Illegitimate government no one voted for Carbon,Mark Carney. Better have an election day 1.",YouTube
N/A,"Why the hell do our prime ministers swear allegiance to a British King and not the people of Canada? Your priority should be your nation and your people, not some rich guy across the ocean.",YouTube
N/A,Scam,YouTube
N/A,"We didn’t vote for Poilievre as the conservative leader,",YouTube
N/A,Are you really pissed off at him because YOU don't understand how our process works?? lol!,YouTube
N/A,"Thank you, I feel the exact same as you do.",YouTube
N/A,"The Liberal's party process is not democratic. There's a legitimate process under Conservative party rules. The Liberal selection of Carney, was an appointment, not an election.",YouTube
N/A,"There should be a change in Canadian legislation, so that when a Prime Minister resigns, is removed or dies…  a new PM (leader) must be chosen within 6 weeks (and must already be a sitting MP) … and an election must be called within 6 weeks after selection.",YouTube
N/A," @HalifaxPeacock  I totally agree. Saying ""This is the way it's always been done"" is a bad motto for maintaining an element of governance. Let's hope with all the uproar this will be something that can be brought up in a future Parliamentary sitting.",YouTube
N/A,"@ He was unfortunately elected by card carrying Liberal Party members because that is the current controlling party until the next general election. But like HalifaxPeacock pointed out, maybe this is something we can work to change through legislation for the future",YouTube
N/A,"Team Not-Blue here, 100% agree with you. Just because we vote on different sides doesn't mean we cannot have a civil conversation about what interests we share, and which we disagree on. My fear is that many of these comments are not representative of the actual conservative voters of Canada. It is very difficult to see politics invaded by this sort of rhetoric.",YouTube
N/A," @KILO993  I don't jibe with the ""unfortunately"" but yes, if we want to change it put it to the people of Canada and the elected government of Canada in the Legislature. We have mechanisms in place to change procedure if the Canadian public votes on it.",YouTube
N/A,"​@ 
I agree. People should contact their local MP to ask how this process can be changed. Although it doesn't seem to happen often, but it does seem to be very jarring for those not very familiar with the process.",YouTube
N/A,"Although this is the current system, it can still be criticized. ""Not paying attention in Grade 10 Civics"" is not a reason to agree with something that doesn't make sense....people can have opinions and free thought...not everyone is an NPC :)",YouTube
N/A,@KILO993  To be fair complaining to mp's doesn't do much at the end of the day. Canadians for the most part complained about the carbon tax to mp's and we still had it imposed on us. We complained about the record level of ethics violations and nothing happened. We complained about the housing tax and capital gains tax increase and nothing happened and we complained about the crazy immigration policy yet once again nothing happened. I would not be shocked if the liberals use this tariff crap as a reason to not have elections either.,YouTube
N/A,Did you graduate from Harvard or Oxford with a PhD?,YouTube
N/A,Probably not given he is a retired UK banker who’s financial interests are largely outside of Canada,YouTube
N/A,Parliament doesn't have to be recalled for an election to be called.,YouTube
N/A,the liberal party voters did so yea lol,YouTube
N/A,"@yourmaker8786  that wasn't a vote, it was a coronation.",YouTube
N/A,It takes a carney to run a circus,YouTube
N/A,"You are right. We are now fully seeing how broken it is that a sitting member of the WEF can become our PM without ever winning an elected seat in the House of Commons (formerly known as the house of commoners, where our elected peers spoke for us on our behalf on policy). If you like this result, you are not Canadian",YouTube
N/A,"They know how it works, they just don't like the idea that a person who has never been elected to anything in their life can become Prime Minister in two months.  I think the rules need to be changed such that the PM must in all cases be a current MP.",YouTube
N/A, @thegreatdominion949  preach!!! 👍👍👍,YouTube
N/A,look up the rules,YouTube
N/A,Ok… dropped out of high school Deb…. 😂,YouTube
N/A,"An open-air, nonresistant coup from the wef.",YouTube
N/A,"Ffs people…

The Canadian system is such that the head of the ruling Party is Head of Government as well as Head of State. When the head of a Party steps down for whatever reason, the Party picks the replacement as quickly as possible so that there is no break in leadership.

Remember Kim Campbell?
Same thing.",YouTube
N/A,Crimeminister!,YouTube
N/A,Never was a MINISTER. So he cant be PRIME.  Such a farce.,YouTube
N/A,I'd rather watch YouTube ads than watch this. He is not my prime minister.,YouTube
N/A,Lots of bots in this chat 💀,YouTube
N/A,Since when did the french run the government?,YouTube
N/A,"We are Canadian people , and he's not our Prime Minister, he needs to call a snap election ASAP. We need a Prime Minister that's elected by the people not voted by the political party.",YouTube
N/A,"My wife and daughter are studying in Thunder Bay,Ontario,Canada and are nearly starving. Can someone help me find a job in Canada to rescue them so that our family of three can be reunited? I have an open work permit for Canada. I would be extremely grateful, and good-hearted people will always be rewarded.",YouTube
N/A,ELECTION !!,YouTube
N/A,"headdesk

""151,899 Registered Liberals voted in the 2025 Liberal Leadership race, out of the 163,836 that verified their identity to vote – more than the 2013 Leadership race. Mark Carney received 131,674 votes, resulting in 29,457 points on the first ballot to win the Leadership of the Liberal Party of Canada and become the next Prime Minister.""

The results are public.

Who can vote?
Registered Liberals who meet the following criteria:

You are a Canadian citizen, permanent resident, or has status under the Indian Act
You ordinarily reside in Canada (primary residence is in Canada 183 days a year)
You were a Registered Liberal by January 27, 2025 at 5:00PM EST
You comply with the registration and ID verification procedures",YouTube
N/A,Wait so anyone can become prime minister without a vote if the current leader just steps down?,YouTube
N/A,No only he was not voted in he was also selected when parliament was closed. Which shows us that this democracy that we supposedly have is a sham.,YouTube
N/A,"John A Macdonald, Charles Tupper, Kim Cambell, Mackenzie king, and John Turner were all prime minsiter who either lost their seats or became PM without a seat. Read a book instead of freaking out at a process you dont understand.",YouTube
N/A,Mark Carney and Kamala Harris have a lot in common! Mark will unelected soon.  Time for a Conservative Government!,YouTube
N/A,A bad day for Canada,YouTube
N/A,"Poilievre = Governor 
    Carny = Prime Minister 
>
You can’t convince me that if the oil industry told Poilievre or Smith, it would be more profitable if Canada became the 51st, that either of them wouldn’t sell us out.",YouTube
N/A,"I will vote for Mark Carney,  not for the Trump wannabe Pierre.  ❤️🇨🇦",YouTube
N/A,The Simple Investor - Mark Carney: The WRONG Choice for Canada,YouTube
N/A,"Not my Prime Minister! Wasn't voted in by the citizens-at-large, only by a small group of Liberal Party faithful.",YouTube
N/A,So surprised to see so many Canadians not know their own political setup,YouTube
N/A,Lol this is gross to see wef take over,YouTube
N/A,Just because it's designed that way doesn't mean it's right lol.... you have to be kidding,YouTube
N/A,Yes and she too was tossed out at the 1st election,YouTube
N/A,Thank you for explaining our systems weakness.,YouTube
N/A,"most of these are troll farms and bots. Logic does not work on paid shills. (Genuine apologies to any actual human ppl that hold these opinions, i invite you to discuss them in comments in something other than talking points.)",YouTube
N/A,It's not that we don't know it's the fact that our political system which allows this. This needs to change.,YouTube
N/A,You say that ignoring everything about the context and the optics. You think just because we have done it in the past its a good thing to keep doing???? This is gross.,YouTube
N/A," @Trevoroxx  it’s not right because we’ve done it in the past. It’s right because it is the legislation of this country. If it needs to be changed, which it likely does, then we need to change it. Until that point this is how it works. Our opinions don’t change that.",YouTube
N/A,"@stephanie5249  our opinions need to be loud so that it actually does change. Everyone is expressing their disgust to the point the zeitgeist won't tolerate this crap going forward. If the majority was like ""this is how Canada operates"" and ""it's actually good this is how it operates"" it wouldn't change. Objectively (no matter which political party you support) this is gross, hence all the outrage.",YouTube
N/A," @Trevoroxx  suggest an alternative then, that achieves the same continuity of leadership for our government. Its easy to yell ""this is wrong!"" how about some actual suggestions?",YouTube
N/A," @Trevoroxx  I am actually entirely in agreement with you that things need to change. But right now this is what we have. Legally. It’s a fact. And I agree that we can loudly express our opinions. Unfortunately, in this comment section, many people are expressing opinions as facts. And that’s not how change works. Understand the facts, express your opinion, fight for the change you want.",YouTube
N/A,@MrCuriousk  how about the crazy idea of an election? Is that too far out there of an idea that you needed a random youtube comment to tell you that's the correct way to select a leader?,YouTube
N/A,@ There was an election. You failed to be involved. All the liberal party and supporters had the option. If you were truly concerned you would have been looking into this and following for a couple months.,YouTube
N/A,"@cszabo8899  Kim Campbell was in the parliament elected by her constituants, so she actually was elected, unlikely Mr Carney never elected, never ran amd appointed in various position. Let's not forget this guy is a leader of the WEF what agenda do you think we will be following.",YouTube
N/A,"@MrTeampenner  following for a couple of months? Try decades dude. Anyone who follows politics for ""a couple of months"" is what is causing the freakout about tariffs, total ignorance.
The liberal party selecting a new leader isn't an election if that's what you are referring to not being involved in. ...",YouTube
N/A,"YouTube is eating my replies. Anyway...

Yes. Same thing with Kim Campbell. There was a general election after. She was Prime Minister going into that General election, which her party lost. Carney is now the Prime Minister by the same process, and soon will be going into a general election in all likelihood, which, hopefully for those and those like you, his party will lose. I think we both get each other now.",YouTube
N/A,"Ah, but you see, it was because too many people were watching YouTube adds that this happened in the first place 😂",YouTube
N/A,"This is something Canada's political system is going to have to face in the next few years. How do we ensure our media and social media are not swamped by foreign special interests, AI and troll farms? Free press is so much more important now than it ever was before.",YouTube
N/A,"the liberal party was elected to lead the country, not trudeau - carney won the vote to lead the party, so he's prime minister",YouTube
N/A,you have to buy all the party votes first,YouTube
N/A,"In Canada, you don't vote for the Prime Minister, you vote for the party. The Liberal Party is still in a minority government and the leader of the party is Prime Minister. There was an election - a Liberal leadership election, which Carney won handily. Therefore, he is Prime Minister.",YouTube
N/A,I mean that's how the parliamentary system works. We get to vote for a new government or the same in October.,YouTube
N/A,Yea. Do you not know how our government or Parliament works?,YouTube
N/A,"Well, with a parry vote, yeah. But it's not like the position can last long without the support of Parliament.",YouTube
N/A,"It's like if the U.S President dies or steps down. The VP finishes the term. Well we don't really have a Vice Prime Minister. When Trudeau stepped down, the Liberal party then had to vote in their new leader. (We vote for the party, not the leader).
 Now Carney will be PM until we have a federal election this fall. If he wins, he remains.",YouTube
N/A,Congratulations- brave man in challenging times,YouTube
N/A,There were 5 candidates as well as a vote with an 85.9% majority? Were you living under a rock?,YouTube
N/A, @Hyperpandas  WHO SAID THERE IS NO SUPPORT!!!  GET EDUCATED!!!,YouTube
N/A,"The Canadian system is such that the head of the ruling Party is Head of Government as well as Head of State. When the head of a Party steps down for whatever reason, the Party picks the replacement as quickly as possible so that there is no break in leadership.",YouTube
N/A,"Keep in mind only around 130k votes decided this.

Of those 130k, who is to say how many were actually Canadian votes. Anybody, anywhere in the world can pay to vote in a party election.",YouTube
N/A,"😅😂😢
What a dummy.",YouTube
N/A," @TheOneAndOnlyCiV  same thing, I didn't know an unelected leader could be put in power so easily",YouTube
N/A," @deborahkorinetz  Commons is currently prorogued, so he doesn't have the support of Parliament. Most likely scenario now is Carney will either ask the Governor General to dissolve Parliament to trigger an election, or to reconvene it at which point one of the other parties will table a confidence motion (which is almost certain to fail, and the government will end). 

Either way, Carney will only be Prime Minister for a couple of months, unless voters elect another Liberal government.",YouTube
N/A,"IF you are part of the leading party and that party votes for you, yes. Cute that you word it like some random anybody can just walk in to the building and be like ok guys it's me.",YouTube
N/A,@RantGodOfficialI voted,YouTube
N/A,John A was the first and essentially made the country. Kinda a cop out bud... and Kim Campbell was an sitting MP.. its not the same thing. And it doesn't make it right. 😂. Ridiculous,YouTube
N/A,"@user-rj1ed3gf4f  incorrect, cambell did not have a seat at the time she was selected.

And parliament existed under British commonwealth before confederation, so there were MPs, of which John A was not one.",YouTube
N/A,@TheViolentjester  Kim Campbell sat from 1988 to 1993 and was made prime minister and lead to general election in 1993 when she lost it,YouTube
N/A,"Oh wow you really proved how canadas democracy isn't a joke

Duh because these guys did it",YouTube
N/A,"a bad 9 years for Canada you mean, As a Canadian i can tell you my country has been destroyed in every facet of life you can think of.",YouTube
N/A,A bad day for canada and therefore the world. WEF is winning :(,YouTube
N/A,This is a good day for Canada.,YouTube
N/A,"100% agree. We need an adult who has had a  job in the real world knows how to balance a chequebook, is calm and experience working on the international stage. Someone who is not emotionally charged and can develop and execute a business plan.

We don't need an emotional Trump mini me PP who has never held a real job who only spews slogans. That is not helpful",YouTube
N/A,Agree never maga Pierre,YouTube
N/A,"Voting for plant, who moved his businesses to USA. Do not kid yourself.",YouTube
N/A,PP is worth 20 Million USD and Carney is worth 6.7 Million USD. What's your issue?,YouTube
N/A,@ is there net worth important?,YouTube
N/A,Trump bots working overtime in comments! 🤭,YouTube
N/A,But we the people did not vote him in.  Therefore he is not out PM or leader,YouTube
N/A,Id much rather him than current member of Trump Youth Pierre Poilievre,YouTube
N/A,Not my PM. Call an election.  Hopefully put an end to the Decade of Corruption.,YouTube
N/A,WEF installed,YouTube
N/A,"All these people saying he's ""unelected"" are Americans, I bet. Canada elects parties, whose leaders become the PM.",YouTube
N/A,Who actually elected him in Canada?🧐,YouTube
N/A,The Canadian people didn’t agree to this. We need an election!,YouTube
N/A,Wait what!! ? When was the election? Am I the only one who missed the election? I didn’t vote.,YouTube
N/A,I feel like I’m living inside of a Simpsons episode. This has to be a joke.,YouTube
N/A,I did not vote him in....this is not an election.,YouTube
N/A,Enough with this liberals! Time for election,YouTube
N/A,Imagine if he enacted emergency laws and stayed in power😅😅,YouTube
N/A,Can we please have an election now?,YouTube
N/A,"Resign like Trudeau,  Carney!!",YouTube
N/A,"Does not matter who leads the liberals, we are done with liberal policies. Call an election.",YouTube
N/A,"The bots are strong with this one. Sigh. Poilievre could not deal with this level of economic instability, let alone Trump. God forbid Carney is the Prime Minister Designate. He is an excellent choice. I have absolutely no problem with him holding the seat. The people that scream ""not my prime minister"", are probably the same people that thought the trucker convoy protest in Ottawa was peaceful. We have been through so many unprecedented situations in the last five years. This is not a time to shout ""MY FREEDOMS. CALL AN ELECTION"". Just let Carney do his job. Let's get through the worst of this, get things stabilized, and then call an election. This is a time to band together as Canadians. God forbid, all parties work together. Ugh.",YouTube
N/A,Carney is not my Prime Minister. Pierre is my Prime Minister and Trump is my President.,YouTube
N/A,NOBODY ELECTED HIM,YouTube
N/A,Elections now. !!!,YouTube
N/A,"No, it's Canadians who don't want a pathological lying rich guy who is not a politician LIKE TRUMP.",YouTube
N/A,Duh trump bots because everyone's a lib in this toolboxes world,YouTube
N/A,You and who else? Who are the people?,YouTube
N/A,Ok cnn/cbc talking point of zero substance,YouTube
N/A,"The Canadian system is such that the head of the ruling Party is Head of Government as well as Head of State. When the head of a Party steps down for whatever reason, the Party picks the replacement as quickly as possible so that there is no break in leadership.",YouTube
N/A,The liberal party. He's a stand in until a new election is set forward.,YouTube
N/A, @flexchan  I am sure they won't rush it,YouTube
N/A,Bless your little heart.. you need an education in the CANADIAN POLITICAL SYSTEM.,YouTube
N/A,Correct.. lol Not sure what you don't understand.,YouTube
N/A,Not effing funny. U don't get who truly pulls the strings hey? Buckle up,YouTube
N/A,For what?,YouTube
N/A,You are a bot.  We support Pierre!,YouTube
N/A,"Omg duh the bots blah blah blah cbc told me pierre is terribl
But cbc won't report on carney so this is what you write

Seek help",YouTube
N/A,"The most mature and adult comment in this section. 
I would add that patience is a virtue. We just need to wait for the general election to be called. Many sources indicate this will most likely happen at the end of the month. 
I can tell you from myself and other Conservative friends, even we agree that this one time we will have to vote for the person and not the party and find common ground to weather the storm ahead.",YouTube
N/A,Nobody elected PP to be leader of the opposition until the next election came around.  Really - it's how things work.  Look it up.,YouTube
N/A,i did,YouTube
N/A,Duh Trudeau resigned and they needed to appoint a new leader. Don’t understand the point of this comment,YouTube
N/A,@ no ya didn’t unless you’re part of the liberal party. Which I’m pretty sure you aren’t.,YouTube
N/A,"But he shouldn't be able to lead the country without being elected by the people. It is true that the liberals were elected, but I just think it's shady that this man was elected. It's not like u or me had a say in it",YouTube
N/A, @PlutoniumMC  in canada when you elect someone your not electing that person. Your essentially electing the party. And if pm stepps down. Their is a election that anyone cab register to vote,YouTube
N/A," @rigarious  I know how it works.... I'm canadian, but I still disagree with the way that this situation has unfolded.",YouTube
N/A,@PlutoniumMC  u could of voted then,YouTube
N/A, @rigarious  ???,YouTube
N/A, @rigarious  I can't vote for the liberal leader. I'm not a member of the party,YouTube
N/A,A great day for Canada 🍁🇨🇦🍁,YouTube
N/A,He talks about serving the king.. and the king is no where in the  room....,YouTube
N/A,He needs to call an election today I didn’t vote for him,YouTube
N/A,Clown show baby! Far cry from the Country we used to be.,YouTube
N/A,Not a single Canadian flag in sight. That tell us everything we need to know. Meanwhile Pierre is about to go live with 20 Canadian flags behind him.,YouTube
N/A,"Congratulations to the new PM, Mark Carney..",YouTube
N/A,Canada dident vote for this guy,YouTube
N/A,He better not get too comfortable..,YouTube
N/A,Let the election decide who the Prime Minister.  Prime Minister by default. Let the vote speak,YouTube
N/A,Not my prime minister,YouTube
N/A,This fool and his party need to go and a large part of libs should leave the country and some jailed.,YouTube
N/A,Non elected,YouTube
N/A,Sworn as 24th PM ? Heller! Big Joke - snap election if you are fair  candidate as you are not selected but designated —-,YouTube
N/A,"This is embarrassing, time to dump the British monarchy as our head of state.",YouTube
N/A,"Finally a guy who already proved that he knows what he is doing, not some st*p*d career politician.",YouTube
N/A,Such a creep!,YouTube
N/A,"Ok great, now call an election and legitimize it.  Right now he's ""unelected"", nobody other than the liberal leaders voted for this guy. If this is what Canada wants (and it seems to be leaning that way VS PP) then the public needs a vote",YouTube
N/A,"THIS comment section is insane. I’m sickened by all of you. You just flood every comment section with your hate and conspiracy theories. 

It’s actually the type of Canadian commenting here who are ruining our country.",YouTube
N/A,I’m so happy. Hope he can shut Trump down.,YouTube
N/A,"I hear what he pledges, but I have to wonder, when this will come to an end, when Canada will be a real independent nation.",YouTube
N/A,You know everyone in Canada?,YouTube
N/A,LMAO. The polls show otherwise ;),YouTube
N/A,"WHY NOT.   You do believe in democracy, right",YouTube
N/A,Non elected banksters,YouTube
N/A,"Educate yourself on how the parliamentary system works. We vote for the party, not the person.",YouTube
N/A,"Calhoon4U no we literally don't 

We vote representatives. This isnt a sport you reject",YouTube
N/A,"You know him personally?
Or were you speaking of yourself.?",YouTube
N/A,"@DianeBradt  
Triggered??
Lmao
So you just want to make disparaging remarks with no pushback.!?
Sooooo, a troll then 🧌.   Ok, I got it.",YouTube
N/A,Ya shut down canada,YouTube
N/A,"Guess Canada’s banking experience just became a little more political, hope he’s got a solid interest rate on those promises!",YouTube
N/A,Is he Joe Biden's younger Canadian brother?  😅,YouTube
N/A,Sad day for Putin/Trump boys.,YouTube
N/A,How can they call him a PM when he isn’t a member of parliament,YouTube
N/A,"Congratulations, best wishes.",YouTube
N/A,Another power grab,YouTube
N/A,Let's go!!! Looking forward to Mark Carney as prime minister 🇨🇦🍁,YouTube
N/A,"And that's how democracy dies, to thunderous applause.",YouTube
N/A,Congratulations carney,YouTube
N/A,I think it’s fair to give him the title of leader of the liberal party but not proper to call this man prime minister. Canada needs an election so the people can elect our next prime minister.,YouTube
N/A,Let this be a new era in Canadian history.,YouTube
N/A,Not one Canadian flag! We need an election NOW!!!!,YouTube
N/A,Yay!  💪🇨🇦,YouTube
N/A,"Election now,done with drama queens for 9 years...",YouTube
N/A,Read my lips Carney. CALL AN ELECTION NOW !,YouTube
N/A,How soon can we get him out of there.  They forgot to add Ah's and Um's to the text he was reading.   He needs to have a least 12 per minute.,YouTube
N/A,Bots in full swing in this comment thread! Very obvious Pierre's endorsers have upped the budget. Don't fall for it. We need experience and leadership not subjugation.,YouTube
N/A,"All of the hard Conservatives saying ""ELECTION NOW!"" don't even realize just how bad that's gonna be for them. Have you even seen the polls?",YouTube
N/A,"Only Canada would have a clown as a PM, what a fool!!!",YouTube
N/A,He was not voted in by Canadians. We need an election,YouTube
N/A,🤦 you people are such clowns. 😂,YouTube
N/A,Bot,YouTube
N/A,On what? The agreement they had calls a debate? The 250k voters booted from voting? Or the 2 members left out that would have actually said something?,YouTube
N/A,Ya his zero policies and zero interviews excite you botĺ,YouTube
N/A,Are you messed in the head... He is just stepping in for all the mess that his party has created over the last 8 years 🇨🇦 🤣🤣🤣🤣🤣🤣,YouTube
N/A,Armaan and his Liberal Bots 🤖,YouTube
N/A,New Era Of Corruption,YouTube
N/A,"Yay, a new pdf file in office! And one rhat aas advising Trudeau all throughout this current mess.
What a huge change...",YouTube
N/A,"And also if Pierre is “so good”, why hasn’t he gotten his security clearance yet?",YouTube
N/A,"Sure, that's what CNN told Harris supporters. Vote vote vote for Conservatives! Get these sick Leftists out!",YouTube
N/A,"Disgusting. The System has to change, and this shouldn't be allowed. I didn't vote for this new Clown.",YouTube
N/A,No constituents  not elected....no ridings ..pm installed,YouTube
N/A,"All those 51st state jokes, we still bow down to the king of England!",YouTube
N/A,Call an election now! We don't want a selected PM,YouTube
N/A,She couldn't sit still if her life depended on it and why we allow politicians like this to run in Canada is beyond me 😮,YouTube
N/A,"As Canadian citizens, we are suffering!",YouTube
N/A,"It is pathetic that we still have to swear allegiance to guys like Charles and his ilk. But, congratulations to Mark Carney. I also would like mark Carney to straight away address his connection to Ghislaine Maxwell, emulating how Obama handled the controversy around his moronic pastor who spewed nonsense. This way he can put it behind him once and for all.",YouTube
N/A,Does swearing in mean they will TELL THE TRUTH,YouTube
N/A,They hopefully will call an election quickly before this PERSON can give our country to wef!,YouTube
N/A,Nice nod to the camera when you said king of Canada.  Allow trump to learn he can’t just annex Canada,YouTube
N/A,"""Yes, i promise to be a good little puppet for the Crown and keep secrets from the peasant Canadians."" 🙄",YouTube
N/A,What a rigged joke. A very dangerous joke …. :/,YouTube
N/A,"Canadians never voted this fool in, time for an election now",YouTube
N/A,Election,YouTube
N/A,We need to get Carney out of office as soon as possible. Sad day. Call an election NOW!,YouTube
N/A,"I wonder, how often can a prime minister change within a party?",YouTube
N/A,I am frightened for the future of my kids in Canada,YouTube
N/A,Selected Not Elected! Call an election.,YouTube
N/A,Mark Carney’s leadership will be interesting to watch as Canada navigates its economic and political landscape. Hoping for policies that benefit all Canadians and drive sustainable growth.,YouTube
N/A,"So are we finally going to get a election or is this guy just going to stall for as long as possible… ah who am I kidding, it will be the latter",YouTube
N/A,You probably didn’t vote for Trudeau though either… even if you did vote liberal you only voted for your MP.,YouTube
N/A,There is hope for our future!,YouTube
N/A,He can kind of speak french but he has no seat in the Hoc. Disqualified if you ask me,YouTube
N/A,Carney was installed like a toilet.,YouTube
N/A,Doesn’t even look or feel honest or smooth,YouTube
N/A,"King Charles...

I really love to see Canada independent from the commonwealth and be 100% it's own country!",YouTube
N/A,Not my PM.,YouTube
N/A,ELECTION NOW!! PP for PM! 🇨🇦🇨🇦🇨🇦,YouTube
N/A,He's not my PM never have or never vote Liftist Liberal.,YouTube
N/A,He can outsmart the Dumb across the street and Ford can out Trump the TRUMP its a good combination im Conservative all my life..im voting for who ever can cause the most pain to TRUMP,YouTube
N/A,"Interim Primie Minister. Very important. He was given the role due to attrition, not democratic vote. His first act must be to call an election so the people of Canada can choose someone to administer--not 'run' or rule or even steer!--the country.",YouTube
N/A,"Congratulations, Prime Minister Carney.🎉",YouTube
N/A,Very unfortunate day for Canada with this pm being sworn in,YouTube
N/A,Anyone who is complaining they didn’t elect him is their fault. All you needed to do was register,YouTube
N/A,I must have missed the election.,YouTube
N/A,whats the point of this? there will a new PM in 6 months,YouTube
N/A,You will be remembered as the shortest serving Prime Minister in history. Liz Truss of Canada😆,YouTube
N/A,"Conservatives: ""Trudeau must step down!!!""

Also, Conservatives when Trudeau steps down: ""Carney was never elected in the first place!!!""",YouTube
N/A,"I am hoping he wins the federal election. He has a PhD in economics and that is just what Canada needs as a prime minister, someone who understands and can manage Canada's economy with experience and expertise.",YouTube
N/A,A literal CENTRAL BANKER as your PM.... Wow. Just wow. 😔,YouTube
N/A,Keeping my fingers crossed that he takes his oath with the upmost respect and seriously.,YouTube
N/A,Yeah... Who cares if we live in shoebox apartments and can't afford anything! It's all about hurting Trump! 🤦🏻‍♂️,YouTube
N/A,Maybe somebody can get along with him to some degree unlike Trudeau and Freeland who want to keep 'poking the bear' based on their personal animus for the man and his politics.,YouTube
N/A,You know there is nothing wrong with holding both opinions right. We wanted Trudeau to step down and we want election. Does that make sense now?,YouTube
N/A,What a disaster,YouTube
N/A,"To all the people crying ""he's unelected"", need to go back to civics class. Canadians elected the Liberal Party. The Liberal Party elected Carney. That's how it works. Go to the USA if you want to vote for your head of state directly.",YouTube
N/A,"DIDN'T VOTE FOR HIM
Are we still a Democracy?
Asking for a confused American.",YouTube
N/A,Let's hope it's the shortest prime ministerial term in Canadian history.,YouTube
N/A,I’m not seeing any liberal comments in this comment section. Very weird,YouTube
N/A,Call an early election now!!,YouTube
N/A,He said it French because he's a liar,YouTube
N/A,"Great, a PM with absolutely NO mandate, not even a seat.  And people think he'll help.",YouTube
N/A,The king has no say in our land neither does any liberal or NDP politician.,YouTube
N/A,Now call an election so we can elect a competent person to do the job.,YouTube
N/A,"Unelected and unwanted!

Call a damn election",YouTube
N/A,Election please. a small percentage of the elite voted for this clown. We the people did not,YouTube
N/A,No one has elected him!!! Shame on!!,YouTube
N/A,Of course there is going to be an election 🙄 Why are so many conservatives freaking out? Relax.,YouTube
N/A,Just disgusting !! Carney is a clown.,YouTube
N/A,The old garbage is gone and the new pile now grows! Hail Hydra!😅,YouTube
N/A,The prime minister we need for right now,YouTube
N/A,JTrudeau could now enjoy time with his family. Thank you for saving Trudeau from getting hurt!,YouTube
N/A,"He’s not my Prime Minister. He was voted in by 151,000 people. The other 36 million Canadians don’t appear to get a voice.  Is this democracy? We need some reform in our political system.  When asked I would say we are a country without a Prime Minister.",YouTube
N/A,why did he insist on the right side of the governor ?,YouTube
N/A,"More Canadians voted for the Conservative Party, actually...",YouTube
N/A,@SkullLeader  I never said Liberals won the popular vote.,YouTube
N/A,If you’re American this doesn’t really seem like a you problem,YouTube
N/A,Ya somehow this made him number 1 with no plan,YouTube
N/A,"Actually, the King has quite a lot of say, who do you think is going to hand you over to the Yanks? 😂",YouTube
N/A,"any liberal member could vote for the liberal party leader, so canadian people did vote for him..",YouTube
N/A,Ya any could minus the 250k that couldn't,YouTube
N/A,lmfao 😆😅🤣😂,YouTube
N/A,HE IS NOT MY [PM] and never will be as God be my trust,YouTube
N/A,"A very sad day for canada, can't wait for Trump to take over",YouTube
N/A,Congrats! Now time to work on the economy and call the election so I can vote for you Mr. Carney.,YouTube
N/A,God help us all.,YouTube
N/A,Congratulations Prime Minister Mark Carney. Long live Democracy in 🇨🇦Canada🇨🇦.,YouTube
N/A,"PM Carney is right, a gd carnival",YouTube
N/A,People want him gone but dont even vote,YouTube
N/A,Give him a break guys. Dont be like Americans and their maga crap. We are better than that. You have to power to vote when election comes,YouTube
N/A,Carney Swears Allegiance to the King 👑 He kisses the ring.,YouTube
N/A,Marx Carnage has no business being appointed to this  position. Election now,YouTube
N/A,SAD DAY FOR CANADIANS.,YouTube
N/A,You can smell the bull 💩 from space,YouTube
N/A,Don’t trust this guy at all!!!!!!!,YouTube
N/A,Congratulations.  Mark. 👍,YouTube
N/A,Will he work for minimum wage?,YouTube
N/A,WEF INSTALLED PUPPET!!! HE WILL BE 🩸🩸🩸🩸🩸,YouTube
N/A,WEF just changed its representative (agent) in Canada. So don`t expect any changes. At least not for better.,YouTube
N/A,"This guy is nobody’s PM, election NOW",YouTube
N/A,Canadian Kamala,YouTube
N/A,why would they even bother doing this right now what a waste of time,YouTube
N/A,I am happy!,YouTube
N/A,"There's quite a lot of bull 💩 up there already mate, might be hard to differentiate the specific odor 😂",YouTube
N/A,Sad day :(,YouTube
N/A,Nobody in these comments has even a vague understanding of how this works lol,YouTube
N/A,Time for an election. bye bye Carney it's been a slice,YouTube
N/A,It would be better for you Canadians under Trump😅,YouTube
N/A,I guess must have very recently forgot to vote or missed something,YouTube
N/A,The architect of the Carbon tax has ties to Ghislaine Maxwell that go way back. I'd bet he's on the list.,YouTube
N/A,🇨🇦 CANADA 🇨🇦 Needs Mark carney to do good 👍 Welcome 🤗 Mr  Prime Minister. Please fight hard for us.  🇨🇦 Team 🇨🇦 Canada 🇨🇦,YouTube
N/A,Installed by the wef,YouTube
N/A,This guy looks like the evil Mr. Rogers.,YouTube
N/A,No one voted for him.,YouTube
N/A,Call an election coward !,YouTube
N/A,Canada screwed 2.0,YouTube
N/A,Let’s go! We’re not guaranteed a conservative government anymore!,YouTube
N/A,"Unelected Dictator

Oh Canada 🇨🇦",YouTube
N/A,"Nobody elected him to parliament. He is just an EGOManiac Elitist.
             NOT MY PRIME MINISTER",YouTube
N/A,"Ok nice, when does Canada get an election??",YouTube
N/A,"Call the election now. 
No more wef",YouTube
N/A,ITS FUNNY HOW A FINANCE ADVISOR IS NOW PM AND LOOK AT OUR DEDT NOW HMMM LET THAT SINK IN,YouTube
N/A,"I think he's the right choice, and ALSO think we need an election right quick so we can do that properly.",YouTube
N/A,Canada's democracy in action!,YouTube
N/A,"They control your central bank, it's convenient 😂",YouTube
N/A,"""we have infiltrated the cabinets in Canada"" and that was before Carney. ☠️",YouTube
N/A,More like Mr Burns 😂,YouTube
N/A,Call election now,YouTube
N/A,How can you be Prime Minister without winning an election? Our political system is messed up. Time to become the 51st state,YouTube
N/A,Are ze bugz on the menu at the luncheon that follows?  Or are those just intended for the regular tax paying people?,YouTube
N/A,"Same circus, different clown!",YouTube
N/A,another disaster Pm for canada,YouTube
N/A,He and Kim Campbell can hold hands now for the shortest term as PM,YouTube
N/A,This guy shouldn’t be anywhere near this office.,YouTube
N/A,Canadian never voted for this guy.,YouTube
N/A,0:38 He broke the 4th wall,YouTube
N/A,😂 we need a strong PM one like Trump 😅is the  only solution 😮,YouTube
N/A,Same bus.. just a different bus driver..,YouTube
N/A,Now all that's left to see is if he has the balls to do the job properly.,YouTube
N/A,Trudeau quit....This guy isn't it.,YouTube
N/A,Canada=British Colony,YouTube
N/A,"Interesting, he swore alligence to the Crown in both offical languages, didn't mention anything about you chaps. 😂",YouTube
N/A,"But no one elected him. The time trudeau stepped down, as party leader and PM, we should have gone to election",YouTube
N/A,Praying for wisdom for our new leader and advisors!,YouTube
N/A,Let's hope he does a better job than JT.,YouTube
N/A,"The Case for Abolishing the Westminster System and Embracing a Canadian Republic
The Westminster system of governance, while rooted in the traditions of British colonial rule, is fundamentally flawed when applied to a modern and independent nation like Canada. The Westminster model concentrates too much power in the hands of the executive, leaving citizens at the mercy of an unchecked ruling class. The Monarchy, though ceremonial, undermines democratic sovereignty by vesting too much power in a distant, foreign figurehead, and the Governor General, though theoretically neutral, is an unelected representative of this monarchy who holds sway over significant political decisions. These systems weaken the foundational principles of self-governance, personal liberty, and accountability that are essential for a truly free nation.

Instead of maintaining this outdated system, Canada should shift toward a Republican form of government, grounded in the principles of Representative Democracy, where the power rests with the people, not a monarchy or aristocracy. This transition would reflect the true spirit of democratic ideals, recognizing that the people are the ultimate source of power and sovereignty.

In such a Canadian Republic, the rights of the people would no longer be granted by the government or subject to the whims of those in power. They would be immutable, inherent to each individual as God-given. These rights would not be privileges to be bestowed by those in power but would be the foundation of a social contract based on the recognition of each person’s dignity, freedom, and autonomy. The government’s primary role would be to protect and preserve these inalienable rights, not to restrict or manipulate them for political gain.

1. The Right to Self-Governance: Replacing Monarchy with the People's Sovereignty
The first and most fundamental argument for abolishing the Westminster system is the need to reject hereditary power. The idea that the head of state is unelected and inherited is inherently undemocratic. The Monarchy, and by extension the Governor General, are remnants of an imperial era that has no place in a modern, free society. In the spirit of the American Revolution and the founding fathers, we must recognize that the sovereignty of the Canadian people should never rest in the hands of an unelected monarch or their representatives. Power must flow from the people, not from a system that preserves the elitism of distant royals.

A Canadian Republic would empower the citizens to elect their head of state, ensuring that the leader of the country is truly accountable to the people. No longer would citizens be subject to the whims of a foreign monarchy or a government that operates in a shadowy, undemocratic manner. Instead, Canadians would have the ability to directly shape the direction of their country through free elections and a direct democratic process.

2. The Inalienable Rights of Citizens: God-Given, Not Government-Given
Another key argument in favor of abolishing the Westminster System and moving towards a Canadian Republic is the establishment of an immutable constitution that recognizes God-given rights. Under the current system, rights and freedoms are often viewed as privileges that the government can grant or revoke at its discretion. This arrangement creates a dynamic where the government becomes the arbitrary decider of who has access to rights, and under what circumstances.

In contrast, a Canadian Republic would base its Constitution on the principle that rights are inherent to every individual and cannot be revoked by the state. These rights, which include freedom of speech, religion, property, self-defense, and the pursuit of happiness, are inalienable. They are God-given, and as such, they cannot be infringed upon by any government.

The establishment of a Republic with an immutable constitution ensures that citizens' fundamental liberties are protected from the whims of political elites or temporary majorities. It solidifies the principle that personal liberty and individual rights are the bedrock of any just society.

3. A Government of Limited Powers: Inspired by the U.S. Founding Fathers
The American Revolution laid the groundwork for the idea that a limited government is essential to protect individual liberty. The U.S. Constitution enshrines principles that emphasize the importance of a separation of powers, a check and balance system, and the protection of individual rights through a Bill of Rights. These principles were born out of the recognition that too much concentrated power in the hands of a central government can threaten freedom.

The Canadian Republic could draw inspiration from these principles, establishing a government that is limited and accountable to the people. Federalism would ensure that local and regional governments retain significant authority, while the central government is empowered only to protect the rights of individuals and maintain national security. Legislative power would be checked by an independent judiciary, ensuring that laws are both fair and constitutional.

Moreover, the Canadian President or Prime Minister would be directly elected by the people, ensuring accountability to those they serve. In contrast to the Westminster model, where the executive power is often held by a political elite, a directly elected head of state would be bound to represent the interests of the people, rather than a distant crown or the interests of powerful elites.

4. A More Transparent and Accountable System
Finally, the Westminster system fosters an opaque, elitist political structure that protects the status quo and impedes genuine reform. This system often encourages party loyalty over principle, and partisan politics can lead to corruption, inefficiency, and a lack of accountability to the people.

By adopting a Canadian Republic, we can shift towards a more transparent, directly accountable, and people-centered system of governance. A Republic would break down the old hierarchical systems and replace them with a system where the people are truly in control of their own future. Electoral reforms, such as proportional representation, could be implemented to ensure that every voice is heard and that no group is left out of the democratic process.

Conclusion: A New Era for Canada
In conclusion, Canada has outgrown the Westminster system and the vestiges of imperial rule. A Canadian Republic, grounded in the principles of Representative Democracy, personal liberty, and inalienable rights, is the way forward for a truly free and just society. Inspired by the ideals of the American Revolution, we can build a new government—one that is accountable to the people, protects our fundamental rights, and limits the power of the state. A government that operates under an immutable constitution that recognizes that our rights come from God, not from any government, would truly be the fulfillment of a just and free nation.

It is time to abolish the Westminster system and forge a new path—one that respects the sovereignty of the people and ensures that the government serves and protects us, rather than oppressing us.

This argument for a Canadian Republic emphasizes individual liberty, inalienable rights, and self-governance, with a focus on personal responsibility and a government accountable to the people, drawing on the wisdom and principles of the American founders. What are your thoughts on the direction this could take?",YouTube
N/A,Election now!!!,YouTube
N/A,"Don't worry, Canada's real head office is in Washington DC, you guys need to learn more about where you live 😂",YouTube
N/A,sure we did,YouTube
N/A,@yourmaker8786  it's totally corruption government.,YouTube
N/A,That’s not how our system works.,YouTube
N/A,@ I know but it doesn’t make sense,YouTube
N/A,How can an unelected person be PM….. ?,YouTube
N/A,Now is time to get a new PM. As we got a plant in his place.,YouTube
N/A,"Sickening, an UNelected employee being given this position at this time. ELECTION NOW!!",YouTube
N/A,Get that Carney outa town,YouTube
N/A,Communist Carney.,YouTube
N/A,Call and win the election now!!!,YouTube
N/A,Election now!,YouTube
N/A,No Canadian flags! Release your investments portfolio now!!!!,YouTube
N/A,Where are the flags of Canada?,YouTube
N/A,Sad day,YouTube
N/A,"People in the comments section don't understand how our elections work.

We elected a liberal government, then that government selects their prime minister, like what just happened.

This very situation has happened with a conservative government, like Kim Campbell.",YouTube
N/A,Don’t get comfortable,YouTube
N/A,"Now, we just have to do everything we can do to make sure he stays 💁🏻‍♀😅",YouTube
N/A,"Know what the demon possessed lust after most, they will even use fraud.

Self exaltation",YouTube
N/A,These commenters don’t know anything about politics,YouTube
N/A,How can this happen...we as Canadians should vote,YouTube
N/A,Now we want an election,YouTube
N/A,Should he not have a seat in parliament for this to be legal?????????,YouTube
N/A,What when did the 666th Pm get his thrown?,YouTube
N/A,Dark days for Canada,YouTube
N/A,"NOT OUR PM 
WAS NOT VOTED IN BY 🇨🇦",YouTube
N/A,I can't wait to get out of this country,YouTube
N/A,no offence... no one voted for him but he can become pm of the people?,YouTube
N/A,"If you see what eby is doing in bc, you know carney will also do the same thing,so no election",YouTube
N/A,"It's time to usher Canada into a new era of strength, respect and long term prosperity 🙏",YouTube
N/A,"Looking very Prime Ministerial, we welcome you with open arms! Bravo!!!",YouTube
N/A,What a joke. This country is a joke,YouTube
N/A,"Subaru: ""Hehe, 24"" (holds in laughter)",YouTube
N/A,"I guess anyone rich and well connected can become PM. We, the West, always talk about how we're free and we can become anything we want if we work hard enough but this just shows how nonsensical it is and we're really not all that different from places like China.",YouTube
N/A,"Congratulations Mr Carney, good luck going forward! ❤️🇨🇦",YouTube
N/A,"Another Biden , but Canadian.  Lolololololol",YouTube
N/A,Great! Now call an election,YouTube
N/A,If you asked AI to create a used car salesman.,YouTube
N/A,"Sweet, did he call an election yet?",YouTube
N/A,"🇫🇷Dieu sauve Charles III, le roi du Canada! 🇨🇦 God save Charles III The King of Canada!🇬🇧",YouTube
N/A,More lies?!,YouTube
N/A,"Before you comment.
Make sure you do some researching from bipartisan sources.",YouTube
N/A,now he can put the emergency act to have the unlimited power hail your new emperor ...,YouTube
N/A,Epstein list we know!!!!!!!!!!!,YouTube
N/A,"He is not my Pm - doesn’t say much of a person integrity when he accepts a position that the people of Canada did not vote for, but e should not be surprised by his as he has taken credit for things that he had no business taking credit for.   What an imposter",YouTube
N/A,System is in place. Challenge your system - not him!,YouTube
N/A,"VS PP who took 11 years to do a 3 year degree? LMAO. Education is  a GOOD thing. This guy has what it takes, and that's why the polls are changing.",YouTube
N/A,"@AlyssaSouthSide  then why did he think installing a carbon tax wouldn't cost us consumers money? Right he knows so much that people in the UK despise him for how badly he managed them there. 

At least PP is elected. I rather take him than a banker any day. A banker is not your friend and never will be your friend. Bankers will sell their country's for a dime if they could.",YouTube
N/A,"Libs say this is how canada is.

Ok that's not good. We don't elect senators, that's not good.

We don't elect judges, that's not good.

We don't elect a pm, how a minority government gets to lead is beyond me.

Maybe canada should vote their representatives in and then canadians can vote the pm from those people.

This isnt democracy. You can whine this is how canada does it but that doesn't mean it's democracy.",YouTube
N/A,Just keeping the seat warm for Pierre bud,YouTube
N/A,We have a good business man in charge. Good Luck and represent us well!,YouTube
N/A,Its official we have become a Banana Republic...,YouTube
N/A,Not my PM!,YouTube
N/A,Not my PM!!!,YouTube
N/A,A sad day for cdn democracy,YouTube
N/A,Carney marks the spot! 💪🇨🇦,YouTube
N/A,"Call the election, Rockstar!    🪨 🌟",YouTube
N/A,He cant even speak french. There goes the quebec vote,YouTube
N/A,look at all the russian bots in this post isnt it funny,YouTube
N/A,"Canadian banana republic ""democracy""",YouTube
N/A,"Dude should be exiled, not unlawfully put in as an unelected leader.",YouTube
N/A,did I miss an election???,YouTube
N/A,this makes my skin crawl,YouTube
N/A,What a joke! Carneys carnival,YouTube
N/A,call an election markus,YouTube
N/A,Why do you still swear loyalty to the king,YouTube
N/A,"The prime minister that nobody voted for 
Thanks Canada",YouTube
N/A,Call the election now!,YouTube
N/A,For WEF to completely destroy taxpayer's standard of living?,YouTube
N/A,Bots and their emoticons,YouTube
N/A,Beginning of the end of Canada,YouTube
N/A,Finally a leader who has a brain and a RESUME. ABOUT DAMN TIME.,YouTube
N/A,pray tell me a Prime Minister is the first minister.. he is not yet a minister...  he holds various  citizenship this should not be allowed? This is corrupt period... we need to rewrite this if it is legal.. this is a disgrace,YouTube
N/A,Call an Election!,YouTube
N/A,"I like that he doesn’t,t use a big sharpie",YouTube
N/A,Congratulations Prime Minister Carney,YouTube
N/A,Why speak in French first?,YouTube
N/A,Absolute garbage. How are foolish are people????,YouTube
N/A,WEF's next best thing to destroy canadian taxpayers standard of living.,YouTube
N/A,Carney is not my Prime Minister. Charles is not my king.,YouTube
N/A,Call an election,YouTube
N/A,Call an election,YouTube
N/A,Election now! We are so far away from the will of the Canadian people!,YouTube
N/A,Call an election!,YouTube
N/A,Congrats Mr Carney 😊,YouTube
N/A,call an election now!,YouTube
N/A,I wanna hear what policies you're going to bring in and then for you to call an election,YouTube
N/A,"Truly, a sad day for Canada. The duopoly cemented through installation. The working class is broken, not knowing where to turn. Gig economy and pittance UBI on there way within 10 years",YouTube
N/A,😂😂😂😂 not a serious country...,YouTube
N/A,feels so corrupt,YouTube
N/A,And this guy's going to liquidate the assets 😂,YouTube
N/A,"Yes the PM position is defacto, and he's the King of the land, not the people, your here because you contribute to the upkeep with your tax dollars 😂",YouTube
N/A,Get out there !  We want election.,YouTube
N/A,NOT MY PRIME MINISTER!!!!!,YouTube
N/A,embarrassing.,YouTube
N/A,Peep freeland tweaking as per usual,YouTube
N/A,Good to know that he practiced his French this time,YouTube
N/A,Call the Election!!!!,YouTube
N/A,Election time. Pierre for PM,YouTube
N/A,"Trump quicksand…..Lol
We are watching the greatest show on earth",YouTube
N/A,"Dear Banks of Canada and England, and the King of course, thank you for tightening the reins of power in this time of great changes. lol",YouTube
N/A,How is this even allowed lol what,YouTube
N/A,"he seems like a pretty personal guy, still a banker though",YouTube
N/A,Can someone say dictatorship..Who elected this guy..God save the King...,YouTube
N/A,Gross,YouTube
N/A,Disgraceful,YouTube
N/A,How is this even possible!!!,YouTube
N/A,And the gong show continues. I’m gonna pack my bags and move to Narnia now. 🌁🌄,YouTube
N/A,Remind me what electoral district he is MP for?,YouTube
N/A,"Total bull crap ,during a crisis with our number one trading partner",YouTube
N/A,"Better call and election, you see selected not elected",YouTube
N/A,He is Rishi Sunak of Canada,YouTube
N/A,"Well, you see, they created a system for themselves and convinced us it was for our benefit, people still believe this, in droves 😂",YouTube
N/A,He is a placeholder call an election.,YouTube
N/A,Finance bro as PM,YouTube
N/A,A Big Mistake in Canada.,YouTube
N/A,How the actual... How is HE the Prime Minister???,YouTube
N/A,So many crybabies in here...,YouTube
N/A,How about an election by the people! Eh,YouTube
N/A,BOOOOO,YouTube
N/A,WEF vs Canada 🇨🇦,YouTube
N/A,Ok now call election,YouTube
N/A,This is wrong I say.Terribly wrong.,YouTube
N/A,❤ Go Canada!!❤,YouTube
N/A,This guy is a joke,YouTube
N/A,"So proud of Mr. Carney.   People need to look at his track record.   It's amazing!   We need to look at merit and he has merit far beyond any other person in Canada.   Education in the top global universities, Governor of the Bank of Canada and Governor of the Bank of England.   Has worked all over the world and understands the different cultural sensitbilities.   He's the man to do the job.   Traditionally I'm not a liberal voter but I have so much confidence in Mr. Carney I will vote for the liberal because he's smart, mature, responsible, respectful and states the fact.",YouTube
N/A,Congratulations Prime Minister Carney 🇨🇦,YouTube
N/A,He said he is calling an election asap,YouTube
N/A,Wheres the puke button. Canada is screwed.,YouTube
N/A,The trolls are out in full force trying to screw with the next election,YouTube
N/A,Guy who moved his businesses to USA.,YouTube
N/A,Election now please,YouTube
N/A,Its sad and disappointing that a lot of Canadians have no clue how Canadian politics works. Probably never even voted.,YouTube
N/A,Welp were done for,YouTube
N/A,Definitely voting Carney.   Never maga Pierre,YouTube
N/A,Nobody  voted for the guy,YouTube
N/A,When did I vote for him? 🤔,YouTube
N/A,Not my prime minister,YouTube
N/A,But how does this happen if we never elected him?,YouTube
N/A,This guy will get crushed if ever we get a fair election,YouTube
N/A,The devil is now on his throne.,YouTube
N/A,"Moi, I would also like to become prime minister please",YouTube
N/A,Trudeau part 2.,YouTube
N/A,❤ from Ottawa,YouTube
N/A,Call election.,YouTube
N/A,Federal election asap,YouTube
N/A,Here we go again push for an election quick go Pierre 😂,YouTube
N/A,Steward of Gondor,YouTube
N/A,"Not my prime minister, was not voted in by the people.",YouTube
N/A,@CTV I hope you are looking in your comments.,YouTube
N/A,"Apointed, not elected.",YouTube
N/A,Not my PM,YouTube
N/A,"Election time,,,,,,,",YouTube
N/A,keep telling yourself that,YouTube
N/A,"87% voted for him, dummy!",YouTube
N/A,Awful.,YouTube
N/A,❤welcome Pm,YouTube
N/A,What a show!,YouTube
N/A,Canada's last prime minister,YouTube
N/A,Call an election,YouTube
N/A,Nothing there for me.,YouTube
N/A,Musical Chairs,YouTube
N/A,So anybody can run  now. You dont need to be a mp anymore. Im running to.,YouTube
N/A,Election now!!,YouTube
N/A,What riding was he elected in?,YouTube
N/A,Congratulations sir,YouTube
N/A,"he serves the king, not the canadians",YouTube
N/A,Funny ... his french. Useless,YouTube
N/A,Winning times ahead folks,YouTube
N/A,Not my  PM,YouTube
N/A,Election… NOW,YouTube
N/A,51st state now!,YouTube
N/A,No one voted for him 😂😂😂 he was The finance minister for the last leader and look how that turned out,YouTube
N/A,"Be great if he visited China, like PM Chretien did last year great interview on CGTN Leader's Talk..Race to the Future and Modernization..Reporterfy Media-Cyrus Janssen",YouTube
N/A,It'll be short lived.,YouTube
N/A,the king is canadians head of state. so we all serve the king.,YouTube
N/A,He also ran the Bank of Canada for Stephen Harper (a conservative PM) look how that turned out.  Pulled through the 08 financial crisis because of him.,YouTube
N/A,We don’t vote for Prime Ministers.,YouTube
N/A,@ - he didn’t run the Bank of Canada under Trudeau.  My argument is you have no idea what you are talking about.,YouTube
N/A,@ - no he wasn’t; thanks for proving my point,YouTube
N/A,@jayc5373  I was wrong but still not getting my vote,YouTube
N/A,Not elected,YouTube
N/A,LETS GOOOOOO,YouTube
N/A,"The new, but hopefully short term, PM.",YouTube
N/A,If this guy is a clown that makes Trump the whole Carnival.,YouTube
N/A,Neil McCoy Ward - The Disturbing Truth behind Canada's New Prime Minister,YouTube
N/A,Not my Prime Minister.,YouTube
N/A,Freeland is buzzing on something and huffing and puffing moving your feet and head twitching like a bobblehead 😅,YouTube
N/A,GB 2.0,YouTube
N/A,Congrats Marj🇨🇦🇨🇦🇨🇦,YouTube
N/A,Never received 1 vote ... 🤣 kamala Harris 2.0,YouTube
N/A,🤮,YouTube
N/A,Such A Crying Shame! He Has No Right To Be prime Minister! Disgusting!,YouTube
N/A,All i can say is do your research.,YouTube
N/A,not my prime minister,YouTube
N/A,Call an election now!!!!,YouTube
N/A,Congradulation,YouTube
N/A,👏🏻👏🏻👏🏻,YouTube
N/A,God save the king,YouTube
N/A,Election,YouTube
N/A,"They purposely shot down parliament, so they're not criticised!",YouTube
N/A,Call an election NOW!!! This guy lives in the U.S. his wife is still in New York.,YouTube
N/A,What a farce.,YouTube
N/A,Kim Campbell 2.0,YouTube
N/A,All the people complaining about not having elected him should read a book and maybe find out how our parliamentary system works.,YouTube
N/A,Barf,YouTube
N/A,Hmmm,YouTube
N/A,Our new Prime Minister Mark Carney  🙌 👊,YouTube
N/A,What a farce…,YouTube
N/A,No Canadian citizen voted for this.,YouTube
N/A,Not my king🇨🇦🇨🇦🇨🇦,YouTube
N/A,J'aime ton accent le grand ❤,YouTube
N/A,"As an American the existence of Canada has never made much sense to me. Like why does your country even exist? The map just makes so much more sense when the US controls all of North America. Your guy's country only exists for one reason: British imperialism. The British decided to keep you from being a part of the United States just so they control your land and natural resources. Literally no other reason... What kind of national identity is that? At this point the existence of Canada is tantamount to the British continuing to control Northern Ireland, or parts of Cypress, or part of Spain (Gibraltar) or part of Argentina (the Malvinas). Let's face it... You can make whataboutisms all you want or spew your propaganda but you actually can't come up with a single good reason why you shouldn't join the US.",YouTube
N/A,Canadian did NOT vote for him. Elections now,YouTube
N/A,"Finally, someone who is well educated in a position of power. Love to see it! I'm excited to vote for him when he calls a re-election!",YouTube
N/A,😢,YouTube
N/A,Election now!!!!!!!!,YouTube
N/A,Canada heading right down the tube's!!!,YouTube
N/A,How is this guy out PM when no one voted for him?!?!?! Call the election now,YouTube
N/A,This is ultimate corruption.,YouTube
N/A,Gross that britain is still a part of Canada... Time for the natives to take the land back..,YouTube
N/A,"I think you need to learn history a little more. Canada exists because a bunch of people from the states went north during/after the revolutionary war because they were loyalists of the crown, didn't support your founding fathers and didn't like the revolution. Canada/Canadian people have never and will never be with Americans/part of the USA. If anything we're more with the British. We respect our traditions.",YouTube
N/A,Nooooooo,YouTube
N/A,What a joke Canada is completely  tucked,YouTube
N/A,God help us!,YouTube
N/A,👏👏👏👏🇨🇦🇨🇦🇨🇦🇨🇦❤❤❤,YouTube
N/A,Pierre Poilevre coming .,YouTube
N/A,TIME FOR AN ELECTION ASP!!!,YouTube
N/A,Le accent 🫥,YouTube
N/A,Quite the coup,YouTube
N/A,🤦‍♀️,YouTube
N/A,He is not Canadian,YouTube
N/A,Swearing  to majesty.... Not for people of Canada.. Constitutional monarchy,YouTube
N/A,🤣🤣🤣🤣🤣🤣🤣🤣 temporary Minister lol,YouTube
N/A,Election!!,YouTube
N/A,We need someone with this economic background to lead. No questions asked. Now is not time for political loyalty. It is time to think about riding the economic tide and surviving.,YouTube
