text,Source
With 86% of the vote holy shit,Reddit
"Wow, was not expecting it to be that much of a blow out, 80%+?",Reddit
"Not surprised at the winner, but I am surprised at the margins",Reddit
86% on first ballot is insane.,Reddit
Think trump will finally clue in Trudeau resigned and isn’t trying to hang on to power 😂🇨🇦,Reddit
My god he crushed it. Freeland wasn't even a factor,Reddit
"Everyone wanted to move on from anything Trudeau related, I don’t know why she even ran. This could’ve been an email.",Reddit
"85% of the vote is wild, Freeland was really unpopular",Reddit
Shoutout to the [Mainstreet poll ](https://montreal.citynews.ca/2025/02/25/liberal-leadership-race-poll-carney-freeland-first-ballot/)that gave only 43% to Carney two weeks ago.,Reddit
That’s a very strong win.,Reddit
"It’s a surprise how much he won by, but also not really. Carney was basically coronated liberal leader before the race even began. He’s really the only one who can do it. The alternatives are either irrelevant people, have dubious foreign connections, or are stained by Trudeau.",Reddit
Wow. Carney got 85% on first ballot.,Reddit
Amazing that Canadians didn’t trust the woman who suggested we could just fix all our finances by cancelling Disney+ to lead us…,Reddit
"NWT born, raised in Edmonton, very well educated, extremely successful career, I'm incredibly impressed.

For years, I've wanted the Conservatives to put an MBA businessman for leader, but we keep getting career politicians like Scheer and PP.

Carney might have one of the best resumes before entering politics as a leader, ever.",Reddit
Yeah it was pretty inevitable given the history with Freeland.  I know liberal lobbyists who basically said it was a done deal.  I don’t want to hear dumb slogans or zingers in my government.,Reddit
"Cheers in the crowd for eliminating the carbon tax.

lmao",Reddit
"Carney knocked the entire thing out. The election will be competitive. And the Centre-Left is energized, atleast Liberal are at 85%",Reddit
PP violently brainstorming more derogatory C verbs for Carney,Reddit
"Insane Majority, Around 85%, bonkers",Reddit
Landslide vote victory,Reddit
That’s absolutely decisive. Looking forward to the election.,Reddit
So now what happens? Does this automatically put him at PM or we still need to do an election?,Reddit
"Very much not surprised, Freeland wasn’t exactly well liked.",Reddit
Very fast rise for Carney. We'll see if he can retain the momentum. Probably waited for this exact moment to step into the ring. Guess we will see if he can compete.,Reddit
Everyone is absolutely shocked!,Reddit
Don't fuck it up...,Reddit
"I voted for Carney, but I think Karine Gould is one to keep an eye on in the future…she’s well spoken and gets her message out clearly with such pose. I am impressed…",Reddit
"I hope his elbows are as ""up"" as Justin's were.",Reddit
Congrats Mark Carney! Now you have a mission and a heavy burden to carry. Take us there and we will help carry the load!,Reddit
And Prime Minister of Canada… Not Governor!,Reddit
When is the election?,Reddit
That's a slap to the face of Freeland. And that's deserved.,Reddit
So no Capital gains increase and the carbon tax is gone... what is Pierre going to campaign on?,Reddit
"good job, no more stalling, lets get this federal election over with so we can start to fix the problems created by the previous gov.",Reddit
"86% of the vote! Carney wins in a landslide! Let's go, Canada!",Reddit
Here we go!,Reddit
Election time???,Reddit
by a landslide,Reddit
I think his economic background served him well. It’s exactly what we need with the Trump Tariff nonsense,Reddit
The landslide wow….,Reddit
"Not too shocking, being in cabinet positions in the outgoing government would have been a scarlet letter",Reddit
Pretty crazy that he won with 85.9% of the vote even though there was a large effort to register and vote for bad candidates by some corners of the internet. Probably more like 90% of the vote among serious liberal voters.,Reddit
"Now to see if he actually immediately calls an election as promised, or finds a reason to delay it some more.",Reddit
"I hate term globalist, but man does Carney fit it.",Reddit
Liberals got my vote for the next election.,Reddit
A decisive victory. Good luck PM Carney!,Reddit
Crazy times in Canada/Canadian politics,Reddit
Then obliterate Orange Moron and his gang of melon heads,Reddit
Canada has spoken! Elbows up!!,Reddit
[deleted],Reddit
"Congrats, let’s keep Canada united",Reddit
Not a surprise,Reddit
Let's all hope he can dig us out of this mess we are in right now.,Reddit
Carney is the best outcome for Canada. More qualified than any candidates available and also provides continuation to government in challenging times.,Reddit
"I think we all expected Carney to win, but over 80% of the total vote? The other three weren't even a factor it seems.

Hoping he can defeat PP later.",Reddit
"My question is how Carney is going to shed the stink of the last 9 years of Liberal failure in Canada. He's a new face, but he's fronting the same team and he has a massive legacy of failure to overcome to even get to the starting line in the next election. He saved the Titanic from sinking, but it's still got a massive gash in its hull and the bow is still underwater. Good luck Carney, you've got a tough row to hoe.",Reddit
to the utter surprise of no one,Reddit
Why does this process take soooooo long. In Australia the knifing happens in a matter of hours and we all go about our day with a new PM the next day.,Reddit
My thoughts on the margins (since I voted). The tally was ranked (numbers 1-4) I suspect people voting carney strategically shifted freeland to their fourth. Anyone who knows anything about how these stats are measured know if this might make a difference?,Reddit
Are we surprised? Running against Chrystia Freeland ffs...🙄 Can we have a real election now?,Reddit
Won by a landslide,Reddit
He will have my vote come election time,Reddit
Noice,Reddit
What a fucking blowout,Reddit
Carney just absolutely whipped the competition wtf ,Reddit
Let's go!!!,Reddit
The sooner the federal election happens the better odds the Liberals have.,Reddit
Best choice! Lets go..,Reddit
"Wonder if Carney will call an election now, best time for him to do it and I would be the first one lining up to vote for him.",Reddit
LFG!,Reddit
"Wow, I'm not at all surprised.",Reddit
Shockingly not even close.,Reddit
[deleted],Reddit
Annnnnnnd the carbon tax is gone. What ever will Pierre do?,Reddit
"Not surprised.

Running against two people from trudeau’s cabinet and a random outsider. ~100k people just picked our Prime Minister.

Can’t wait to see him tested by the other leaders.",Reddit
"Expected but the vote share is crazy impressive. Gives Carney a strong mandate on the party going forward. 

Really interested if they go for the election in April while the Cons are flat footed.",Reddit
He’s got my vote,Reddit
His French isn’t great,Reddit
"Did he win in the first ballot, second or third?",Reddit
Shocker,Reddit
"Ruh-roh. Good luck with going up against a competent person, who doesn't have the Trudeau baggage. PP is cooked.",Reddit
I hope he can beat PP.,Reddit
"Finally, someone with high IQ.",Reddit
Early vote? Let’s go PP.,Reddit
Canada has a chance,Reddit
"Now, I really hope the Liberals get dumped in the next election.",Reddit
Freeland and Gould should resign,Reddit
PP is cooked. What slogans will he come with up now?,Reddit
"Surprising no-one. Great news for the liberals though, honestly.",Reddit
"For the European stalker I am, is he a good pick to fight Trump's foreign policy on Canada? Will he keep the tariffs on or could fold against the USA?",Reddit
And the next step for Carney(if he wants to win) is to distinguish himself from the Trudeau Liberal party.  Let's see how that goes.,Reddit
"Fantastic.  Now, the real campaigning starts.  It will be interesting to see the new dynamic with Trump.",Reddit
More than Trudeau’s vote ,Reddit
Polievre and conservatives are done.,Reddit
Yes! Let's goooo! Put Donald in his place- prison,Reddit
That's who we want to lead us!!! Someone with the experience we need right now.,Reddit
"Imagine not wanting this guy to be your leader through economic turmoil?

Go get 'em Mark!",Reddit
One WEF stooge replacing another WEF stooge. Sad.,Reddit
Carbon tax bye bye,Reddit
Yeah he’s a smart dude. I actually support this!!! He will make Trumps life hell!,Reddit
Now he has to decimate that weasel PP,Reddit
Sucks to be PP right about now.,Reddit
Smart guy.....,Reddit
Remember when Liberal leadership races were close and competitive sometimes?,Reddit
Man I hope they get crushed in the next election.,Reddit
Congratulations to bankster carney.,Reddit
"#FUCK YEAH!!!! LFGOOOOOOOO!!!!!

I was really pissed with the LPC a few months ago, but damn, I'm energized for Carney.",Reddit
"Turnout for this vote was very low, mostly because some people found the registration process confusing and/or error-prone. That doesn't look good on the party. But the landslide tends to show that the outcome was inevitable, regardless.",Reddit
Let us hope he can handle Trump the next couple months before the election. I'm pretty sure he's had to handle the worst of the worst already as Governor,Reddit
Now go get Lil PP!,Reddit
[deleted],Reddit
Liberals looking at the OLP .... lets get a better leader.,Reddit
"Mark Carney Nationality: British, Canadian, Irish",Reddit
LETS GET THIS DONE!,Reddit
I guess I'm sorta glad since stopping the Maple MAGA seemed unlikely even a few months ago.  It just sucks knowing that we are going to be right back here with even more disillusioned voters in a short time when neoliberalism once again can't deliver actual improvements to life.,Reddit
"Geez, as if that wasn’t fixed 🙄",Reddit
"""We were supposed to be on a steady, if difficult, march towards progress. And yet, just ~~a few weeks ago~~  {**today**}, the ~~United States~~ {**Liberal Party**} voted ~~for a second time~~ to not elect its ~~first~~ woman ~~president~~ {**prime minister**},"" Trudeau said, adding that ""women's rights and women's progress"" are ""under attack.""",Reddit
Good,Reddit
"86%. Meanwhile trump with 49.8 vs 48.3 ""omg I have a mandate!!!!""",Reddit
We are doomed.,Reddit
Congratulations Carbon Tax Carney. May your reign be short and swift,Reddit
Very good. Now let's get on with it!!,Reddit
Coronation complete 👑👑👑,Reddit
Can’t wait to watch him lose the Fed election.,Reddit
"Which means we now have an unelected Prime Minister.  He must now immediately call an election, and pledge to serve as Official Opposition leader if the Conservatives end up in government, just like John Turner.  Plus, the Liberals are not very respected in Mark Carney's home area, which is Western Canada.",Reddit
I guess an education in Russo Ukraine studies doesn’t make you a prime minister. Who’da thunk!,Reddit
"Hasn’t won one election, the democracy respectooors go wild!",Reddit
"He axed the tax, he's gonna beat Poilievre.",Reddit
Yes!!!!,Reddit
American here- wasn't there a conservative candidate our idiot president wanted to win? What is carney’s politics,Reddit
Unelected prime minister,Reddit
Justice for Ruby Dhalla!!!,Reddit
Another Trudeau... how not exciting,Reddit
[removed],Reddit
"So with this win, Justin Trudeau remains PM until an election is call, right (I'd imagine either a by-election or General Election)? As Carney is not an MP, only party leader. Just asking because I believe this is the first time that a leader of the government has never appeared in any ballot for an electoral district (riding).",Reddit
Cleo Carney for PM,Reddit
"better call an election he is not legitimate being unelected and having no seat

nothing like democracy when a party can just pick a new pm and we have no say",Reddit
"Based on their own residency requirements to be a member. He was not even eligible to be a member. But somehow, he’s Prime Minister now. A complete sham. Illegitimate ",Reddit
Relax fools it was not a real ekectil. He was not voted in by the people...he is just a caretaker un till the pc win in the real election...mark would never have one f it was a real election....lol,Reddit
Lol,Reddit
[deleted],Reddit
Congrats to Canada's new unelected PM!,Reddit
His first proclamation is to move Canada into the United States to avoid tariffs just like he did with his head office.,Reddit
150k votes puts an unelected guy in office lol they'll get smoked at the next election,Reddit
Someone owes Trump a favor,Reddit
So now it will Governor Carney?,Reddit
An Irish? Idk how I feel about that,Reddit
K,Reddit
"Wasn't even close. I expected Freeland to be higher, but I'm glad he won so decisively.",Reddit
[deleted],Reddit
"That was a massive landslide win. Freeland with only 8%! I guess many Liberal voters were disgruntled with her and her decision to ditch Trudeau, even if it seemed right at the time.",Reddit
He crushed everyone else wow.,Reddit
Higher than the **70.70%** Poilievre won with in his leadership race,Reddit
Freeland is a train wreck.,Reddit
More than JT won in his leadership race. Really big stuff,Reddit
I mean if u disqualified more then half the vote I'd say that number should be even higher ,Reddit
2% shy of Putin's results in the last Russian election.,Reddit
"Only 150,000 people voted.

The Conservative leadership race had 400,000 voters. And they had to pay to participate.

The Liberal support is thin.",Reddit
What a boring and uninspiring leadership telecast. Yawn.,Reddit
All staged. Fake. Might as well not even had a vote,Reddit
85.9% of the vote,Reddit
[deleted],Reddit
Yeah that’s a big margarine.,Reddit
[deleted],Reddit
Ranked choice voting was a factor. People that had Carney or Freeland as a coin-flip would probably put Freeland second. Not enough separation between her and Trudeau.,Reddit
For the politically ignorant - is this any indication of how the Federal election might go?,Reddit
Those are Putin and Lukashenko numbers.,Reddit
He might even take credit!,Reddit
He's gonna treat this as some kind of win that he was responsible for 100% lol,Reddit
"He claim credit that “weak Trudeau” couldn’t stand up to Trump and had to resign. Or whatever nonsense Trump believes, one thing he won’t do is admit he was wrong",Reddit
He knows. It just doesn’t fit his narrative. The next lie will be how he pushed Trudeau out of office.,Reddit
"I think he might push on hard over the fact Carney wasn't put in power through a typical election as being anti democratic though. In the US system I don't think that can happen.


He did that with Zelenskyy still being in power because of martial law.",Reddit
"Nah, the orange blob won't get it.",Reddit
"Nah man this is a clever ploy by Trudeau to remain in office. Clearly.


/s",Reddit
"No. He's monumentally stupid, and also doesn't care. He'll say whatever makes him look strong to US folks.",Reddit
"Nah, he'll still be blaming Trudeau for everything even when he won't be there hahahaha like he does with Biden",Reddit
Which is a good sign,Reddit
She stayed with Trudeau a year too long.,Reddit
"I always remember Mainstreet having the conservative mayoral candidate in Calgary's 2017 election way ahead and arguing and threatening people who challenged them, then having to apologize for shitting the bed so bad post-election. I don't pay attention to any of their polls.",Reddit
"I think Freeland was just used as a sacrifice to make it look like it was democratic process. Internally the liberals already sold their party to Carney. This is just a fun conspiracy theory, not based on any facts.",Reddit
Didn't even know that was an option!! 😂,Reddit
Agreed,Reddit
Since when the Carney is considered “centre-left”?,Reddit
“Centre-left” 🤣🤣🤣🤣🤣,Reddit
Kooky Carney is pretty good but doesn't really hold up.,Reddit
Goes to show how badly run our conservative party is when they make an unlikeable little dork with the initials pp their leader.,Reddit
"There will be a short period of transition. Then they will have the Governor General swear him in. He won't be able to sit in the House of Commons until he wins a seat. Whether they wait until October, call an early election, or the opposition forces an election is up in the air.",Reddit
"
He doesn't have a seat. We are having an election.",Reddit
He is automatically your PM.  He is the leader of the ruling Party.,Reddit
Also had the dual struggle of being very closely associated with Trudeau while also ending on bad terms. Gould at least benefited from being the voice in the race who was willing to defend some Trudeau-era policies.,Reddit
People were expecting a first ballot win for Carney but i don't anyone was expecting 86%.,Reddit
Or not...,Reddit
Ru?,Reddit
He basically stole the policies of the conservatives,Reddit
Verbthenoun,Reddit
How can people trust a party who suddenly changes their mind after pushing that shit for almost a decade?,Reddit
Odds are earliest we might get one is April-May. He'll definitely will wait until after the first real melt.,Reddit
"Who knows? Mincemeat recently said he wasn't in a hurry to force an election.

Probably not the best time for an election anyways, Canada must be saved by the unelected investment banker.",Reddit
"None of the candidates were ""bad"". All were at least competent.",Reddit
"Right now the number is 400,000 votes were disqualified...",Reddit
"The best thing Carney could do for his chances is to call an election while Trump is still dangling his tariff threats, and while he's still got the honeymoon phase as new leader. Trump acting at his worst is what's turned the tide to the Liberals.",Reddit
Needs to be sworn in first,Reddit
That's not how it works.,Reddit
"March 24, but Marc Carney won't have a seat in Parliament.",Reddit
United in poverty.,Reddit
"For you, maybe. But we don't all think alike, do we?",Reddit
Appointed not elected.,Reddit
Everything that's left to take.,Reddit
He’s been on Duolingo since the last debate apparently lol,Reddit
His public talking in general is not great.,Reddit
First,Reddit
"First, with over 85%",Reddit
And real work experience (directed at PP).,Reddit
A chance at another decade of poverty! Yay!,Reddit
Carney will almost certainly appoint them to his cabinet.,Reddit
"lol

If Carney debates the way he handled the 'race' debate and hard balled interviews, I honestly doubt it.",Reddit
He will sell Canada out to the elite,Reddit
Is he going to put a stop to the wage suppressing mass immigration crisis the Liberals created?,Reddit
"Please, you didn’t even know who he was 3 months ago. He’s a WEF puppet just like Trudeau and he wasn’t even elected.",Reddit
"Prefer the life long political attack dog, or the Toronto lawyer who has let his party drift into a black hole?",Reddit
😂😂,Reddit
😆,Reddit
"Well, in all fairness, this is a liberal leadership election similar to the republican primaries. Which trump won that in a landslide, not as big as carney, but still 76% of the vote.",Reddit
[deleted],Reddit
He just said he's going to get rid of it.,Reddit
"Turner 2.0?
Turner 2.0.",Reddit
Coronation? You guys just come off as desperate with that angle.,Reddit
Liberal win coming.  Poillieve is sinking the PC party faster than you can say. Security Clearance.,Reddit
Polls would indicate he won’t.,Reddit
"Why would he have to do that? We don’t vote for prime ministers, we vote for members of parliament. He’s PM under our laws and conventions.",Reddit
"This was the liberal party leader election.
Not a federal election.",Reddit
That is the opposition party the Conservative Party of Canada's leader is Pierre Poilievre. This is akin to the Democratic party voting for the leader of the party. In Canada the leader of the party becomes the Prime Minister if the party wins the most ridings,Reddit
"Funny that. Do you vote for the Prime Minister come election time?

No?

Exactly.",Reddit
Interim PM.,Reddit
She would've won if they didn't kick her out /s.,Reddit
Kidding.,Reddit
"Have an original thought, or just parroting peremptory attack ads?",Reddit
"Ok, Pierre.",Reddit
Just announced he's going to put an end to it,Reddit
"no, Carney becomes PM immediately

it's highly unusual to have an unelected PM so pundits believe that Carney is going to call an election in the next few days",Reddit
"Unless you live in their riding, you never vote for the PM…",Reddit
"…this is how our parliamentary system works. We don’t elect prime ministers. We elect a party, and the leader of that party becomes PM.

Regardless, he’s obviously going to call an election fairly quickly.",Reddit
"He is legitimate, learn the rules.",Reddit
Lol. PP is crashing out. Because Canadians are finally seeing him for what he is: a lifelong political dweeb who is obsessed with personality politics and populist slogans. Someone who actively cozies up to American interests.,Reddit
This is good news,Reddit
Congrats on being clueless about how our electoral system works.,Reddit
Do you willfully not understand how Canadian politics work?,Reddit
">150k votes

>Unelected",Reddit
Tell me you don’t understand this without telling me…,Reddit
Fox news watcher over here lol,Reddit
You haven’t been following the polls. The conservatives 200 seat lead has fallen to 13 in 6 weeks. Trump taking over has completely wiped out their guaranteed win. If Kamala had won the election the conservatives would likely be over 200 seats ahead today.,Reddit
"""I usually find things too complicated""",Reddit
"Tell me, when was the last time you ticked a box on a ballot that had the Prime Ministers name on it? Outside of living in their specific riding.",Reddit
Freeland interviewed horribly. I was surprised,Reddit
"Freeland was too tied to Trudeau, which would've been an enormous liability in the election. Pretty sure her doing so poorly is a reflection of that reality. Carney stands a way, way better chance against PP.",Reddit
I saw a poll posted here a while ago that Freeland was not far behind. Oops...,Reddit
"If you ever meet Freeland in person you'll understand why she lost so badly, she's kind of unbearable",Reddit
Freeland has too much history with Trudeau that I think would mean she could never win a federal election (although the past 2 months has changed that equation somewhat).,Reddit
"I mean when you look at it, was it such a big surprise that Mark Carney won? He fits entirely within the Liberal party establishment.

Carney is an economist that was both head of the Central bank of Canada as well as head of the Bank of England. His views of market liberalism and proven track record at major financial institutions beat that of Freeland, he's basically a technocrat.

Freeland studied history and literature, specifically Russian and Ukrainian and worked as a journalist. She is entirely an outsider so to speak and her only experience in politics is tied to Justin Trudeau, who just stepped down.",Reddit
She is a poster of all the failures from previous years who dumped Trudeau last moment right before his rating skyrocketed. I am more surprised she thought she has a single chance to win this.,Reddit
Carney needs to distance himself as far as possible from Freeland before this upcoming election. She is incredibly disliked by Canadians.,Reddit
"I like her better, but I think she has too much Trudeau stank on her, and Trump hates her.",Reddit
"""We were supposed to be on a steady, if difficult, march towards progress. And yet, just a few minutes ago, the Liberal Party voted to not elect Canada's second woman prime minister"", sad Trudeau never.",Reddit
She's pretty hot at least. ,Reddit
"Dang, really?",Reddit
"My opinion of her would’ve been very different if she didn’t have awful speeches as finance minister, and she quit cabinet weeks after the GST issue, and day of budget being presented.

She played politics, and frankly isn’t good enough in what will be a tough campaign.",Reddit
They would lose with her attachment to Trudeau. This is a good decision.,Reddit
I guess she was to close to Trudeau. Which fair enough.  ,Reddit
"Yeah, not only was she too tied to him, but her resignation was so... unprofessional.  She did not go with grace. As a woman, we always (to my neverending annoyance) get told we're too emotional blah blah blah. So then we see a strong female politician literally write a scathing letter like a high schooler and post it everywhere to bash the leader OF THEIR OWN PARTY?? That's emotional af and incredibly telling of her character. It's one thing to disagree, step down, and announce your resignation due to differences. It's a completely different thing to air out all your dirty laundry publicly. I would absolutely love to see a female PM or even anyone but a middle-aged white man but definitely not Freeland.",Reddit
She's just so fucking smug.,Reddit
There was a leadership race for Putin's party? lol,Reddit
"Parties don’t typically push for membership sign-up nearly as much when they are electing a leader in this kind of scenario. You get those big numbers when they elect a new leader after a general election defeat, those also typically longer campaigns",Reddit
Would be interested to see the registration requirements for both. The liberal sign up was a slog,Reddit
Yeah. Needs more Hulk Hogan,Reddit
We don't need an American style show up here. We are salt of the earth people. Save that garbage for south of our border.,Reddit
Democracy levels haha,Reddit
I can’t believe it’s not better.,Reddit
So expect another 10 years of liberal party leading the country,Reddit
"Not really, because only liberals vote in the liberal party leader election. But this does indicate that Carney has the backing of the party in general and therefore they will be united behind him.",Reddit
This was to vote for the liberal leader. Only those who registered as Liberal was allowed to vote in this,Reddit
Not at all from a voting perspective but is positive for the liberals for fundraising and campaign volunteers as it means liberals are behind Carneys candidacy.,Reddit
No. But it does at the very least point to the Liberal Party being united behind Carney as leader.,Reddit
"No, this is solely for the Liberal Party leadership. In a best case scenario for them, they would win a minority (<50% of the vote). More likely, Conservatives will win a minority.

It's a huge win though considering a couple of months ago it was something like a 99% chance of Conservative majority.",Reddit
"It shows Liberals won't be staying home on election day, whether or not that's enough to win we will see",Reddit
"Not directly but it is an indication of the support he has among Liberals themselves. Shouldn’t see too many Liberal voters crossing over to other parties, particularly the Conservatives, which isn’t going to bode well for Pierre one way or another.",Reddit
"Nope, it's an internal leader election. Only registered Liberal members voted and it's picking the Liberal leader for the next election. Can only indicate he is very popular among Liberals at this moment.",Reddit
No just an internal vote for the new party leader I believe.,Reddit
"No. This is a vote among registered liberals, not the general population.  Most people, even liberal voters, aren't registered liberals.",Reddit
"Probably a bit of indication, certainly not any kind of confirmation though.


Liberal membership surged during the leadership race, and with an overwhelming majority win today it's clear that liberals are very united around Carney, so I don't think we'll see much in the way of liberal infighting during this election (like we might have if Chrystia had won)",Reddit
It's a testament to how much Liberals believe in Carney specifically to be able to win the next election. It's tough to say how much that would translate onto the entire voting population - but I'd expect a rejuvenated and energised Liberal campaign that might not otherwise have materialised.,Reddit
"No, this vote is strictly Liberal party members. According to the polls the last little while he has the best chance against their rival conservatives. For example if the liberals came out with 50% of the vote for the election it would be a monumental comeback. ",Reddit
"It’s only 85% of who was registered as a liberal to vote, and who went through the hassle of trying to use the horrific Canada post verification app. But it’s still a pretty massive blowout. If he can put on a strong performance until the next election, liberals could easily get a majority.",Reddit
"Deffinetly not, Carney has a lot of work to do. He can surely keep the tories to a minority, but if he wants to win, he needs to truely inspire, show strentgh, and outsmart the PP messaging.",Reddit
"No, it's only 150k voters - he's more like Freeland was in this race",Reddit
Maybe if elections Canada take a note from the liberal party and only count 37% of voters 🤷‍♂️,Reddit
Ill agree if he wins the general elections by this much but I dont think its too outlandish for this to happen at party level,Reddit
Oh boy. Dumb ass take,Reddit
Lucky Freeland didn't fall out a window lol,Reddit
"100%. 

""Canada needs strong leadership, which they will have when they're the 51st state.""",Reddit
Don't give him ideas!,Reddit
"Oh 100%, he'll tweet some bs and his followers will lap it up like always.",Reddit
Agreed. I can’t wait for the next episode of trump to hear what’s next,Reddit
Agreed… liberals being united behind their leader will be a big benefit in the election.,Reddit
"God I can't believe people actually voted for the ""vibecession"" finance minister",Reddit
I mean she had good ideas. I give credit where credit is due.,Reddit
"Then stabbed him in the back, pissing off his supporters.",Reddit
Like the rest of us lol,Reddit
"To be fair, it's hard to sample members in good standing of a party. That doesn't explain your example though.",Reddit
"CARTEL CARNEY

Since apparently we’re being overrun by Mexican cartels up here",Reddit
"In October. He doesn't need a seat to be Prime Minister, but without a seat he can't participate in Parliament and has to watch from the sidelines. We will have an election in October, or sooner if they decide it's for the best (or if forced through a vote of non confidence)",Reddit
I mean no news outlet were talking about Freeland. It was all about Carney that Carney this. So not really suprising.,Reddit
"Yeah, most people (myself included) thought Carney would get the leadership, but I doubt *anyone* expected such a big margin",Reddit
To be fair carbon tax is a conservative idea,Reddit
"They elected a new leader. Different vision. Different ideas on how to run things. 

It's rather simple to understand.",Reddit
Source?,Reddit
[deleted],Reddit
News report said it should take a week at most.,Reddit
We all want what’s best for the country.,Reddit
A chance at not being America's 51st state! Let's go Canada!!,Reddit
"Will you actually read the platform he releases when an election is called to find out what he plans on doing, or have you already decided?",Reddit
Or the liberal media censorship laws? Or the attack on legal gun owners while reducing sentencing on gang bangers? Or liberals loosening laws and increasing crime? Or the ever growing unemployment rate? Or the insane federal debt? Or the lack doctors and healthcare workers? Or the lack of people and equipment for out military? Or the lack of police patrolling?,Reddit
"It just speaks volumes that once cerney was introduced as an option, the Conservatives dominance plumetted in the polls, and Carney was able to get more support than trump, a literal populist. I just hate trump. He won by one of the smallest popular vote margins ever but acts like the entire planet is behind him",Reddit
Thanks genius,Reddit
"He just said he is going to cancel the carbon tax - so yes, he is “I killed the Carbon Tax” Carney",Reddit
"Not quite.

Carney becomes PM once Carney receives an invitation to form a government and Trudeau tenders his resignation to the Governor General.",Reddit
"is he an elected mp by canadians? a liberal leadership vote is not the same thing at all, there must be an election and you are a traitor to democracy if you think otherwise",Reddit
Right? I’m getting really tired of these people who seem to learn Canadian civics from Trump tweets.,Reddit
I am Australian. You can change Prime Ministers without changing governments. US people have no idea of the 'Westminster System'. Too wedded to their faulty system and practices. Go Commonwealth.,Reddit
"Why would a russian understand Canadian politics? Why even vote, just keep the same guy for 30 years.",Reddit
I swear everybody needs a civics refresher.,Reddit
Where was I wrong?,Reddit
So when did he get elected as an MP or as PM in a federal election?,Reddit
150k votes is hilariously bad considering the context,Reddit
"The polls lol they just showed a base of 150k, that's brutal. Conservatives are going to smoke the Liberals, people don't forget that easily",Reddit
"Liberals numbers are mirroring Harris's ascension nicely. That's why we're headed for another reddit special lol, the comments here will be epic.",Reddit
She talks to voters like they are children.,Reddit
"She was also more closely related to the former PM. 

Which I will be honest. He did good in his last month swinging back at Trump in the media.",Reddit
"Terrible insight to have but Dumpy would not respect a woman, either. 

I would have liked to see her higher but she was not restrained enough in the lead up and said some things she should not have.",Reddit
She’s brilliant and will be DG of the UN one day and Gould can be pm one happy day after the war.,Reddit
[deleted],Reddit
Karina Gould is one to keep an eye on the future.,Reddit
"To be fair, he also won with 82% turnout, compared to just 37% this time.",Reddit
Too close to Trudeau for the people that hated him and since she stabbed him in the back the people that loved him hated her,Reddit
she's worst than him.,Reddit
That makes 2 of them...  Carney was just more behind the scenes.,Reddit
Yep she was stained,Reddit
Wouldn’t be surprised if the opposition mysteriously disappeared. Or if they were just paid off anyways to have a pretence of democracy,Reddit
I think the only time he was nominated by a party was in 2012 and the way that party won parliament elections in 2011 was a point of no return for Russia,Reddit
"That's right. Parties typically don't hold a country hostage by shutting down Parliament during a crisis so they can sort themselves out.

You would think that the Liberal party members would take this situation a little more serious.",Reddit
"Even when Canadian parties try, it's quite dull and awkward. I'm thinking specifically of when Harper had Gretzky on stage and he would put bills in a box with a ""cha-ching"" sound effect everytime he put money in.",Reddit
That’s terrifying,Reddit
"Ah gotcha, thanks!",Reddit
So will CBC and Reddit,Reddit
Anyone who wanted to vote could. I voted even though I rarely vote Liberal during general elections.,Reddit
It's very close right now and they haven't even started campaigning. This election could seriously go either way.,Reddit
Yep. Also Carney raised A LOT of money for the party so they will have  plenty of money to run the campaign.,Reddit
"> It shows Liberals won't be staying home on election day

Not necessarily. Less than 50% of party members voted. Of the 400,000 members of the party, most of which signed up specifically for this leadership race, only about 160,000 had voted. That's less than 50% turnout for their own leadership race. That's not great.

For contrast, the 2022 CPC leadership election had a turnout of 64.5%.",Reddit
"I signed up to vote and the app refused to verify me, which I'm still oretty annoyed about. I'm glad the wolf in sheep's clothing voters didn't get Chandra Arya elected.",Reddit
that canada post app was an absolute breeze to use lol,Reddit
Thanks!,Reddit
"The app was a breeze to use, if you had trouble that's a you problem lmao.",Reddit
Am I wrong?,Reddit
He actually already took credit for it when Trudeau first announced he was stepping down lol,Reddit
"What are you talking about, Trudeau has been awesome through this dark time.",Reddit
"He’ll probably call is asap so as not to loose the momentum. Right now is probably the most popular he’ll be (or during the election campaign, depending how he plays it).",Reddit
Imagine having a prime minister that can't even participate. Jesus christ,Reddit
"They weren't disqualified. 400,000 people registered to vote, but the majority did not complete the verification process by either using the app or going in-person to a Canada Post office. Therefore most of those 400,000 people never received a ballot, and did not vote.",Reddit
It was never a race to begin with. Carney himself said he was selected during the race.,Reddit
"I will.  If he reduces immigration back to 2019 levels and ends temporary foreign workers in fast food, then he has my vote.  Simple as that",Reddit
"There is an election coming, this is standard operating procedure if an official resigns. What do you expect to happen, they have an election with no Liberal party candidate?",Reddit
So I guess Kim Campbell wasn't really prime minister in 1993,Reddit
Chill out. An election will be called real soon as an early election works in the party's favor. Waiting only benefits the cons.,Reddit
"Lol their username, totally Russian",Reddit
"The liberal party is still the elected government. The liberal party voted for a new leader. By definition he was elected. This isnt the US, we have different systems. This is the same as Kim Campbell being our first woman prime minister in 1993.",Reddit
"The Liberal party, like other parties, elects their leader. On top of that any Canadian can sign up , and vote as well. He's ""elected"" in any sense of the word.",Reddit
October 2025 ideally,Reddit
"Look, I can’t forgive the liberals for how badly they’ve fucked us over for the last 9 years, but my brain has enough grooves to see the winds have changed. Currently every single poll has the conservatives winning a small minority. 2 months ago they were cruising to an absolute blowout. 

Just because you don’t like it (I don’t either), doesn’t mean it isn’t a strong possibility.

The campaign writes itself: “ran the BoC during the 2008 financial crisis and we didn’t get hammered like the rest of the world. Ran the Bank of England during Brexit and they didn’t crumble to pieces. Now we’re in a trade war, do you want the guy who’s successfully ran economic policy during 2 historic crisis’, or the guy who hasn’t really done much of anything?” That’s going to be the message blasted all over Canada.",Reddit
Will you freak out if you're wrong lol?,Reddit
I can’t wait - The liberal meltdown montages are going to be hilarious.,Reddit
“You’re older now. Let’s cut the Disney Plus”,Reddit
She talks like Michelle Dugger. It's like nails on a chalkboard for me.,Reddit
Her votes are just in a vibe-cession.,Reddit
I 100 percent felt this every time she did an interview. Reminded me of an elementary teacher.,Reddit
Children who shouldn't have the Disney Channel unless they accept her as leader.,Reddit
It worked down south..,Reddit
Same as Trudeau. Like a bedtime story,Reddit
"Trump actively hates her due to their past experience working together, so it would’ve been terrible.",Reddit
"I hate that that is factual, but having a white dude at least takes the racism and misogyny off the table. 

That killed me to write.",Reddit
">Terrible insight to have but Dumpy would not respect a woman, either.

Donald does not respect anyone. Unless they're Putin, or Musk.

He definitely didn't respect Trudeau.",Reddit
Actually she famously was called “killer” by him during the USMCA negotiations - so maybe Trump would have been more servile,Reddit
"I like freeland a lot actually but due to her previous pettiness with trump and his general disrespect for women, I didn’t see her as our best option to deal with him.",Reddit
I really do think Gould will be a political force one day. She is my preferred candidate for better times.,Reddit
Hope not,Reddit
What about his history with Stephen Harper? Wait until you learn about that.,Reddit
I only know him as the chairman of hte Bank of Canada. What specific ties to Trudeau are you referring to?,Reddit
She had like zero policy differences compared to Carney also. So like obviously people are gonna go with the guy with less baggage.,Reddit
You seem to have quite the opinion of her.  What exactly do you dislike about Freeland?,Reddit
"Not as terrifying as a PM who can't get a security clearance.

With Trump as a threat, I'd prefer someone who successfully ran two different central banks. Carney is the right person at the right time.",Reddit
"It’s a totally different leadership, let’s give them a chance.",Reddit
With such a high margin. The Liberals election campaign will just continue with Carney's plan and take it national. If he'd won by say 10-15% you'd maybe have to give some concessions to the Freeland wing of the party.,Reddit
"I think the hoops you had to jump through turned a lot of people away from voting, people saying the verification app wasn't working too. I went to the post office to verify in person but even having to do that probably drove turnout down because as you pointed out most signed up just for this leadership race. 



The extra steps had of drove participation down and weren't a lot of conservative trolls signing up just to vote for anyone but Carney? They probably never ended up voting either",Reddit
I just went to the post office to verify my identity I'm glad I didn't try and use the app,Reddit
"It was really stupid the way it was done. It relied on an selfie check, but I’d imagine lots and lots of Canadians have photos that don’t match what they look like now due to the pandemic and all the official photos they allowed to be skipped. I verified in person, and then on the day of the vote the app said that it needed to be reset and reverified. Liberals also just sent me a basic canned response and didn’t resolve my issue. Happy carney won, who I wanted to win regardless.",Reddit
"I uploaded a passport, nexus, drivers license and still was not able to get it verified without having to go to Canada post in person. Crazy to me they couldn’t have hooked up it up to the provincial ID apps like the BC services card verification. If you look on the different subreddits lots of people had issues with it.",Reddit
"How is it a me problem if the app randomly says my verification, which I completed in person needed to be reset, and then offered me zero support to resolve it? The app was not a breeze, just because it worked for you doesn’t mean it worked for everyone. Not my first time using an app like this either.",Reddit
Reading between the lines you are insinuating a rigged vote? Maybe im wrong.,Reddit
Trudeau hasn't been awesome since 2015.,Reddit
"Exactly. I didn’t vote for a lack of trying, literally spent hours on the phone this weekend trying to get my voting verification sorted out, but it didn’t work out (for many technical reasons I won’t bore you with, the process I experience was horrible). I would have voted for him, so I think the margin would be even higher.",Reddit
"You literally have Berlin in your name, guess you're a Nazi",Reddit
"Lol no only registered Liberals vote, not all citizens - but I guess that's what y'all REALLY want anyway. As much a democracy as Jim Crow, let the Libs decide peasants",Reddit
"There it is - fuck democracy when it's my guy, just put it off 🤣 mask off",Reddit
"Of course. Regardless of who wins, there will be plenty of meltdowns here lol.",Reddit
"Yes!  I didn’t know how to describe it, but that sums it up perfectly",Reddit
"She talks like a journalist - because she was a journalist for a major part of her career before she went into politics.

Carney talks like a banker because he studied economics and was head of two major central banks and deeply embedded into financial insitutions, he's a technocrat at heart.",Reddit
He hates her because she's a woman who doesn't bend over for him.,Reddit
"I feel it too. 

But we are between a rock and a hard place right now. 

Realpolitik sucks sometimes.",Reddit
I hate this fucking planet,Reddit
"I had this same thought, and it sucks. I like Freeland, but this isn't her moment.",Reddit
Sad but true unfortunately,Reddit
"But with Carney we go to ""I don't respect him"" from ""I hate this dumb bitch"". It's the sad status of America's politics.",Reddit
"The leader of Mexico seems to have Trump wrapped around her finger. Irrelevant, but interesting",Reddit
"Yeah sadly now is not the time for a woman prime minister. It sucks to say, but we are dealing with a crazy dude on the other side. Taking all the chances we got",Reddit
Also true,Reddit
Maybe that guy/girl really likes Trudeau and was just saying Freeland is not as good as him? Just kidding.,Reddit
"Carney is going to save the liberals in the upcoming election, which you, as a staunch leftist, should be happy about. Instead, you're here trying to bait another user into an argument.",Reddit
They had a chance for 10 years. I'm never voting PP either. It's all wack.,Reddit
"I did that, and it still didn’t let me verify my identity with from the app to the liberal website.",Reddit
"fair enough maybe they were having issues from it being overloaded, I voted almost immediately as the voting opened",Reddit
"You don't really get it. Each party chooses their own candidate to run, conservatives don't get to vote on a Liberal party leader, and Liberals don't get to vote in who leads the Conservative party. Now there's an election, and Canadians vote for their leader.",Reddit
It’s a shame to think that. Mexico’s President seems to be holding her own. So did Angela Merkel.,Reddit
"I didn't use any app, once I verified at the post office with the barcode they emailed me I got sent another email with a link to place my vote",Reddit
Right and now we have the awkward case of one political group appointing an unelected PM because of how dumb that system is lol,Reddit
"To be expected, honestly.",Reddit
85% landslide wow,Reddit
Where can we talk about how good Chrétien's speech was? That man is 91 and he brought it.,Reddit
"To the surprise of nobody. 

Well. Maybe to the shock of the guy that said French doesn’t matter",Reddit
His [wikipedia page](https://en.m.wikipedia.org/wiki/Mark_Carney) has already been updated. That was fast.,Reddit
Interesting to see how the polls will look now that he’s officially elected.,Reddit
It wasn't even close! ,Reddit
"First rule for Mark....


Don't let Melania kiss you.  Don't sit next to Ivanka at a meeting.


That's how we got this 51st state crap.",Reddit
Did he say he will remove the carbon tax ? Holy shit,Reddit
Thanks Trump 👏,Reddit
I am very drunk right now,Reddit
85.9% of the vote.  Massive win for leader.  The next federal election is set!!,Reddit
Carbon Tax and Capital Gains exemption increase GONE!,Reddit
Would be nice if he can stay statesman-like and not crawl down in the gutter.,Reddit
"And now, comes the interesting part. The Federal Election. Ontario recently voted Ford back in, and knowing the province isn't really a fan of double parties leading, could it lead to many more Carney votes in Ontario?",Reddit
EEEEEEELLLLLBBBBBBBBOOOOOOOWWWWWWWSSSSSSSS   UUUUUUUUUUUUUUUUUUPPPPPPPPPPP,Reddit
CALL THE ELECTION MARK 📢📢📢📢📢📢📢,Reddit
LETS GOOOOOO!!!!!! 🇨🇦🇨🇦🇨🇦,Reddit
Better call an election asap and let Canadians decide who their PM is.,Reddit
Can we make a mega thread?,Reddit
"lol there goes ""carbon tax carney""",Reddit
Not shocked at all. Freeland can try all she wants to put distance between her and Trudeau but she's inextricably linked,Reddit
"Ladies and gentlemen, the next Prime Minister of Canada.

Wow. A competent, knowledgeable, and intelligent person. Exactly what we need.

Pierre Poilievre doesn’t stand a chance. Comparing Carney to Poilievre is like comparing a doctor to a toothless illiterate.",Reddit
Hell yea. Ok time to unite this country n get going.,Reddit
I am guessing an election will be called quickly and we will see a Liberal/NDP coalition to beat the cons.,Reddit
Hopefully this will mean no PP.,Reddit
To quote C-3PO: Thank the maker!,Reddit
[removed],Reddit
I'm gonna start a petition to rename the party Marky Carn and the Funky Bunch.,Reddit
"Giddyup. 
Time to get to work.",Reddit
"Now if he only had a seat in Parliament.  

Call the election Mark.",Reddit
It wasn't even a competition between Mark C. and the other 3; quite a landslide victory for him.,Reddit
Anointed,Reddit
Not surprised but not excited either.,Reddit
Freeland didn't get alot of votes,Reddit
Sure hope that he has the balls for the job,Reddit
"Yah! a rich white banker guy, this changes everything!",Reddit
Good luck Canada. Don’t let the trump boot licking fascists win anything.,Reddit
Time for the Carney to take on the circus!,Reddit
The most unrelatable man in the world,Reddit
[deleted],Reddit
Don't be fooled by the new face Canada. He's just another snake in the grass.,Reddit
Hopefully they put him through some communication training now lol,Reddit
Tupper lasted 68 days. Carney might beat that by half for the shortest PM tenure ever 😂,Reddit
LET'S FUCKING GOOOO 🇨🇦🇨🇦🇨🇦🇨🇦,Reddit
Let's GO!,Reddit
What will be Trump's first insulting nickname for Prime Minister Carney?,Reddit
Bookmarking this to look at in the future when people are crying about how corrupt and ineffective this government is.,Reddit
"Embracing not when a mp 

Just some dude who is evil snd connected to bad ppl 

Gonna ruin Canada further",Reddit
"""Prime minister, my time doesn't permit me to list all your accomplishments.""  
  
Yes, yes it does.",Reddit
"So, can he be prime minister without being elected? Is he just the leader of the Liberals pending an election?",Reddit
"Based on their own residency requirements to be a member. He was not even eligible to be a member. But somehow, he’s Prime Minister now. A complete sham. Illegitimate ",Reddit
We in trouble,Reddit
Nice,Reddit
Wasn’t picked it was bought,Reddit
I want to comment here from my heart but thy will remove it in a second . Lmao,Reddit
Our new prime minister that nobody voted for. That's democracy i guess. Lol,Reddit
...... ok..... needs a riding...... call an election...,Reddit
Carneymania!,Reddit
Daddy's home,Reddit
"It just goes to show that the person with the most name recognition, seems to get it. Ontario saw it with Crombie, and Alberta with Nenshi.",Reddit
What are they thinking… a non career politician.    Liberal haven’t learned anything of what Canadian want. ,Reddit
[removed],Reddit
"Yes. But as a very long time Canadian political convention junkie, I have never seen a mandate so decisive on the first ballot.",Reddit
The surprising part is more of how massive of a landslide he won the leadership by. I guess some people expected a tighter split between him and Freeland,Reddit
"Second place, Freeland, with only 8% of the votes.",Reddit
"I figured he would win, I'm impressed by how much!",Reddit
"I kind of expected it to be a lot closer, maybe even needing a second run but this is incredibly definitive.

Carney is absolutely the most qualified leader, but I'd bet Freeland's association with Trudeau (even after their public falling out) probably hurt her significantly.",Reddit
Mark Carney dominated the race to replace Justin Trudeau. Now what?  CBC.ca,Google News
Liberal Party of Canada announces Mark Carney as Leader  Liberal Party of Canada,Google News
Prime Minister Carney to strengthen ties with France and the United Kingdom and reaffirm Canada’s sovereignty  Prime Minister of Canada,Google News
"Mark Carney | Liberal Party, Biography, & Facts  Britannica",Google News
Mark Carney takes Liberal party leadership in landslide 1st ballot win  APTN News,Google News
"Banker Mark Carney Wins Race to Lead Liberal Party, and Canada  The New York Times",Google News
"Who is Mark Carney, Canada’s new Liberal leader and next prime minister?  Al Jazeera English",Google News
Mark Carney: Canada's next PM vows to win trade war with Trump  BBC.com,Google News
Mark Carney wins race to replace Justin Trudeau  SooToday,Google News
"Mark Carney to Donald Trump: ‘Canada never, ever will be part of America’  POLITICO",Google News
"Mark Carney sworn in as prime minister, unveils leaner cabinet  National Post",Google News
Lorne Gunter: Mark Carney had an easy ride into role as Liberal leader and new PM  Edmonton Journal,Google News
"Who is Mark Carney, Canada’s new prime minister  The Associated Press",Google News
"As new PM, Mark Carney says Canada is in a ‘moment of crisis’  Global News Kingston",Google News
Swearing-in of the 30th Canadian Ministry  Prime Minister of Canada,Google News
Liberal leadership race: Mark Carney elected in landslide to be next prime minister  CBC.ca,Google News
FIRST READING: Mark Carney's not really supposed to be doing anything  National Post,Google News
Prime Minister Mark Carney tries to turn the page  CBC.ca,Google News
How long will Mark Carney's honeymoon in Quebec last?  CBC.ca,Google News
Mark Carney steps into an unprecedented moment  CBC.ca,Google News
"The outside man moves inside. Meet Mark Carney, Canada's 24th prime minister  National Post",Google News
"Prime Minister Mark Carney vows to get ‘straight to work,’ hints election coming  CTV News",Google News
Mark Carney wins race to replace Trudeau as Canada's prime minister  Reuters Canada,Google News
"Mark Carney is the new prime minister, here's what's unusual about it  Ottawa Citizen",Google News
"After landslide victory, Mark Carney meets with Trudeau as transition to power begins  CBC News",Google News
"Mark Carney aims for smaller cabinet, team planning to drop over a dozen ministers: sources  CBC News",Google News
Mark Carney’s victory getting mixed reviews from Indigenous Liberals  APTN News,Google News
Mark Carney live updates: Canada's next PM vows to win trade war as Ontario plans electricity tariffs on US  BBC.com,Google News
"Carney takes power, calling it a 'solemn duty' to serve as PM in a time of crisis  CBC News",Google News
"Mark Carney sworn in as Canada’s new prime minister, replacing Trudeau  Al Jazeera English",Google News
"Carney transition team met with PMO staff Tuesday, hope for PM swearing-in by Friday  CBC.ca",Google News
Mark Carney arrives at Rideau Hall for swearing-in  CBC.ca,Google News
Mark Carney elected as new Liberal leader. What’s next?  Global News Kingston,Google News
Canada: Mark Carney sworn in as 24th prime minister  DW (English),Google News
"Terry Glavin: Who is this Mark Carney guy, anyway?  National Post",Google News
"Prime Minister Mark Carney vows to get ‘straight to work,’ hints election coming  CTV News",Google News
Mark Carney wins Liberal Party vote to replace Trudeau as Canada’s prime minister  PBS NewsHour,Google News
"Mark Carney 'has what it takes' to deal with Trump, say Manitoba politicians  CBC.ca",Google News
Mark Carney could be Canada's shortest-serving prime minister  CBC.ca,Google News
Mark Carney camp offers role to former Quebec premier Jean Charest: sources  CBC News,Google News
Mark Carney prepares tighter cabinet with many Trudeau stalwarts out  The Globe and Mail,Google News
Read Mark Carney’s first remarks as prime minister  Global News Kingston,Google News
"What you need to know about Mark Carney, Canada’s next prime minister  The Logic",Google News
‘No mandate to govern’: The Hub reacts to Mark Carney becoming Canada’s 24th prime minister  The Hub,Google News
Mark Carney to be sworn in as prime minister on Friday  Toronto Star,Google News
"Freeland to be transport minister, Guilbeault Quebec lieutenant in Carney cabinet: sources  CBC News",Google News
Mark Carney vows to keep ‘Canada strong’ against Donald Trump after Liberal leadership victory  Toronto Star,Google News
Read and watch Mark Carney's full victory speech after winning Liberal leadership  CBC News,Google News
Would Mark Carney be Canada’s first unelected prime minister?  CityNews Toronto,Google News
"Opinion: Mark Carney has a great resumé, but can he connect with people?  The Globe and Mail",Google News
Mark Carney must keep an expansionist America at bay  The Economist,Google News
"In landslide win, Mark Carney chosen as new Liberal Party leader and next PM  CBC News",Google News
Why Mark Carney is dropping both his Irish and U.K. passports  CBC.ca,Google News
Canada’s designated PM Mark Carney meets Trudeau as Trump threat looms  The Guardian,Google News
Mark Carney to be sworn in as Canada’s next prime minister Friday  Global News Kingston,Google News
Lorne Gunter: Advantageous for Liberal Leader Mark Carney to call an election quickly  Edmonton Journal,Google News
"Prime Minister Mark Carney focused on economy, sovereignty in 1st speech  CBC.ca",Google News
"Who is Mark Carney, Canada's next prime minister?  CBC.ca",Google News
Braid: A Liberal prime minister elected from an Alberta riding? Carney might do it  Calgary Herald,Google News
"Canada wants ‘most positive possible’ U.S. relations, Carney says  Global News Kingston",Google News
"Mark Carney is the new Liberal leader, replacing Justin Trudeau  Global News Kingston",Google News
"As Mark Carney is sworn in, America’s democratic decline has critical lessons for Canadian voters  The Conversation",Google News
"Opinion | If he wins, Mark Carney will make a great prime minister. There’s just one advantage I wish he didn’t have  Toronto Star",Google News
Mark Carney is Canada’s next prime minister — for now  POLITICO,Google News
Read Mark Carney’s full speech after becoming Liberal leader  CTV News,Google News
Mark Carney to replace Justin Trudeau as the next prime minister of Canada  CTV News,Google News
"David Olive: Mark Carney proposes to ‘spend less, invest more.’ Now convince us — and fast  Toronto Star",Google News
Mark Carney set to replace Justin Trudeau as Canada's prime minister  FRANCE 24 English,Google News
Mark Carney’s first day as prime minister shows he’s got the bones of a plan to manage crisis  Toronto Star,Google News
"Prime Minister Mark Carney to visit France, U.K. for first foreign trip  National Post",Google News
Mark Carney wins Liberal leadership by a landslide with 86% of votes  National Post,Google News
"Mark Carney is no ally of the oilpatch, says Alberta Premier Danielle Smith as she calls for election  CBC.ca",Google News
Mark Carney to be sworn in as prime minister on Friday  CTV News,Google News
Prime Minister Mark Carney arrives in Paris to meet with European allies amid U.S. trade war  CBC.ca,Google News
"Mark Carney meets with outgoing Prime Minister Justin Trudeau, says transition to power will be ‘quick’  The Globe and Mail",Google News
"Mark Carney’s stance on oil and gas, explained  The Narwhal",Google News
"Canada ‘will never be part of the US’, says new PM Mark Carney amid trade war  The Guardian",Google News
How will Mark Carney reinvent the Liberal party now that he is leader?  Toronto Star,Google News
Prime Minister Mark Carney sworn-in as party leaders gear up for campaign  CBC.ca,Google News
Who is Mark Carney? Here’s some background on Canada’s next prime minister  CityNews Toronto,Google News
Mark Carney will become Canada's 24th prime minister on Friday  Canada's National Observer,Google News
The question that Mark Carney must answer in an election  The Globe and Mail,Google News
Mark Carney is the new Liberal leader. Read his full acceptance speech here  Global News Kingston,Google News
Mark Carney has been voted as the new Liberal leader. Now what happens?  CTV News,Google News
No Alberta representation in Prime Minister Mark Carney’s new cabinet  Global News Kingston,Google News
Mark Carney to be next Canada PM after winning Liberal leadership race  The Guardian,Google News
Can Mark Carney win an election in Canada and a trade war with the US?  Financial Times,Google News
Insiders say Mark Carney has a new chief of staff and told Liberal MPs to be ready  Toronto Star,Google News
"Mark Carney chosen as new Liberal leader, replacing Trudeau  CBC.ca",Google News
Prime Minister-designate Mark Carney says Liberals will kill their own capital gains tax changes  BetaKit - Canadian Startup News,Google News
"Mark Carney, the Liberal who may lead Canada  The Economist",Google News
Poll: Mark Carney seen as the best person for the job by most Quebecers  CityNews Montreal,Google News
"Opinion: The office, an election and the world are rushing at Mark Carney like no rookie PM before  The Globe and Mail",Google News
Mark Carney to name a cabinet within days. Here’s what he’ll need to consider  Toronto Star,Google News
David Staples: Mark Carney's new economic promises go against everything he values  Edmonton Journal,Google News
"Mark Carney, the ‘boring guy’ whose economic acumen could help Canada tackle Trump  The Guardian",Google News
"Mark Carney Wins Canada Liberal Contest, Will Succeed Trudeau in Days  Yahoo Finance",Google News
"Freeland's in, Gould is out: Here's the complete list of PM Mark Carney's first cabinet  National Post",Google News
Call the Election. NOW.,YouTube
CALL AN ELECTION!!!,YouTube
In Canada you don’t have to be elected to be Prime Minster you just have to be in the WEF where democracy is extinct!,YouTube
"Great...We've got a new PM who stood alongside our old narcissistic PM (Trudeau), who had ethics violations, conflicts of interests, lies, conflicts of interests, lies, scandals and is corrupt, and has faced no significant repercussions for any of it. he has made a mockery of our ""Democracy"". He also went out of his way to incite and legitimize hate and division during the pandemic. He should be in jail, and so should those who were in his party and remained silent. Let alone Carney has handled finances for the last 5ish years and we're not doing so well. SMH.",YouTube
Election now. Let the people decide.,YouTube
Ok now call election,YouTube
He was not voted in by Canadians. We need an election,YouTube
"We still have an election, right?",YouTube
Wef master at your service,YouTube
Not a damn thing about serving the people.,YouTube
Gross. Traded up a WEF stooge for a WEF chair.,YouTube
True allegiance to WEF!,YouTube
Ok call a election now so the people of Canada can pick a real prime minster,YouTube
This guy went to Epstein Island many many times and we all know what kind of stuff went down over there so this guy definitely needs to not be the Prime Minister of Canada,YouTube
WEF PUPPET,YouTube
"""You will own nothing and be happy"" -from someone in the world economic forum",YouTube
Selected not elected,YouTube
"Selected, not elected.",YouTube
Now call an election,YouTube
Nothing said representing the citizens of Canada,YouTube
Was this comment written by a toddler?,YouTube
Some of you clowns will be in for a rude awakening once you realize PP is not the popular guy you like to think 🤣,YouTube
"Yes, let's watch PP lose sooner then later lol",YouTube
Why? They all Washington's lapdog.,YouTube
"Yes, call an election, so Carney can wipe the floor with Pierre. 😂",YouTube
"Can't watch any Canadian politics. Do the complete thing in English then do whatever, at that point I can turn it off",YouTube
 @enzymatic1  If he does Canadians will just assist the US.  Canada will retain its sovereignty one way or the other.,YouTube
 @enzymatic1  did you even know who he was 2 months ago? Is he now your biggest hero and what you want to be when you grow up because the TV told you so?,YouTube
" @onyourbikes  
To be fair even after all this time we don't know all that much about Pierre and what his policies are.",YouTube
 @UzumakiNaruto_ because he only has a single paragraph of words in his vocabulary 😂,YouTube
"@ We're a bilingual country.  We intersperse English and French.  Sometimes it's the same thing said twice, sometimes it's a new point being made in the other language.  There's always an interpreter.",YouTube
He probably will...,YouTube
"He just heard your uppercase loud and clear and should happen immediately, thanks for your service!",YouTube
He eventually will,YouTube
Stop spreading russian propaganda,YouTube
Wef is much worse than Russian propaganda,YouTube
It's bureaucracy under the guise of democracy,YouTube
Kim Campbell ring a bell? This is not the first time this has happened.,YouTube
He just swore allegiance to the crown. We are in a feudal system!,YouTube
If you’re Canadian you should really learn how our system works,YouTube
@ do you have anything of value to contribute to this conversation? Any political analysis or insight?,YouTube
"We wanted Trudeau out,  now he's gone. Carney is the Liberal elected replacement. We'll have a chance to vote him out this year!",YouTube
oh oh - was that your bus?,YouTube
Same with most countries. Wake wakey,YouTube
"@ you will get a minority conservative government at best. Which essentially  means opposition party coalition, as you know no one will work with PP",YouTube
Very true :(,YouTube
@ I think you better look in the mirror,YouTube
" @MeghenFarley  actually... democracies (in various forms) are the majority worldwide, though slim",YouTube
@ Are you Canadian?  Do you know how things work here?,YouTube
@  I'm thinking Liberal minority the way the conservative lead has collapsed.  That's why we see so many conservative supporters on here setting their hair on fire.,YouTube
"And they will. They will call an election, they have to. Just relax for a second.",YouTube
" @Goodgodgetagripgirl  relevant username. They have to legally hold an election before October 20, it's scary how ignorant most of this comment section is.",YouTube
"we voted for the liberal party, not trudeau, the elections get called when the govt votes to do so. Carney legally has a mandate to be PM as late as October if Parliament wants.",YouTube
you voted for a party mate,YouTube
I get ya but WE the people never  vote directly for the PM.,YouTube
we will put the emergency act .. to stay in power !,YouTube
He is. Research before you comment.,YouTube
"Has Mark Carney been fully vetted yet like every elected member is required?  Has Mark Carney's full financial disclosure been vetted?
Electors need full disclosure on all candidates in an election.",YouTube
He’s been PM for 52 min i think y’all can wait at least a day beefier he announces an election lmaooo,YouTube
TheCanagoose where there are zero articles on him,YouTube
"@ Well ur acting like that’s his fault lmaooo. That’s the canadian system. Also people did vote for him around 150k, it’s not a lot cause you have to register with the liberal party which you could’ve done if you wanted to vote. It’s free to register unlike in the Conservative party where there’s a fee to register to vote in their leadership races.",YouTube
"@ Ok that definitely sounds like yo igor that off tiktok from a random conspiracy theorist lol, show the receipts",YouTube
"@ Where the receipts? Anyone can say anything they want but you gotta back it up. See i can do it too, 20% of Canadians agree that ryan o’leary is not a good person who says false information. Like bro SHOW THE RECEIPTS",YouTube
I think I just found another russian/musk bot 😂,YouTube
" @SpiritOnEarth  yes, he placed  his assets in a blind trust like previous PMs already, tired question.",YouTube
"@ Idk about the disqualified candidates but they wouldn’t have won anyways. Mark Carney was extremely popular and ended up getting 86% of the vote. As for the 250k people there’s a really simple answer people just don’t vote. There are 40 million canadians probably around 25million eligible voters not sure on that number but only 150k voted. That’s a terrible turnout rate cause kepler simply don’t care. We have lower voter engagement in Canada than in the US, especially when it comes to less televised or planned elections or even for provincial elections. Voter turnout was only 47% for the recent Ontario provincial election.",YouTube
Can the man at least sit down for a minute? 😂,YouTube
Ruby Dhalla was also more of a centrist as well. She could have pulled some votes. I'm. Conservative and was always voting pierre but she had some good points,YouTube
We did many years ego if we vote Liberal party. We do not vote for presidents if not parties.,YouTube
its in may you df,YouTube
Wahhhh we need election wahhhhhh,YouTube
@ Did I say he wasn't?,YouTube
"Canadians have never ""voted in"" a Prime Minister.",YouTube
My guess is you think this is the first time a PM has been introduced this way and don't know that we don't elect the PM but only our MP for our ridings?,YouTube
 @squiglees don’t care he is corrupt.,YouTube
 @squiglees  Yes...But at they time they voted for MP's under the guise of a certain PM being elected at. This is now a bait and switch. Please quit trying to gaslight people. This is wrong on many levels.,YouTube
Who’s the alternative? Pp?,YouTube
Mark Carney’s leadership will be interesting to watch as Canada navigates its economic and political landscape. Hoping for policies that benefit all Canadians and drive sustainable growth.,YouTube
You're a bot!,YouTube
​@0verload wrong they voted for a party cope harder,YouTube
"John Turner became PM exactly the same way. Mackenzie King lost his seat in 2 elections, then won in by elections. John Abbott and Mackenzie Bowell were Senators when they became PM. 

Yet somehow the country survived.",YouTube
"This isn't the USA. His party was voted in and the party has every right to choose whatever leader it sees fit. If you wanna vote for an indvidual, join a political party and nominate your choice for party leader.",YouTube
"151,899 Registered Liberals voted in the 2025 Liberal Leadership race, out of the 163,836 that verified their identity to vote – more than the 2013 Leadership race. Mark Carney received 131,674 votes, resulting in 29,457 points on the first ballot to win the Leadership of the Liberal Party of Canada and become the next Prime Minister.",YouTube
" @cleigh113  That's true, but calling an election could be a way for Canadians to voice their opinion on the direction of the country. It might be the best option if leadership change is needed, as it gives people the chance to decide who they want at the helm",YouTube
Jug is the next one to bail once he finds out he has about 5%. He knows this.,YouTube
 @shiftfocus1  John Turner had a seat in parliament. Mr. PotatoHead doesn't.,YouTube
@ I really wonder how many actual Canadians are making posting this stuff.  They seem awfully unaware of how thing work here...,YouTube
"@ How is he corrupt?  Specific facts with evidence, please.",YouTube
"@ You were screaming to get rid of Trudeau for the past year or more.  Now you've got what you wanted, you're not happy?  Is it because your 25% lead has disappeared?",YouTube
@ Mr. Potato Head?  You're really living up to your screen name...,YouTube
lol,YouTube
In October,YouTube
Ummmm...,YouTube
Its so very easy to educate yourself on the situation. Learn something...why are people so lazy?,YouTube
"incoming, let's fix this",YouTube
"Who knows. He could sit for  another 7 months and could even possibly add 1 year after that. Our Govt is quite screwed up all the weird ins and outs of it. We need a better Federal Govt. That actually works to help the people ,not the gov't themselves. Just crazy. Just like the gov't in the UK, it's falling apart by being run by a madman. And the people are all being pushed aside for a govt who wants them gone, bringing in asylum seekers and making their lives perfect, but the Tax Payer lives are hell.  Just the same system we have here in Canada. Maybe time for Canada to move away from that UK and become our own country with our own President. I like the USA way of voting. But I don't want to be part of the US. Keep Canada as Canada. But change our govt. And rules.",YouTube
"Parliament resumes next week, so yep",YouTube
 @DSVII parliament resumes. Doesn’t mean an election will happen for sure. Could go either way.,YouTube
ndp holding the reelection hostage so singh can get his pension. we're fcked until october,YouTube
" @PitPwny he will have an election right away, he doesn’t want open parliament and have to answer questions in the HoC",YouTube
"Goober said he will use the Emergencies Act to fight tariffs, in other words no election.",YouTube
"Nope, you will have Prison Break Season 2",YouTube
Touch grass,YouTube
"bud, you have zero idea what the WEF is. Trump is closer to klauss than anyone.",YouTube
"Yes, both countries central bank's are members of the Bank for International Settlements in Switzerland",YouTube
"But he will be loyal to Chuck, another WEF monster.",YouTube
"They keep getting richer and richer, making their pockets deeper!",YouTube
"You’re right. But that’s because in Canada we have a king, a king that’s not present, but a king nonetheless. The King, is the stand in for the people, legally speaking.",YouTube
What does that mean?,YouTube
"Good, I love the WEF",YouTube
" @Nicolas-Kage  YouTube at it again, deleting comments they don’t like 👍",YouTube
"That would at least move Canada from the USA, so I'm in",YouTube
"please explain what you mean by that... oh right, you can't.",YouTube
"Canada is better off with USA, at least while EU still exists.",YouTube
We don't vote for a prime minister in Canada. The prime minister is the leader of the party with the most seats.,YouTube
"He'll just end up right back in the PM seat with the current political climate, Trump ruined PPs chances lol",YouTube
The only options we have is Carney or Pierre,YouTube
"We have a real prime minister by legal means.  We'll have a general election and the people will vote for the next term.  Vote liberal,  our country depends on it.",YouTube
Trudeau 2.0,YouTube
 @j_geau  your just splitting hairs. pragmatically we all know that the votes we cast go towards our preferred party leader.,YouTube
 @Swoopiny  PP ruined his own chances. He got real meek and real quiet when Trump started taking aim at us. All he had to do was follow Fords lead.,YouTube
Hopefully he wins again. Put him right back in the PM seat. Pierre shouldn't even have a chance. We don't like Trump and Poilievre!,YouTube
"Poilievre has been a ghost ever since Trump threatened our country and even Doug Ford, Premier of my province, has been more of a leader than him! I want someone who stands up for my country, not folds like a cheap suit! Never Pierre",YouTube
"@TurtleMarchingKing  I am a real Canadian, a real person, and a real voter, and I'm making my voice heard now and at the next election.",YouTube
@TurtleMarchingKing  I'm not letting a random stranger on the internet dictate what I am or am not 🤣🤣🤣,YouTube
 @Swoopiny wait for it. The blue wave is coming.,YouTube
" @Swoopiny  Nah, if anything more people viewed Trump as hope to free Canada from the  shitlibs lol",YouTube
@ unsubstantiated tag lines don't win trade wars. Just sayin,YouTube
"Touch grass, call your kids, apologize to them and join the real world.",YouTube
You have no idea what was ment by that and it shows.,YouTube
just like smith in Alberta. She came in the same way.,YouTube
"@ Right.  And Poilievre was selected to be the leader of the opposition, until an election happened.  That's how things work in our system.",YouTube
It wouldn’t feel so forced of Parliament wasn’t closed,YouTube
Except Smith was actually elected first...,YouTube
" @Someone89171  Well let's be naive about motive.  The reason PP wanted the election called right away was because the Liberals were in a transition period so it would have benefited him and his party, right?",YouTube
@ but he always wanted an election even before this,YouTube
@ it's not a Parliamentary decision. Sorry,YouTube
 @MrTeampenner  we should have been able to vote non confidence in the pm,YouTube
Elected as party leader by Liberal party members ... as happens with EVERY party ... and it's not the first time we've had a PM who didn't have a seat in the HOC yet.,YouTube
"So, like every other party leader in this country. Ok",YouTube
@ Selected and installed.,YouTube
its in may you df,YouTube
 @Vraptor1  even better. i think that's fair,YouTube
As opposed to previous swearings in?,YouTube
do you understand what swearing in is?,YouTube
"He swore to the king, which is a representative of the people under our legal framework. If you hate that, advocate for a parliamentary republic instead of a crowned one.",YouTube
Its incredible how bad things in Canada have gotten... every day it just gets worse and worse..,YouTube
"Let’s go, Pierre 🇨🇦",YouTube
Unelected PM. 100% appointed,YouTube
WEF appointed dictator.,YouTube
The amount of people not understanding how voting works in Canada is astounding.,YouTube
Election now! Canadians want a choice!,YouTube
The rules should be changed so that only a sitting MP can become Prime Minister,YouTube
Selected not elected! This 🐎 💨💩 needs to end now. Call an election.,YouTube
"CONSERVATIVES: Step down! Resign!
TRUDEAU: Ok.
CONSERVATIVES: What!? Nobody voted for this!!!",YouTube
time to get rid of this king nonsense sick and tired of hearing about europe. WE LEFT THAT WORLD FOR A REASON,YouTube
This man has no right to run a country the people never elected him Prime Minister. He shouldn’t be making any decisions for this country.,YouTube
Ya some Canadian lived in Europe for the last 10 years😂,YouTube
I don't remember voting in this democratic election....,YouTube
He’s more likely to sell Canada,YouTube
A continuation of Trudeau...WEF schill,YouTube
"Carney, Freeland and Simon are all WEF members - such a sad day for Canada",YouTube
"Father in heaven, deliver us from the LiberalNDP agenda. Save this nation from the Father of lies in our nation.",YouTube
Ghilaine Maxwell would approve,YouTube
Epstein Island connections?,YouTube
Canada's democracy is completely gone.,YouTube
Do you live in Gatineau Quebec?,YouTube
Kinda how it works....,YouTube
Well duh. This argument is dumb,YouTube
and?,YouTube
"I didn’t choose the conservative leader ,s we are equal ,we don’t like the leaders .",YouTube
I'm guessing you didn't pay attention in Grade 10 Civics class eh? This is a Parliamentary Democracy.,YouTube
" @catlover2652  correct, it's all about the lesser evil. But a politician is a politician. Very corrupt.",YouTube
 @KILO993  this is democracy? Uh democracy is based on elected officials. Not appointed. Go read it again.,YouTube
 @KILO993  no it is not. Canada is a constitutional monarchy.,YouTube
Every PM get appointed by the GG to  form a government,YouTube
" @MrBoratWOW  You're right, but also kinda wrong. It is, in full a Constitutional Monarchy and Parliamentary Democracy.",YouTube
You can't  just go and hire a banker to be the PM. !! Noooo it is wrong,YouTube
Where is your moral compass!  I find it astounding.,YouTube
"33 likes? Yeah ok freemason. Not a single Canadian flag in sight, that says it all right there.",YouTube
I get that we vote for the party but had no idea the rules allowed for someone who hasn't been elected ANYWHERE could be appointed leader. Most people didn't even know this guy existed before this and now he's in charge of the whole country? Who leads the party DOES affect how people vote as well. Them might support the party but if they don't support the leader won't vote for them and vice versa. Majority of the country had no say in Carney becoming PM and that doesn't sit right with a lot of people.,YouTube
"@LawsonSchlönsson  bad phrasing on my part. I meant appointed as in picked by the Libreals. 
It's the rules for who can run for leader of the party currently in charge that I was questioning.",YouTube
Why?,YouTube
So no central bankers sneak in like this clown Carney did,YouTube
I would agree with that.,YouTube
"I know you're scared but calm down, he has to be sworn in first. Election being called.",YouTube
"Yeah ,exactly,calm down..",YouTube
"Trudeau never did get anything right, at least legally now did he!",YouTube
 @SutherlandVideo  should have resigned a year ago. Not when Trump did BooBooBoo.,YouTube
The Conservative Party is pathetic,YouTube
"You have it wrong... NDP asked for Trudeau to step down. 

Conservatives called for an election. We are still waiting for the election.",YouTube
"We don’t leave, they let us go. Only bc they couldn’t afford to police us. 😢",YouTube
what reason,YouTube
Just curious.  When did YOU leave there Pal?  My ancestors left because there weren't enough potatoes to go around.  Not because of a King or royal family.  Perhaps you are some type of idealist.,YouTube
we are part of the commonweath where the English King is our offical head of state. Back to civics class for you,YouTube
@ he cant let us go. in our constitution we have to do it,YouTube
"@ as long as WE who come here swear oath to the KING instead of CANADA and our flag i will not be satisfied. with out freedom, democracy, sovereignty or independence we r simply another piece of a kingdom, another part in limbo. i dont want want a constitutional monarchy casting a shadow on our democracy. the kings and queens on our coin will not propel us into a future that is CANADA strong on its lonesome. we wont forget but we have to let go. a symbol, or too tough, or its part of us- these excuses are the reason we , Canada, are not a freestanding nation. The future of Canada was always a monarch in its past. Do you want to be a dog whos owner never raise to leave the home, or a child, who grows into an adult with agency that you are certain can handle the outside world with integrity and honor. We are an asterixis until we are shed off the shackles. There is no throne in this nation, but so long as there is a crown on the figure head, the domestic leadership will act like the are royal. I bow to no prince. I stand for my nation. No man, no other flag. Canada alone.",YouTube
Broooo he's just filling in the liberal position until the next election. You'll have time to vote in your populist government soon.,YouTube
"And technically the people did vote for majority liberal last election, so this is a democratic step in the process.",YouTube
"@gothicsock  this is a step in the Canadian democratic process, sure. But this isn't democratic objectively. We dont live in an actual proper democracy. Those can't really exist at scale. That said, this step isn't necessary and could be done more democratically.",YouTube
 @ZenCorvus he’s clearly trolling. I wouldn’t engage.,YouTube
"Hey, at least he's not a CIA asset.",YouTube
Yes. It's called freedom,YouTube
"His family residence is in NY where his wife continues to live. Canada is doomed !! The carnage Carney will cause in the next 6 months prior to the election will be staggering.  Can the West just split off now?  Take our share of the navy equipment based on percentage of ocean shoreline, airforce and army based on percentage of landmass; debt and financial resources (bank of Canada gold shares, pension fund etc)  based on population. No more equalization payments to the East. Invest in creating our own processing and manufacturing arm of the natural resources the west has to create our own strong GDP for global trade, and new trade agreements, with our neighbours especially those nations the border the pacific rim.  I am so done with Ontario and Quebec controlling the Canadian narrative. Danielle Smith the premier of Alberta, not my province, speaks more on my behave than does our PM in Ottawa. I am for the Western independence. Let’s call a referendum so we can create our own sovereign state. Neither under the thumb of the USA nor under the thumb of Eastern Canada. A new state, with our own constitution, rights and freedoms that will protect the citizens from the globalists in the UN, WHO and WEF.",YouTube
At least he's had a real job before. unlike PP.,YouTube
And what is wrong with that? Thousands of executives live abroad for work. Jealous much?,YouTube
Being a governor of a nation's bank kind of predisposes working abroad at some point.,YouTube
that's not how our system has ever worked,YouTube
"Yeah that’s not how Canadian politics work. We voted in the last federal election. A party won. We will vote in the next federal election. A party will win. Party leaders get to be PM. It’s literally grade three stuff. 
Or are you fully aware and we’re just trying to be edgy? 🙄",YouTube
"We need to enforce civics classes, apparently. I voted for Carney.",YouTube
"@ I actually understand that. And I think maybe we need to create very clear language about who can and can’t become party leaders when that leader will automatically become PM. 
And yes, I absolutely agree that everybody is entitled to their opinion. But there are a lot of people in this comment section stating opinions as fact. And that’s just not how it works. Facts do not care about your opinion. You want change? Change it. Until then, your opinion is just that.",YouTube
@stephanie5249  i think people are voicing their opinion by saying he was installed and not voting in. A summed up and indirect way of stating the system needs to be changed and this is not acceptable.  Also a lot of sarcasm laced in it. That's what 99% of the i didn't vote him in strange comments are,YouTube
"PP is endorsed by maga.  Vance, Musk, and Alex Jones for starters.",YouTube
"Clearly you havent been keeping up..didn't watch his speech I guess,when he was picked as liberal leader and specifically said Canada will not be part of  US in any way shape or form",YouTube
"@ LMAO are you for real,  Trump was lowering prices his first day.. In his defense, he did if your buying into the stock market.",YouTube
" @thegreatdominion949  Well - I think we all know that Trump saying something is in no way a guarantee that he's telling the truth.  Quite the opposite, in fact.  But since we all seem to be in agreement now that Trump is NOT kidding about us becoming the 51st state, it would be in his best interest to have a like-minded person in the PM chair up here.  And since he's smart enough to realize that ""maga"" is a bit of a dirty word for most of us up here, he'd downplay that support.  But I think the endorsements from Vance, Musk, and Alex Jones are very telling. It seems like they didn't get the messaging together before they started talking out loud.",YouTube
"As opposed to PP, an Exxon, BP, Shell shill.",YouTube
a friendly reminder that Harper was a literal member of the WEF,YouTube
And Trump?,YouTube
"Ask Trump, he was there",YouTube
Tell me you know nothing about how the Canadian government works without telling me you know nothing about how the Canadian government works.,YouTube
It's a Constitutional Monarchy,YouTube
"Zero interviews,  no seat, not my pm",YouTube
"Nobody knows anything about this guy. I don't know what's happening to our country, but this isn't Canada anymore, and it hasn't been in a long time.",YouTube
"It is interesting that during the French half of the swearing in, Mark Carney responded in English.",YouTube
Not my prime minister. 40+million Canadians did not vote for him and his poor track record of economic advice to Trudeau.  He can rot in hell for what he did to Canadians!,YouTube
not voted in. no seat in parliament. represent foreign interests. ... may the lord have mercy on that nation.,YouTube
Don't understand why the media or the liberals are not talking to anything about the tariffs from China on Canada  Canola,YouTube
"He's not Canadians PM. We, as Canadians, need an election now to choose a PM.",YouTube
He's not even he's not even allowed to speak in the House of Commons not being an elected official,YouTube
very bad news for Canada,YouTube
We didn’t elect this fool.. he will go the way of Kim Campbell 😂,YouTube
0.37% of Canadians voted for this thing.,YouTube
We want an election!!,YouTube
Hopefully this is short lived!,YouTube
This is so stupid...we should abolish the monarchy,YouTube
That's a room full of slime,YouTube
This is so wrong in so many ways,YouTube
Global Elitist in power now.,YouTube
"Boy oh boy, this comments section is a strong argument for better education on how a parliamentary democracy functions...",YouTube
"Didn’t even raise his hand, anointed into office.",YouTube
Carnival Carney...... CALL AN ELECTION,YouTube
Oh yeah....he is.  Would you rather have a president?,YouTube
Show me his interviews BTW convenient you ignored that part,YouTube
 @ZenCorvus  Cry harder. Youre just nervous because the polls are now tied.  Hes not the first to come to PM office this way and wont be the last.,YouTube
The polls are not tied lmao ​ @AlyssaSouthSide ,YouTube
" @AlyssaSouthSide ppl who pretend this method is illegal I just want to ask..did you guys not take gr 10 civics class? We don’t vote for prime minister, we vote for the party and whomever is the leader of that party becomes prime minister. The liberals have used this method in the past and so have the conservatives. This is just a part of Canadian politics….why are ppl making SUUUUCH a big deal out of it?",YouTube
" @AlyssaSouthSide yeah just like Kamala was tied with trump, how did that work out for her? 😂",YouTube
" @bigopalcup  Yep, a lot of  them are. Or the cons are just a little bit ahead. PP is headed for a minority government at best, which means he wont get anything done at all, as no opposing party will work with him.",YouTube
@ but that’s part of the Canadian political structure. You never voted for an PM. During election when you vote your ballot doesn’t say Trudeau or Carney or Polievre. It says your local MP and the affiliated party. None of those have changed. Again all of this is a legitimate part of Canadian political structure. Liberals have done it in the past so has the Conservatives.,YouTube
@ he’s the leader of the liberal party. Where does it say he has to be a sitting MP to run for party leader?,YouTube
Media hasn't reported one single thing on the guy not one.,YouTube
"lol, huh? Well since you can’t seem to google.  He has an economics degree from Harvard, a masters degree from Oxford.  He was appointed by Stephen Harper (a conservative PM) to run the Bank of Canada, he was also appointed to run the Bank of England by a conservative PM.",YouTube
"So long then, I guess.  You'll probably be leaving soon?  What with your unhappiness and all.",YouTube
You guys are actually just telling us you like to be spoon fed information... He's easy to look up and actually very well accomplished. Born and raised in Edmonton Alberta.,YouTube
Maybe you should learn how our government works. . .,YouTube
I know he's buddies with island boy. 🤷,YouTube
"Thank you for quickly determining that nobody knows anything about this very public fellow, and then getting the word out to regular folks through the Youtube channel.  You must be very smart.",YouTube
" @Bora_TalksTV  Okay, looked him up. So he’s a WEF member that hasn’t even lived in Canada for 10 years.",YouTube
Another puppet playing a role. Do not idolize these people.,YouTube
 @brulfsson  explain WEF for us quickly and tell us all what that means. I also haven’t lived in Canada for many years but I still pay taxes there though. Now explain in detail what WEF means and the impact of it. The floor is yours,YouTube
"Lol, that's because his French is terrible.",YouTube
Should disqualify him like the others but he is a rich bankers,YouTube
I don’t get why we still pretend to be a 2 language country.,YouTube
" @lawbinson  Because Quebec has so many seats in the House Of Commons that no politician can afford to offend them without risking never being elected. To put it simply if you combine BC, Alberta, and Saskatchewan together we just barely beat the number of seats that the province of Quebec has on their own.
So basically, if you can get in good with Quebec and Ontario the rest of the country doesn't really matter.",YouTube
Research before you comment. Just came off real dumb.,YouTube
"TheCanagoose wow way to really show him

Does carney have a seat somewhere?",YouTube
 @TheCanagoose  He was telling it as it is. No one Voted for this.,YouTube
Well said. Canada is in big trouble,YouTube
" @ZenCorvus  he doesnt need one, thats how our elections work",YouTube
" @Mrpickleweasel  He does if he wants to actually lead the nation. Otherwise, he's stuck watching from the visitor's gallery.",YouTube
51st state became a lot more realistic today,YouTube
All nations. This isn't just Canada,YouTube
@RussellDion  I hope the west comes to table after election with levers to pull. Play ball or we leave. Done playing kind,YouTube
"​ @TiredoldFox  There is no requirement for the PM to have a seat when elected, most likely a Liberal MP will step aside in their riding for a by-election, which is most likely what will happen. But you are correct, it would be very unusual for a sitting Prime Minister not to have a seat. Not something that would be sustainable long term.",YouTube
" @RussellDion  peddle your fear elsewhere. Canadians understand the pressure on our political process from social media, we are not so naive to think that every commenter is a legitimate Canadian Voice.            RussellDion: Joined Jan 15, 2024",YouTube
What is scary is how many people are ok with this PDF file :(,YouTube
 @ZenCorvus did the Alberta premier have a seat when she won?,YouTube
I just watched two news stories on this... what are you talking about?,YouTube
"Canadians don't choose a PM. They choose the party, the party chooses the leader.",YouTube
"back to civics (and english) class for you. ""He is not CANADA'S PM.""",YouTube
"I don’t understand everyone was asking for Trudeau to step down and now after he did, people are complaining and calling it rigged",YouTube
And if we need somebody like that to follow in Trudeau's footsteps why the hell would any Canadian even think about having a man like that,YouTube
"Also Legit question. Did you really just join YT today?   -  Joined Mar 14, 2025",YouTube
Neither was Danielle Smith when her party won.,YouTube
@Vraptor1  well for starters the didn't fudge to vote count for the election like Trudeau did,YouTube
Wrong.   He will be prime minister for a decade and lead Canada to new heights,YouTube
"Right, rizz the dog is a reject

Probably same user as titusmccarthy and the other reject accounts you have",YouTube
Jealous much?,YouTube
@stevenmartin7050  Maybe I didn't say that about Justin as I wasn't into politics until Pierre Pollieve started copying Donald Trump's rhetoric and policies,YouTube
 @rizz_the_dog  what policicies has he copied??   please be  please be specific I would sure like to hear these,YouTube
The polls say something different ;),YouTube
But you could have… All you needed to do was register,YouTube
The leader of the party...the one we voted in in 2021.,YouTube
 @kerrilee501  that was a $610 million vanity walk.. the official opposition was weak with flip flop O’toole.. did not vote Libs then! Will not again either,YouTube
@ Yeah and now they are finishing their term.,YouTube
 @AlyssaSouthSide  Kim Campbell and John Turner both had major surges in support after they were selected as leaders of their respective parties and thereby Prime Minister.  It didn't do them much good.,YouTube
Lol.. bold of you to assume it was mostly Canadians who voted,YouTube
"Maybe just maybe, it was because it was a liberal leadership race... Therefore, only liberal members got to vote to elect a leader for their party.",YouTube
"No Canadian voted for him, but crazy how there will be people to defend this guy for no reason just cause he is liberal... liberal failed Canada",YouTube
Canadians?,YouTube
"Canadians vote for the party in federal elections. PM is an appointed position, if you don't know this, you shouldn't be voting at all",YouTube
Someone doesn't know how Canadian politics work. Maybe do some research and educate yourself before the election.,YouTube
I voted,YouTube
" @Xachremos Yea except party leader elects SHOULD then have to win a federal election, Convenient of you to leave out that aspect",YouTube
The polls suggest it wont be ;) Blame PP for sinking his chance.,YouTube
It's indeed,YouTube
 @AlyssaSouthSide   You mean blame Jagmeat for selling out the country?,YouTube
"Actually, it is between your ears!",YouTube
"Not wrong at all, it shows that you are clueless about how our political system actually works..",YouTube
How is it wrong?,YouTube
@ I’m going by his past and things he’s done. Those are facts and not a karen. Typical liberal thinking. Thanks for the laughs little one,YouTube
"Elitist?  You mean experienced, smart, and with the connections around the world that we need?  You mean NOT a career politician?",YouTube
"Yes, some people weren't aware of how weak our system is.",YouTube
"Ya people asking for democracy and this is what canada has

They arent the same thing, rejectn",YouTube
Just know this reject would be flipping out if it were cons doing it.,YouTube
We know how it functions and it's anti democratic and broken. You know how it functions and like it?,YouTube
"Crazy thing is..many of you think your ""vote"" matters. It never has and never will. Stand up 🇨🇦 & 🌎",YouTube
@MeghenFarley  why we should become a state so that we can vote in the election that matters most.,YouTube
Or a strong argument for freeing Canada once and for all from the Crown....,YouTube
"Petit Poilievre...making funny names is easy. Grow up, take a breath maybe have a beer or 12 to calm down and there will be an election.",YouTube
 @ZenCorvus  Wouldn't know. Maybe you can enlighten me?,YouTube
Finally! we got a carney to run this circus.,YouTube
Not a single Canadian flag in sight,YouTube
Not my prime minister not duly elected by the people,YouTube
"What a puppet, Says all US Canadians. Call for elections NOW!",YouTube
"What's with all the losers in the comments section who failed their high school civic class and now are whining about the parliamentary system in Canada? Also, if you don't like the constitutional monarchy, leave!",YouTube
Political Corruption,YouTube
I never voted for you. Please call an election ASAP so Canadians will finally get to democratically determine who we want leading us. Last thing I trust are money men. The US has a money man and he's desperately trying to short the market for his investments.,YouTube
"There should be a change in Canadian legislation, so that when a Prime Minister resigns, is removed or dies…  a new PM (leader) must be chosen within 6 weeks (and must already be a sitting MP) … and an election must be called within 6 weeks after selection.  Canadians did not vote for this man.  He doesn’t hold a seat in the House of Commons.  This process is not democratic.  It is an infringement of Canadian human rights.",YouTube
Not for long hopefully,YouTube
"Does everyone notice not once when he was sworn in, did they mention that he will be working for the Canadian people?",YouTube
We need a government with four years of people's mandate to fight the trade war against Trump. Please call the Election NOW.,YouTube
Noooooooooooooooooooooooooooooooooooooooooooooooooooooooooooooooooooooo! Get! Him! OUT!!! God help us all! Get Mr. Poilievre over here now! God help Canada! 🇨🇦😭😣😔,YouTube
The amount of people in the comments saying they didn't vote him in🤦🏻‍♀️...maybe you should look up how the Canadian government works. He is a temporary PM.,YouTube
Election next so Canadians can have a say in their PM.,YouTube
Unelected. What a fantastic democracy we live in! Amazing.,YouTube
Call a election,YouTube
Trudeau’s parting gift to Canadians. His mini me,YouTube
Go read the UK Telegraph's articles on Carney. The Brits are warning Canada.,YouTube
What a horrible day for canada 😢,YouTube
No Steelworkers from Hamilton present at Captain Steelworker’s coronation?,YouTube
"Don't worry, you'll be getting a new one soon 😂",YouTube
"The Canadian system is such that the head of the ruling Party is Head of Government as well as Head of State. When the head of a Party steps down for whatever reason, the Party picks the replacement as quickly as possible so that there is no break in leadership.",YouTube
"Bor that’s just how Canadian politics works, this is like the 3rd or 4th time this has happened like this",YouTube
"You'll  get your vote.
Whaaaa whaaa whaaa
🇨🇦 ✌️",YouTube
Lol indoctrinated much ? Weird,YouTube
"Yes, but PP and the Cons are worse.",YouTube
 @Goodgodgetagripgirl you will get your cookie soon as carney finds time for Canadians,YouTube
"@MrDjohi  What are you assuming? I'm not a fan of the Liberals or Carney. He's a former Banker, aka he's a corporatist. Anyone that has friends in those high places is at risk of corruption. Learn to ask before you make nonsense judgments.",YouTube
"@MrDjohi  Its my day off keeping people alive at the hospital, so I watched a video that popped up on my YouTube feed, and you're mad that I commented?",YouTube
"well make sure you dont vote conservative, they are all in the same pocket",YouTube
Tell us more about failing grade 9. Where Canadian children learn about their own government...,YouTube
"We liberals voted for him, stay mad",YouTube
Not all money people are that bad some are but not all here's our options Pierre or Carney I want Pierre but if he doesn't get voted in then it's Carney people say that Pierre is for Trump but there been times when I heard him express his feelings towards that he doesn't like Trump either despite what liberals say.,YouTube
 @sunyydazee  lol nah this one is more Trump level money than the conservative one. Lesser of 2 evils is the one with less money to me. And no way the leader of the Canadian version of BlackRock isn't richer.,YouTube
Thinking a party can continue without a leader...fantastic...also...registered liberals did elect him big guy...tell me you don't have any idea how Canadian politics work without telling me,YouTube
"lol, you clearly don’t know how Canadian politics work.",YouTube
Those who elected Carney represent 0.01 of the population.,YouTube
 @nueloblack  - the same way every party leader has been elected.,YouTube
"@ Party leader, not PM.",YouTube
It is. Once you leave the country it will be better 🙏,YouTube
Why,YouTube
Whatever it takes to keep the Conservatives out! 👍🎉,YouTube
you people are beyond melodramatic hahaha,YouTube
You can always go south,YouTube
"This is a sad day for ALL Canadians. 

Sworn in with absolutely zero vetting by the media.",YouTube
My God help us all,YouTube
Election please !,YouTube
0:23 look at Christia Freeland on the left 😂 She must be shoveling the snow down her nose after losing.,YouTube
We did not get to vote.  😡 The Canadian public has never chosen this vilian for as much as a small riding.  This has to be a crime.  ELECTION NOW,YouTube
Praying you all have Blessed Holy Great Lent 🙏✝🕊,YouTube
"Liberals have DONE this before with Ontario Premier. When Mcguinty was charged for corruption, they replaced him with Kathleen. Where she WON the next election on 2014. Next fours years was the worst for Ontarians. It was so bad in the next election the Liberals won 7 seats only,  losing 51 seats. Liberals also lost party status. If you fall for this again it's on you, endure years of agony before next election 😂",YouTube
Elections now.,YouTube
"40 billion to 1,250 trillion in 8 years.. you are responsible. We owe 60 billion to USA...HELLO LOOK HIM UP",YouTube
The Carney Clownshow has arrived!,YouTube
he must’ve taken the oath,YouTube
What a joke for democracy,YouTube
"About Mark Carney 

He then headed to the United States for a degree in economics at Harvard University, before pursuing a master’s degree and doctorate in economics from Oxford University.
His career was similarly globe-trotting. He spent 13 years working for Goldman Sachs, traveling between the firm’s offices in London, Tokyo, New York and Toronto, according to a profile from the Bank of Canada, which he joined in 2003.
By 2008, he was serving as governor of Canada’s central bank, stepping into the job as the world plunged into the Great Recession. During his campaign to lead the Liberal Party, Carney pointed to this time as evidence of his experience navigating crises, saying on his website he had helped protect jobs and stabilize the Canadian economy.

He did well enough that by the time he finished his five-year term, he was scooped up by the Bank of England to be its governor — the first non-British person to hold the position. (Canada is a member of the British Commonwealth.)
Climate change advocate
The following years were just as crisis-ridden, with the British public voting to depart the European Union. In speeches before the 2016 referendum, Carney had warned of the economic impact Brexit would have on the country. He left the Bank of England in 2020 after almost seven years in the job.
After becoming the UN Special Envoy for Climate Action and Finance in 2019, he advocated for the financial sector to invest in net-zero emissions.",YouTube
"Imagine being a liberal apologist, educating us on why an unelected PM with No seat,  is a good thing!?!",YouTube
Ask him how Gislane Maxwell's making out. They're really good friends😂,YouTube
This is a dark day for democracy in Canada.  This man was not elected.,YouTube
Can you at least tell me which billionaires I'll be funding with my tax dollars?,YouTube
This is... SO messed up.. they can easily just install an unelected prime minister.,YouTube
Dafaq? No one voted for him to be the PM,YouTube
"In Canada, we have a parliamentary democracy—we do not elect a prime minister. Instead, we elect MPs, the party with the most MPs forms government, and the leader of that party becomes prime minister. This has happened several times in the past; by no means is this unappointed or unprecedented.",YouTube
"Like the media is credible.
You'd whine no matter who.
You'll get your vote soon enough.",YouTube
Pdf files seem to always have all the right connections!,YouTube
welcome to Canada Ivan. Where the state media does not get to decide government policy.,YouTube
Why would the media vet any prime minister? I assume that’s done by the numerous ethics laws and regulations.,YouTube
Why is it sad.,YouTube
We elect a party not a man.,YouTube
As a conservative voter it’s a great day to have some one who understands economics.  So glad to see Trudeau gone.,YouTube
This old white billionaire banker has 3 citizenships and no seat in parliament. Why can't he just choose Canada only? Why can't he love Canada only? All of us have 1 citizenship so we have skin in the game.,YouTube
MrCuriousk yet they literally did,YouTube
"@ - lol, you do know the Bank of Canada and England aren’t commercial banks right?",YouTube
I actually thought she looked happy and proud to be honest.,YouTube
BINGO ! WINNER WINNER,YouTube
Oh please don't arrest her Officer!!!!,YouTube
Now research NET ZERO,YouTube
You can't knock his education at the best universities in the world,YouTube
Stop imagining and start learning how parliamentary systems work. Don't be lazy.,YouTube
imagine not understanding how our government functions.,YouTube
It’s astounding how stupid questions like this are. These are the people likely to vote for PP 😢,YouTube
"And droning on about democracy or anyone not answering questions.

To be a lib means you're mentally insane as this point.",YouTube
Are you familiar with the Canadian political system? The sitting government party/coalition chooses who they support as PM.,YouTube
@ I am familiar.  My comment refers to the fact he is not in an elected position. He has no seat in parliament. This is extremely rare in Canadian politics (which I’m guessing you are aware of the irony of the last time this happened).,YouTube
"@ Ha! great point!  It’s concerning when someone goes from “advisor” to Prime Minister.  Yes, he did it above board, which is perhaps the most surprising aspect of it.  Given the current events, Canadians should elect who is at the helm to steer us through the stormy seas!",YouTube
@ Haha….we’ll see how well this ages.  Talk to you after the election.,YouTube
@ an elected minister. We have a Prime Minister who isn’t allowed to speak in parliament.,YouTube
not messed up. read on how we do elections in Canada. We're not the only ones who does it this way. Check other countries with the same type of democratic government - check wiki on different types of democracy... cheers.,YouTube
"Also we don't elect prime minister - each party elects a leader and the party that's represented most, their leader becomes the prime minister. Liberal Party has majority in last election, and since PM Trudeau resigned, the party elected Carney as the new leader of Liberal Party - thus, if you know your if-then-stmt, it follows that Carney is the new Prime Minister of Canada for now.",YouTube
@da_lazy.spinosaurus  none of what you just said changes the fact that I am right...?,YouTube
Who elected him?????? Come from no where.,YouTube
Never voted for you as pm carney. No one did. You don't deserve this.,YouTube
NOBODY GIVES AF!!!! We want AN ELECTION!!!!!,YouTube
"Listen, I'm team Blue, but some of you are making us look bad by your ignorance of how a Parliamentary Democracy actually works. The exact same thing would happen if say O'Toole won in the last general election and then was forced out. We'd be in the exact same situation where an internal party election is held for the new leader of the party who then becomes the Prime Minister until the next general election. Some of you didn't pay attention in Grade 10 Civics and it's embarrassingly obvious. We're not going to win the next general election with this parroting of inaccurate facts and buzz words.",YouTube
Isn't this similar to how Hitler took power? Just wondering...,YouTube
Dude looks like he was a nerd  bullied all through high school and now will get revenge once he attains power. He doesnt look sharp at all.,YouTube
"So let me get this straight, liberals voted for Trudeau with the carbon tax, now liberals will vote Carney becasue of no carbon tax...strange😅",YouTube
"Now that the UK has refused to support Canada both during Keir Starmer's visit to the White House & later in their response to Trump's tariffs, I think that Canada should shed all allegiance to the UK Royals in all aspects of our country's management. I wish & hope that Mark Carney or whoever becomes the PM in the next election has the guts to execute this.",YouTube
"not voted in by the people of Canada, now quit stalling and resume parliament so an election can be called..",YouTube
NOBODY VOTED FOR YOU.,YouTube
"Some comments do have a point. It is a bit odd there aren't any Canadian flags in sight. 

It would be ironic if what ever by-election he runs in to get a seat he loses.",YouTube
what a circus lol,YouTube
You call yourselves Canadians and do not know how our government and political system works 🤬,YouTube
Cool now call an election,YouTube
🤢🤢🤮🤮🤮 I’m voting for Pierre!   🇨🇦👍🇨🇦👍🇨🇦👍🇨🇦👍🇨🇦👍🇨🇦,YouTube
"No seat, no election. NOT MY PRIME MINISTER!!!!!",YouTube
Mr. Trudeau's reflection in the Mirror and very hard to do but may be just a bit more Greedy.,YouTube
"Illegitimate government no one voted for Carbon,Mark Carney. Better have an election day 1.",YouTube
"Why the hell do our prime ministers swear allegiance to a British King and not the people of Canada? Your priority should be your nation and your people, not some rich guy across the ocean.",YouTube
Scam,YouTube
"We didn’t vote for Poilievre as the conservative leader,",YouTube
Are you really pissed off at him because YOU don't understand how our process works?? lol!,YouTube
"Thank you, I feel the exact same as you do.",YouTube
"The Liberal's party process is not democratic. There's a legitimate process under Conservative party rules. The Liberal selection of Carney, was an appointment, not an election.",YouTube
"There should be a change in Canadian legislation, so that when a Prime Minister resigns, is removed or dies…  a new PM (leader) must be chosen within 6 weeks (and must already be a sitting MP) … and an election must be called within 6 weeks after selection.",YouTube
" @HalifaxPeacock  I totally agree. Saying ""This is the way it's always been done"" is a bad motto for maintaining an element of governance. Let's hope with all the uproar this will be something that can be brought up in a future Parliamentary sitting.",YouTube
"@ He was unfortunately elected by card carrying Liberal Party members because that is the current controlling party until the next general election. But like HalifaxPeacock pointed out, maybe this is something we can work to change through legislation for the future",YouTube
"Team Not-Blue here, 100% agree with you. Just because we vote on different sides doesn't mean we cannot have a civil conversation about what interests we share, and which we disagree on. My fear is that many of these comments are not representative of the actual conservative voters of Canada. It is very difficult to see politics invaded by this sort of rhetoric.",YouTube
" @KILO993  I don't jibe with the ""unfortunately"" but yes, if we want to change it put it to the people of Canada and the elected government of Canada in the Legislature. We have mechanisms in place to change procedure if the Canadian public votes on it.",YouTube
"​@ 
I agree. People should contact their local MP to ask how this process can be changed. Although it doesn't seem to happen often, but it does seem to be very jarring for those not very familiar with the process.",YouTube
"Although this is the current system, it can still be criticized. ""Not paying attention in Grade 10 Civics"" is not a reason to agree with something that doesn't make sense....people can have opinions and free thought...not everyone is an NPC :)",YouTube
@KILO993  To be fair complaining to mp's doesn't do much at the end of the day. Canadians for the most part complained about the carbon tax to mp's and we still had it imposed on us. We complained about the record level of ethics violations and nothing happened. We complained about the housing tax and capital gains tax increase and nothing happened and we complained about the crazy immigration policy yet once again nothing happened. I would not be shocked if the liberals use this tariff crap as a reason to not have elections either.,YouTube
Did you graduate from Harvard or Oxford with a PhD?,YouTube
Probably not given he is a retired UK banker who’s financial interests are largely outside of Canada,YouTube
Parliament doesn't have to be recalled for an election to be called.,YouTube
the liberal party voters did so yea lol,YouTube
"@yourmaker8786  that wasn't a vote, it was a coronation.",YouTube
It takes a carney to run a circus,YouTube
"You are right. We are now fully seeing how broken it is that a sitting member of the WEF can become our PM without ever winning an elected seat in the House of Commons (formerly known as the house of commoners, where our elected peers spoke for us on our behalf on policy). If you like this result, you are not Canadian",YouTube
"They know how it works, they just don't like the idea that a person who has never been elected to anything in their life can become Prime Minister in two months.  I think the rules need to be changed such that the PM must in all cases be a current MP.",YouTube
 @thegreatdominion949  preach!!! 👍👍👍,YouTube
look up the rules,YouTube
Ok… dropped out of high school Deb…. 😂,YouTube
"An open-air, nonresistant coup from the wef.",YouTube
"Ffs people…

The Canadian system is such that the head of the ruling Party is Head of Government as well as Head of State. When the head of a Party steps down for whatever reason, the Party picks the replacement as quickly as possible so that there is no break in leadership.

Remember Kim Campbell?
Same thing.",YouTube
Crimeminister!,YouTube
Never was a MINISTER. So he cant be PRIME.  Such a farce.,YouTube
I'd rather watch YouTube ads than watch this. He is not my prime minister.,YouTube
Lots of bots in this chat 💀,YouTube
Since when did the french run the government?,YouTube
"We are Canadian people , and he's not our Prime Minister, he needs to call a snap election ASAP. We need a Prime Minister that's elected by the people not voted by the political party.",YouTube
"My wife and daughter are studying in Thunder Bay,Ontario,Canada and are nearly starving. Can someone help me find a job in Canada to rescue them so that our family of three can be reunited? I have an open work permit for Canada. I would be extremely grateful, and good-hearted people will always be rewarded.",YouTube
ELECTION !!,YouTube
"headdesk

""151,899 Registered Liberals voted in the 2025 Liberal Leadership race, out of the 163,836 that verified their identity to vote – more than the 2013 Leadership race. Mark Carney received 131,674 votes, resulting in 29,457 points on the first ballot to win the Leadership of the Liberal Party of Canada and become the next Prime Minister.""

The results are public.

Who can vote?
Registered Liberals who meet the following criteria:

You are a Canadian citizen, permanent resident, or has status under the Indian Act
You ordinarily reside in Canada (primary residence is in Canada 183 days a year)
You were a Registered Liberal by January 27, 2025 at 5:00PM EST
You comply with the registration and ID verification procedures",YouTube
Wait so anyone can become prime minister without a vote if the current leader just steps down?,YouTube
No only he was not voted in he was also selected when parliament was closed. Which shows us that this democracy that we supposedly have is a sham.,YouTube
"John A Macdonald, Charles Tupper, Kim Cambell, Mackenzie king, and John Turner were all prime minsiter who either lost their seats or became PM without a seat. Read a book instead of freaking out at a process you dont understand.",YouTube
Mark Carney and Kamala Harris have a lot in common! Mark will unelected soon.  Time for a Conservative Government!,YouTube
A bad day for Canada,YouTube
"Poilievre = Governor 
    Carny = Prime Minister 
>
You can’t convince me that if the oil industry told Poilievre or Smith, it would be more profitable if Canada became the 51st, that either of them wouldn’t sell us out.",YouTube
"I will vote for Mark Carney,  not for the Trump wannabe Pierre.  ❤️🇨🇦",YouTube
The Simple Investor - Mark Carney: The WRONG Choice for Canada,YouTube
"Not my Prime Minister! Wasn't voted in by the citizens-at-large, only by a small group of Liberal Party faithful.",YouTube
So surprised to see so many Canadians not know their own political setup,YouTube
Lol this is gross to see wef take over,YouTube
Just because it's designed that way doesn't mean it's right lol.... you have to be kidding,YouTube
Yes and she too was tossed out at the 1st election,YouTube
Thank you for explaining our systems weakness.,YouTube
"most of these are troll farms and bots. Logic does not work on paid shills. (Genuine apologies to any actual human ppl that hold these opinions, i invite you to discuss them in comments in something other than talking points.)",YouTube
It's not that we don't know it's the fact that our political system which allows this. This needs to change.,YouTube
You say that ignoring everything about the context and the optics. You think just because we have done it in the past its a good thing to keep doing???? This is gross.,YouTube
" @Trevoroxx  it’s not right because we’ve done it in the past. It’s right because it is the legislation of this country. If it needs to be changed, which it likely does, then we need to change it. Until that point this is how it works. Our opinions don’t change that.",YouTube
"@stephanie5249  our opinions need to be loud so that it actually does change. Everyone is expressing their disgust to the point the zeitgeist won't tolerate this crap going forward. If the majority was like ""this is how Canada operates"" and ""it's actually good this is how it operates"" it wouldn't change. Objectively (no matter which political party you support) this is gross, hence all the outrage.",YouTube
" @Trevoroxx  suggest an alternative then, that achieves the same continuity of leadership for our government. Its easy to yell ""this is wrong!"" how about some actual suggestions?",YouTube
" @Trevoroxx  I am actually entirely in agreement with you that things need to change. But right now this is what we have. Legally. It’s a fact. And I agree that we can loudly express our opinions. Unfortunately, in this comment section, many people are expressing opinions as facts. And that’s not how change works. Understand the facts, express your opinion, fight for the change you want.",YouTube
@MrCuriousk  how about the crazy idea of an election? Is that too far out there of an idea that you needed a random youtube comment to tell you that's the correct way to select a leader?,YouTube
@ There was an election. You failed to be involved. All the liberal party and supporters had the option. If you were truly concerned you would have been looking into this and following for a couple months.,YouTube
"@cszabo8899  Kim Campbell was in the parliament elected by her constituants, so she actually was elected, unlikely Mr Carney never elected, never ran amd appointed in various position. Let's not forget this guy is a leader of the WEF what agenda do you think we will be following.",YouTube
"@MrTeampenner  following for a couple of months? Try decades dude. Anyone who follows politics for ""a couple of months"" is what is causing the freakout about tariffs, total ignorance.
The liberal party selecting a new leader isn't an election if that's what you are referring to not being involved in. ...",YouTube
"YouTube is eating my replies. Anyway...

Yes. Same thing with Kim Campbell. There was a general election after. She was Prime Minister going into that General election, which her party lost. Carney is now the Prime Minister by the same process, and soon will be going into a general election in all likelihood, which, hopefully for those and those like you, his party will lose. I think we both get each other now.",YouTube
"Ah, but you see, it was because too many people were watching YouTube adds that this happened in the first place 😂",YouTube
"This is something Canada's political system is going to have to face in the next few years. How do we ensure our media and social media are not swamped by foreign special interests, AI and troll farms? Free press is so much more important now than it ever was before.",YouTube
"the liberal party was elected to lead the country, not trudeau - carney won the vote to lead the party, so he's prime minister",YouTube
you have to buy all the party votes first,YouTube
"In Canada, you don't vote for the Prime Minister, you vote for the party. The Liberal Party is still in a minority government and the leader of the party is Prime Minister. There was an election - a Liberal leadership election, which Carney won handily. Therefore, he is Prime Minister.",YouTube
I mean that's how the parliamentary system works. We get to vote for a new government or the same in October.,YouTube
Yea. Do you not know how our government or Parliament works?,YouTube
"Well, with a parry vote, yeah. But it's not like the position can last long without the support of Parliament.",YouTube
"It's like if the U.S President dies or steps down. The VP finishes the term. Well we don't really have a Vice Prime Minister. When Trudeau stepped down, the Liberal party then had to vote in their new leader. (We vote for the party, not the leader).
 Now Carney will be PM until we have a federal election this fall. If he wins, he remains.",YouTube
Congratulations- brave man in challenging times,YouTube
There were 5 candidates as well as a vote with an 85.9% majority? Were you living under a rock?,YouTube
 @Hyperpandas  WHO SAID THERE IS NO SUPPORT!!!  GET EDUCATED!!!,YouTube
"The Canadian system is such that the head of the ruling Party is Head of Government as well as Head of State. When the head of a Party steps down for whatever reason, the Party picks the replacement as quickly as possible so that there is no break in leadership.",YouTube
"Keep in mind only around 130k votes decided this.

Of those 130k, who is to say how many were actually Canadian votes. Anybody, anywhere in the world can pay to vote in a party election.",YouTube
"😅😂😢
What a dummy.",YouTube
" @TheOneAndOnlyCiV  same thing, I didn't know an unelected leader could be put in power so easily",YouTube
" @deborahkorinetz  Commons is currently prorogued, so he doesn't have the support of Parliament. Most likely scenario now is Carney will either ask the Governor General to dissolve Parliament to trigger an election, or to reconvene it at which point one of the other parties will table a confidence motion (which is almost certain to fail, and the government will end). 

Either way, Carney will only be Prime Minister for a couple of months, unless voters elect another Liberal government.",YouTube
"IF you are part of the leading party and that party votes for you, yes. Cute that you word it like some random anybody can just walk in to the building and be like ok guys it's me.",YouTube
@RantGodOfficialI voted,YouTube
John A was the first and essentially made the country. Kinda a cop out bud... and Kim Campbell was an sitting MP.. its not the same thing. And it doesn't make it right. 😂. Ridiculous,YouTube
"@user-rj1ed3gf4f  incorrect, cambell did not have a seat at the time she was selected.

And parliament existed under British commonwealth before confederation, so there were MPs, of which John A was not one.",YouTube
@TheViolentjester  Kim Campbell sat from 1988 to 1993 and was made prime minister and lead to general election in 1993 when she lost it,YouTube
"Oh wow you really proved how canadas democracy isn't a joke

Duh because these guys did it",YouTube
"a bad 9 years for Canada you mean, As a Canadian i can tell you my country has been destroyed in every facet of life you can think of.",YouTube
A bad day for canada and therefore the world. WEF is winning :(,YouTube
This is a good day for Canada.,YouTube
"100% agree. We need an adult who has had a  job in the real world knows how to balance a chequebook, is calm and experience working on the international stage. Someone who is not emotionally charged and can develop and execute a business plan.

We don't need an emotional Trump mini me PP who has never held a real job who only spews slogans. That is not helpful",YouTube
Agree never maga Pierre,YouTube
"Voting for plant, who moved his businesses to USA. Do not kid yourself.",YouTube
PP is worth 20 Million USD and Carney is worth 6.7 Million USD. What's your issue?,YouTube
@ is there net worth important?,YouTube
Trump bots working overtime in comments! 🤭,YouTube
But we the people did not vote him in.  Therefore he is not out PM or leader,YouTube
Id much rather him than current member of Trump Youth Pierre Poilievre,YouTube
Not my PM. Call an election.  Hopefully put an end to the Decade of Corruption.,YouTube
WEF installed,YouTube
"All these people saying he's ""unelected"" are Americans, I bet. Canada elects parties, whose leaders become the PM.",YouTube
Who actually elected him in Canada?🧐,YouTube
The Canadian people didn’t agree to this. We need an election!,YouTube
Wait what!! ? When was the election? Am I the only one who missed the election? I didn’t vote.,YouTube
I feel like I’m living inside of a Simpsons episode. This has to be a joke.,YouTube
I did not vote him in....this is not an election.,YouTube
Enough with this liberals! Time for election,YouTube
Imagine if he enacted emergency laws and stayed in power😅😅,YouTube
Can we please have an election now?,YouTube
"Resign like Trudeau,  Carney!!",YouTube
"Does not matter who leads the liberals, we are done with liberal policies. Call an election.",YouTube
"The bots are strong with this one. Sigh. Poilievre could not deal with this level of economic instability, let alone Trump. God forbid Carney is the Prime Minister Designate. He is an excellent choice. I have absolutely no problem with him holding the seat. The people that scream ""not my prime minister"", are probably the same people that thought the trucker convoy protest in Ottawa was peaceful. We have been through so many unprecedented situations in the last five years. This is not a time to shout ""MY FREEDOMS. CALL AN ELECTION"". Just let Carney do his job. Let's get through the worst of this, get things stabilized, and then call an election. This is a time to band together as Canadians. God forbid, all parties work together. Ugh.",YouTube
Carney is not my Prime Minister. Pierre is my Prime Minister and Trump is my President.,YouTube
NOBODY ELECTED HIM,YouTube
Elections now. !!!,YouTube
"No, it's Canadians who don't want a pathological lying rich guy who is not a politician LIKE TRUMP.",YouTube
Duh trump bots because everyone's a lib in this toolboxes world,YouTube
You and who else? Who are the people?,YouTube
Ok cnn/cbc talking point of zero substance,YouTube
"The Canadian system is such that the head of the ruling Party is Head of Government as well as Head of State. When the head of a Party steps down for whatever reason, the Party picks the replacement as quickly as possible so that there is no break in leadership.",YouTube
The liberal party. He's a stand in until a new election is set forward.,YouTube
 @flexchan  I am sure they won't rush it,YouTube
Bless your little heart.. you need an education in the CANADIAN POLITICAL SYSTEM.,YouTube
Correct.. lol Not sure what you don't understand.,YouTube
Not effing funny. U don't get who truly pulls the strings hey? Buckle up,YouTube
For what?,YouTube
You are a bot.  We support Pierre!,YouTube
"Omg duh the bots blah blah blah cbc told me pierre is terribl
But cbc won't report on carney so this is what you write

Seek help",YouTube
"The most mature and adult comment in this section. 
I would add that patience is a virtue. We just need to wait for the general election to be called. Many sources indicate this will most likely happen at the end of the month. 
I can tell you from myself and other Conservative friends, even we agree that this one time we will have to vote for the person and not the party and find common ground to weather the storm ahead.",YouTube
Nobody elected PP to be leader of the opposition until the next election came around.  Really - it's how things work.  Look it up.,YouTube
i did,YouTube
Duh Trudeau resigned and they needed to appoint a new leader. Don’t understand the point of this comment,YouTube
@ no ya didn’t unless you’re part of the liberal party. Which I’m pretty sure you aren’t.,YouTube
"But he shouldn't be able to lead the country without being elected by the people. It is true that the liberals were elected, but I just think it's shady that this man was elected. It's not like u or me had a say in it",YouTube
 @PlutoniumMC  in canada when you elect someone your not electing that person. Your essentially electing the party. And if pm stepps down. Their is a election that anyone cab register to vote,YouTube
" @rigarious  I know how it works.... I'm canadian, but I still disagree with the way that this situation has unfolded.",YouTube
@PlutoniumMC  u could of voted then,YouTube
 @rigarious  ???,YouTube
 @rigarious  I can't vote for the liberal leader. I'm not a member of the party,YouTube
A great day for Canada 🍁🇨🇦🍁,YouTube
He talks about serving the king.. and the king is no where in the  room....,YouTube
He needs to call an election today I didn’t vote for him,YouTube
Clown show baby! Far cry from the Country we used to be.,YouTube
Not a single Canadian flag in sight. That tell us everything we need to know. Meanwhile Pierre is about to go live with 20 Canadian flags behind him.,YouTube
"Congratulations to the new PM, Mark Carney..",YouTube
Canada dident vote for this guy,YouTube
He better not get too comfortable..,YouTube
Let the election decide who the Prime Minister.  Prime Minister by default. Let the vote speak,YouTube
Not my prime minister,YouTube
This fool and his party need to go and a large part of libs should leave the country and some jailed.,YouTube
Non elected,YouTube
Sworn as 24th PM ? Heller! Big Joke - snap election if you are fair  candidate as you are not selected but designated —-,YouTube
"This is embarrassing, time to dump the British monarchy as our head of state.",YouTube
"Finally a guy who already proved that he knows what he is doing, not some st*p*d career politician.",YouTube
Such a creep!,YouTube
"Ok great, now call an election and legitimize it.  Right now he's ""unelected"", nobody other than the liberal leaders voted for this guy. If this is what Canada wants (and it seems to be leaning that way VS PP) then the public needs a vote",YouTube
"THIS comment section is insane. I’m sickened by all of you. You just flood every comment section with your hate and conspiracy theories. 

It’s actually the type of Canadian commenting here who are ruining our country.",YouTube
I’m so happy. Hope he can shut Trump down.,YouTube
"I hear what he pledges, but I have to wonder, when this will come to an end, when Canada will be a real independent nation.",YouTube
You know everyone in Canada?,YouTube
LMAO. The polls show otherwise ;),YouTube
"WHY NOT.   You do believe in democracy, right",YouTube
Non elected banksters,YouTube
"Educate yourself on how the parliamentary system works. We vote for the party, not the person.",YouTube
"Calhoon4U no we literally don't 

We vote representatives. This isnt a sport you reject",YouTube
"You know him personally?
Or were you speaking of yourself.?",YouTube
"@DianeBradt  
Triggered??
Lmao
So you just want to make disparaging remarks with no pushback.!?
Sooooo, a troll then 🧌.   Ok, I got it.",YouTube
Ya shut down canada,YouTube
"Guess Canada’s banking experience just became a little more political, hope he’s got a solid interest rate on those promises!",YouTube
Is he Joe Biden's younger Canadian brother?  😅,YouTube
Sad day for Putin/Trump boys.,YouTube
How can they call him a PM when he isn’t a member of parliament,YouTube
"Congratulations, best wishes.",YouTube
Another power grab,YouTube
Let's go!!! Looking forward to Mark Carney as prime minister 🇨🇦🍁,YouTube
"And that's how democracy dies, to thunderous applause.",YouTube
Congratulations carney,YouTube
I think it’s fair to give him the title of leader of the liberal party but not proper to call this man prime minister. Canada needs an election so the people can elect our next prime minister.,YouTube
Let this be a new era in Canadian history.,YouTube
Not one Canadian flag! We need an election NOW!!!!,YouTube
Yay!  💪🇨🇦,YouTube
"Election now,done with drama queens for 9 years...",YouTube
Read my lips Carney. CALL AN ELECTION NOW !,YouTube
How soon can we get him out of there.  They forgot to add Ah's and Um's to the text he was reading.   He needs to have a least 12 per minute.,YouTube
Bots in full swing in this comment thread! Very obvious Pierre's endorsers have upped the budget. Don't fall for it. We need experience and leadership not subjugation.,YouTube
"All of the hard Conservatives saying ""ELECTION NOW!"" don't even realize just how bad that's gonna be for them. Have you even seen the polls?",YouTube
"Only Canada would have a clown as a PM, what a fool!!!",YouTube
He was not voted in by Canadians. We need an election,YouTube
🤦 you people are such clowns. 😂,YouTube
Bot,YouTube
On what? The agreement they had calls a debate? The 250k voters booted from voting? Or the 2 members left out that would have actually said something?,YouTube
Ya his zero policies and zero interviews excite you botĺ,YouTube
Are you messed in the head... He is just stepping in for all the mess that his party has created over the last 8 years 🇨🇦 🤣🤣🤣🤣🤣🤣,YouTube
Armaan and his Liberal Bots 🤖,YouTube
New Era Of Corruption,YouTube
"Yay, a new pdf file in office! And one rhat aas advising Trudeau all throughout this current mess.
What a huge change...",YouTube
"And also if Pierre is “so good”, why hasn’t he gotten his security clearance yet?",YouTube
"Sure, that's what CNN told Harris supporters. Vote vote vote for Conservatives! Get these sick Leftists out!",YouTube
"Disgusting. The System has to change, and this shouldn't be allowed. I didn't vote for this new Clown.",YouTube
No constituents  not elected....no ridings ..pm installed,YouTube
"All those 51st state jokes, we still bow down to the king of England!",YouTube
Call an election now! We don't want a selected PM,YouTube
She couldn't sit still if her life depended on it and why we allow politicians like this to run in Canada is beyond me 😮,YouTube
"As Canadian citizens, we are suffering!",YouTube
"It is pathetic that we still have to swear allegiance to guys like Charles and his ilk. But, congratulations to Mark Carney. I also would like mark Carney to straight away address his connection to Ghislaine Maxwell, emulating how Obama handled the controversy around his moronic pastor who spewed nonsense. This way he can put it behind him once and for all.",YouTube
Does swearing in mean they will TELL THE TRUTH,YouTube
They hopefully will call an election quickly before this PERSON can give our country to wef!,YouTube
Nice nod to the camera when you said king of Canada.  Allow trump to learn he can’t just annex Canada,YouTube
"""Yes, i promise to be a good little puppet for the Crown and keep secrets from the peasant Canadians."" 🙄",YouTube
What a rigged joke. A very dangerous joke …. :/,YouTube
"Canadians never voted this fool in, time for an election now",YouTube
Election,YouTube
We need to get Carney out of office as soon as possible. Sad day. Call an election NOW!,YouTube
"I wonder, how often can a prime minister change within a party?",YouTube
I am frightened for the future of my kids in Canada,YouTube
Selected Not Elected! Call an election.,YouTube
Mark Carney’s leadership will be interesting to watch as Canada navigates its economic and political landscape. Hoping for policies that benefit all Canadians and drive sustainable growth.,YouTube
"So are we finally going to get a election or is this guy just going to stall for as long as possible… ah who am I kidding, it will be the latter",YouTube
You probably didn’t vote for Trudeau though either… even if you did vote liberal you only voted for your MP.,YouTube
There is hope for our future!,YouTube
He can kind of speak french but he has no seat in the Hoc. Disqualified if you ask me,YouTube
Carney was installed like a toilet.,YouTube
Doesn’t even look or feel honest or smooth,YouTube
"King Charles...

I really love to see Canada independent from the commonwealth and be 100% it's own country!",YouTube
Not my PM.,YouTube
ELECTION NOW!! PP for PM! 🇨🇦🇨🇦🇨🇦,YouTube
He's not my PM never have or never vote Liftist Liberal.,YouTube
He can outsmart the Dumb across the street and Ford can out Trump the TRUMP its a good combination im Conservative all my life..im voting for who ever can cause the most pain to TRUMP,YouTube
"Interim Primie Minister. Very important. He was given the role due to attrition, not democratic vote. His first act must be to call an election so the people of Canada can choose someone to administer--not 'run' or rule or even steer!--the country.",YouTube
"Congratulations, Prime Minister Carney.🎉",YouTube
Very unfortunate day for Canada with this pm being sworn in,YouTube
Anyone who is complaining they didn’t elect him is their fault. All you needed to do was register,YouTube
I must have missed the election.,YouTube
whats the point of this? there will a new PM in 6 months,YouTube
You will be remembered as the shortest serving Prime Minister in history. Liz Truss of Canada😆,YouTube
"Conservatives: ""Trudeau must step down!!!""

Also, Conservatives when Trudeau steps down: ""Carney was never elected in the first place!!!""",YouTube
"I am hoping he wins the federal election. He has a PhD in economics and that is just what Canada needs as a prime minister, someone who understands and can manage Canada's economy with experience and expertise.",YouTube
A literal CENTRAL BANKER as your PM.... Wow. Just wow. 😔,YouTube
Keeping my fingers crossed that he takes his oath with the upmost respect and seriously.,YouTube
Yeah... Who cares if we live in shoebox apartments and can't afford anything! It's all about hurting Trump! 🤦🏻‍♂️,YouTube
Maybe somebody can get along with him to some degree unlike Trudeau and Freeland who want to keep 'poking the bear' based on their personal animus for the man and his politics.,YouTube
You know there is nothing wrong with holding both opinions right. We wanted Trudeau to step down and we want election. Does that make sense now?,YouTube
What a disaster,YouTube
"To all the people crying ""he's unelected"", need to go back to civics class. Canadians elected the Liberal Party. The Liberal Party elected Carney. That's how it works. Go to the USA if you want to vote for your head of state directly.",YouTube
"DIDN'T VOTE FOR HIM
Are we still a Democracy?
Asking for a confused American.",YouTube
Let's hope it's the shortest prime ministerial term in Canadian history.,YouTube
I’m not seeing any liberal comments in this comment section. Very weird,YouTube
Call an early election now!!,YouTube
He said it French because he's a liar,YouTube
"Great, a PM with absolutely NO mandate, not even a seat.  And people think he'll help.",YouTube
The king has no say in our land neither does any liberal or NDP politician.,YouTube
Now call an election so we can elect a competent person to do the job.,YouTube
"Unelected and unwanted!

Call a damn election",YouTube
Election please. a small percentage of the elite voted for this clown. We the people did not,YouTube
No one has elected him!!! Shame on!!,YouTube
Of course there is going to be an election 🙄 Why are so many conservatives freaking out? Relax.,YouTube
Just disgusting !! Carney is a clown.,YouTube
The old garbage is gone and the new pile now grows! Hail Hydra!😅,YouTube
The prime minister we need for right now,YouTube
JTrudeau could now enjoy time with his family. Thank you for saving Trudeau from getting hurt!,YouTube
"He’s not my Prime Minister. He was voted in by 151,000 people. The other 36 million Canadians don’t appear to get a voice.  Is this democracy? We need some reform in our political system.  When asked I would say we are a country without a Prime Minister.",YouTube
why did he insist on the right side of the governor ?,YouTube
"More Canadians voted for the Conservative Party, actually...",YouTube
@SkullLeader  I never said Liberals won the popular vote.,YouTube
If you’re American this doesn’t really seem like a you problem,YouTube
Ya somehow this made him number 1 with no plan,YouTube
"Actually, the King has quite a lot of say, who do you think is going to hand you over to the Yanks? 😂",YouTube
"any liberal member could vote for the liberal party leader, so canadian people did vote for him..",YouTube
Ya any could minus the 250k that couldn't,YouTube
lmfao 😆😅🤣😂,YouTube
HE IS NOT MY [PM] and never will be as God be my trust,YouTube
"A very sad day for canada, can't wait for Trump to take over",YouTube
Congrats! Now time to work on the economy and call the election so I can vote for you Mr. Carney.,YouTube
God help us all.,YouTube
Congratulations Prime Minister Mark Carney. Long live Democracy in 🇨🇦Canada🇨🇦.,YouTube
"PM Carney is right, a gd carnival",YouTube
People want him gone but dont even vote,YouTube
Give him a break guys. Dont be like Americans and their maga crap. We are better than that. You have to power to vote when election comes,YouTube
Carney Swears Allegiance to the King 👑 He kisses the ring.,YouTube
Marx Carnage has no business being appointed to this  position. Election now,YouTube
SAD DAY FOR CANADIANS.,YouTube
You can smell the bull 💩 from space,YouTube
Don’t trust this guy at all!!!!!!!,YouTube
Congratulations.  Mark. 👍,YouTube
Will he work for minimum wage?,YouTube
WEF INSTALLED PUPPET!!! HE WILL BE 🩸🩸🩸🩸🩸,YouTube
WEF just changed its representative (agent) in Canada. So don`t expect any changes. At least not for better.,YouTube
"This guy is nobody’s PM, election NOW",YouTube
Canadian Kamala,YouTube
why would they even bother doing this right now what a waste of time,YouTube
I am happy!,YouTube
"There's quite a lot of bull 💩 up there already mate, might be hard to differentiate the specific odor 😂",YouTube
Sad day :(,YouTube
Nobody in these comments has even a vague understanding of how this works lol,YouTube
Time for an election. bye bye Carney it's been a slice,YouTube
It would be better for you Canadians under Trump😅,YouTube
I guess must have very recently forgot to vote or missed something,YouTube
The architect of the Carbon tax has ties to Ghislaine Maxwell that go way back. I'd bet he's on the list.,YouTube
🇨🇦 CANADA 🇨🇦 Needs Mark carney to do good 👍 Welcome 🤗 Mr  Prime Minister. Please fight hard for us.  🇨🇦 Team 🇨🇦 Canada 🇨🇦,YouTube
Installed by the wef,YouTube
This guy looks like the evil Mr. Rogers.,YouTube
No one voted for him.,YouTube
Call an election coward !,YouTube
Canada screwed 2.0,YouTube
Let’s go! We’re not guaranteed a conservative government anymore!,YouTube
"Unelected Dictator

Oh Canada 🇨🇦",YouTube
"Nobody elected him to parliament. He is just an EGOManiac Elitist.
             NOT MY PRIME MINISTER",YouTube
"Ok nice, when does Canada get an election??",YouTube
"Call the election now. 
No more wef",YouTube
ITS FUNNY HOW A FINANCE ADVISOR IS NOW PM AND LOOK AT OUR DEDT NOW HMMM LET THAT SINK IN,YouTube
"I think he's the right choice, and ALSO think we need an election right quick so we can do that properly.",YouTube
Canada's democracy in action!,YouTube
"They control your central bank, it's convenient 😂",YouTube
"""we have infiltrated the cabinets in Canada"" and that was before Carney. ☠️",YouTube
More like Mr Burns 😂,YouTube
Call election now,YouTube
How can you be Prime Minister without winning an election? Our political system is messed up. Time to become the 51st state,YouTube
Are ze bugz on the menu at the luncheon that follows?  Or are those just intended for the regular tax paying people?,YouTube
"Same circus, different clown!",YouTube
another disaster Pm for canada,YouTube
He and Kim Campbell can hold hands now for the shortest term as PM,YouTube
This guy shouldn’t be anywhere near this office.,YouTube
Canadian never voted for this guy.,YouTube
0:38 He broke the 4th wall,YouTube
😂 we need a strong PM one like Trump 😅is the  only solution 😮,YouTube
Same bus.. just a different bus driver..,YouTube
Now all that's left to see is if he has the balls to do the job properly.,YouTube
Trudeau quit....This guy isn't it.,YouTube
Canada=British Colony,YouTube
"Interesting, he swore alligence to the Crown in both offical languages, didn't mention anything about you chaps. 😂",YouTube
"But no one elected him. The time trudeau stepped down, as party leader and PM, we should have gone to election",YouTube
Praying for wisdom for our new leader and advisors!,YouTube
Let's hope he does a better job than JT.,YouTube
"The Case for Abolishing the Westminster System and Embracing a Canadian Republic
The Westminster system of governance, while rooted in the traditions of British colonial rule, is fundamentally flawed when applied to a modern and independent nation like Canada. The Westminster model concentrates too much power in the hands of the executive, leaving citizens at the mercy of an unchecked ruling class. The Monarchy, though ceremonial, undermines democratic sovereignty by vesting too much power in a distant, foreign figurehead, and the Governor General, though theoretically neutral, is an unelected representative of this monarchy who holds sway over significant political decisions. These systems weaken the foundational principles of self-governance, personal liberty, and accountability that are essential for a truly free nation.

Instead of maintaining this outdated system, Canada should shift toward a Republican form of government, grounded in the principles of Representative Democracy, where the power rests with the people, not a monarchy or aristocracy. This transition would reflect the true spirit of democratic ideals, recognizing that the people are the ultimate source of power and sovereignty.

In such a Canadian Republic, the rights of the people would no longer be granted by the government or subject to the whims of those in power. They would be immutable, inherent to each individual as God-given. These rights would not be privileges to be bestowed by those in power but would be the foundation of a social contract based on the recognition of each person’s dignity, freedom, and autonomy. The government’s primary role would be to protect and preserve these inalienable rights, not to restrict or manipulate them for political gain.

1. The Right to Self-Governance: Replacing Monarchy with the People's Sovereignty
The first and most fundamental argument for abolishing the Westminster system is the need to reject hereditary power. The idea that the head of state is unelected and inherited is inherently undemocratic. The Monarchy, and by extension the Governor General, are remnants of an imperial era that has no place in a modern, free society. In the spirit of the American Revolution and the founding fathers, we must recognize that the sovereignty of the Canadian people should never rest in the hands of an unelected monarch or their representatives. Power must flow from the people, not from a system that preserves the elitism of distant royals.

A Canadian Republic would empower the citizens to elect their head of state, ensuring that the leader of the country is truly accountable to the people. No longer would citizens be subject to the whims of a foreign monarchy or a government that operates in a shadowy, undemocratic manner. Instead, Canadians would have the ability to directly shape the direction of their country through free elections and a direct democratic process.

2. The Inalienable Rights of Citizens: God-Given, Not Government-Given
Another key argument in favor of abolishing the Westminster System and moving towards a Canadian Republic is the establishment of an immutable constitution that recognizes God-given rights. Under the current system, rights and freedoms are often viewed as privileges that the government can grant or revoke at its discretion. This arrangement creates a dynamic where the government becomes the arbitrary decider of who has access to rights, and under what circumstances.

In contrast, a Canadian Republic would base its Constitution on the principle that rights are inherent to every individual and cannot be revoked by the state. These rights, which include freedom of speech, religion, property, self-defense, and the pursuit of happiness, are inalienable. They are God-given, and as such, they cannot be infringed upon by any government.

The establishment of a Republic with an immutable constitution ensures that citizens' fundamental liberties are protected from the whims of political elites or temporary majorities. It solidifies the principle that personal liberty and individual rights are the bedrock of any just society.

3. A Government of Limited Powers: Inspired by the U.S. Founding Fathers
The American Revolution laid the groundwork for the idea that a limited government is essential to protect individual liberty. The U.S. Constitution enshrines principles that emphasize the importance of a separation of powers, a check and balance system, and the protection of individual rights through a Bill of Rights. These principles were born out of the recognition that too much concentrated power in the hands of a central government can threaten freedom.

The Canadian Republic could draw inspiration from these principles, establishing a government that is limited and accountable to the people. Federalism would ensure that local and regional governments retain significant authority, while the central government is empowered only to protect the rights of individuals and maintain national security. Legislative power would be checked by an independent judiciary, ensuring that laws are both fair and constitutional.

Moreover, the Canadian President or Prime Minister would be directly elected by the people, ensuring accountability to those they serve. In contrast to the Westminster model, where the executive power is often held by a political elite, a directly elected head of state would be bound to represent the interests of the people, rather than a distant crown or the interests of powerful elites.

4. A More Transparent and Accountable System
Finally, the Westminster system fosters an opaque, elitist political structure that protects the status quo and impedes genuine reform. This system often encourages party loyalty over principle, and partisan politics can lead to corruption, inefficiency, and a lack of accountability to the people.

By adopting a Canadian Republic, we can shift towards a more transparent, directly accountable, and people-centered system of governance. A Republic would break down the old hierarchical systems and replace them with a system where the people are truly in control of their own future. Electoral reforms, such as proportional representation, could be implemented to ensure that every voice is heard and that no group is left out of the democratic process.

Conclusion: A New Era for Canada
In conclusion, Canada has outgrown the Westminster system and the vestiges of imperial rule. A Canadian Republic, grounded in the principles of Representative Democracy, personal liberty, and inalienable rights, is the way forward for a truly free and just society. Inspired by the ideals of the American Revolution, we can build a new government—one that is accountable to the people, protects our fundamental rights, and limits the power of the state. A government that operates under an immutable constitution that recognizes that our rights come from God, not from any government, would truly be the fulfillment of a just and free nation.

It is time to abolish the Westminster system and forge a new path—one that respects the sovereignty of the people and ensures that the government serves and protects us, rather than oppressing us.

This argument for a Canadian Republic emphasizes individual liberty, inalienable rights, and self-governance, with a focus on personal responsibility and a government accountable to the people, drawing on the wisdom and principles of the American founders. What are your thoughts on the direction this could take?",YouTube
Election now!!!,YouTube
"Don't worry, Canada's real head office is in Washington DC, you guys need to learn more about where you live 😂",YouTube
sure we did,YouTube
@yourmaker8786  it's totally corruption government.,YouTube
That’s not how our system works.,YouTube
@ I know but it doesn’t make sense,YouTube
How can an unelected person be PM….. ?,YouTube
Now is time to get a new PM. As we got a plant in his place.,YouTube
"Sickening, an UNelected employee being given this position at this time. ELECTION NOW!!",YouTube
Get that Carney outa town,YouTube
Communist Carney.,YouTube
Call and win the election now!!!,YouTube
Election now!,YouTube
No Canadian flags! Release your investments portfolio now!!!!,YouTube
Where are the flags of Canada?,YouTube
Sad day,YouTube
"People in the comments section don't understand how our elections work.

We elected a liberal government, then that government selects their prime minister, like what just happened.

This very situation has happened with a conservative government, like Kim Campbell.",YouTube
Don’t get comfortable,YouTube
"Now, we just have to do everything we can do to make sure he stays 💁🏻‍♀😅",YouTube
"Know what the demon possessed lust after most, they will even use fraud.

Self exaltation",YouTube
These commenters don’t know anything about politics,YouTube
How can this happen...we as Canadians should vote,YouTube
Now we want an election,YouTube
Should he not have a seat in parliament for this to be legal?????????,YouTube
What when did the 666th Pm get his thrown?,YouTube
Dark days for Canada,YouTube
"NOT OUR PM 
WAS NOT VOTED IN BY 🇨🇦",YouTube
I can't wait to get out of this country,YouTube
no offence... no one voted for him but he can become pm of the people?,YouTube
"If you see what eby is doing in bc, you know carney will also do the same thing,so no election",YouTube
"It's time to usher Canada into a new era of strength, respect and long term prosperity 🙏",YouTube
"Looking very Prime Ministerial, we welcome you with open arms! Bravo!!!",YouTube
What a joke. This country is a joke,YouTube
"Subaru: ""Hehe, 24"" (holds in laughter)",YouTube
"I guess anyone rich and well connected can become PM. We, the West, always talk about how we're free and we can become anything we want if we work hard enough but this just shows how nonsensical it is and we're really not all that different from places like China.",YouTube
"Congratulations Mr Carney, good luck going forward! ❤️🇨🇦",YouTube
"Another Biden , but Canadian.  Lolololololol",YouTube
Great! Now call an election,YouTube
If you asked AI to create a used car salesman.,YouTube
"Sweet, did he call an election yet?",YouTube
"🇫🇷Dieu sauve Charles III, le roi du Canada! 🇨🇦 God save Charles III The King of Canada!🇬🇧",YouTube
More lies?!,YouTube
"Before you comment.
Make sure you do some researching from bipartisan sources.",YouTube
now he can put the emergency act to have the unlimited power hail your new emperor ...,YouTube
Epstein list we know!!!!!!!!!!!,YouTube
"He is not my Pm - doesn’t say much of a person integrity when he accepts a position that the people of Canada did not vote for, but e should not be surprised by his as he has taken credit for things that he had no business taking credit for.   What an imposter",YouTube
System is in place. Challenge your system - not him!,YouTube
"VS PP who took 11 years to do a 3 year degree? LMAO. Education is  a GOOD thing. This guy has what it takes, and that's why the polls are changing.",YouTube
"@AlyssaSouthSide  then why did he think installing a carbon tax wouldn't cost us consumers money? Right he knows so much that people in the UK despise him for how badly he managed them there. 

At least PP is elected. I rather take him than a banker any day. A banker is not your friend and never will be your friend. Bankers will sell their country's for a dime if they could.",YouTube
"Libs say this is how canada is.

Ok that's not good. We don't elect senators, that's not good.

We don't elect judges, that's not good.

We don't elect a pm, how a minority government gets to lead is beyond me.

Maybe canada should vote their representatives in and then canadians can vote the pm from those people.

This isnt democracy. You can whine this is how canada does it but that doesn't mean it's democracy.",YouTube
Just keeping the seat warm for Pierre bud,YouTube
We have a good business man in charge. Good Luck and represent us well!,YouTube
Its official we have become a Banana Republic...,YouTube
Not my PM!,YouTube
Not my PM!!!,YouTube
A sad day for cdn democracy,YouTube
Carney marks the spot! 💪🇨🇦,YouTube
"Call the election, Rockstar!    🪨 🌟",YouTube
He cant even speak french. There goes the quebec vote,YouTube
look at all the russian bots in this post isnt it funny,YouTube
"Canadian banana republic ""democracy""",YouTube
"Dude should be exiled, not unlawfully put in as an unelected leader.",YouTube
did I miss an election???,YouTube
this makes my skin crawl,YouTube
What a joke! Carneys carnival,YouTube
call an election markus,YouTube
Why do you still swear loyalty to the king,YouTube
"The prime minister that nobody voted for 
Thanks Canada",YouTube
Call the election now!,YouTube
For WEF to completely destroy taxpayer's standard of living?,YouTube
Bots and their emoticons,YouTube
Beginning of the end of Canada,YouTube
Finally a leader who has a brain and a RESUME. ABOUT DAMN TIME.,YouTube
pray tell me a Prime Minister is the first minister.. he is not yet a minister...  he holds various  citizenship this should not be allowed? This is corrupt period... we need to rewrite this if it is legal.. this is a disgrace,YouTube
Call an Election!,YouTube
"I like that he doesn’t,t use a big sharpie",YouTube
Congratulations Prime Minister Carney,YouTube
Why speak in French first?,YouTube
Absolute garbage. How are foolish are people????,YouTube
WEF's next best thing to destroy canadian taxpayers standard of living.,YouTube
Carney is not my Prime Minister. Charles is not my king.,YouTube
Call an election,YouTube
Call an election,YouTube
Election now! We are so far away from the will of the Canadian people!,YouTube
Call an election!,YouTube
Congrats Mr Carney 😊,YouTube
call an election now!,YouTube
I wanna hear what policies you're going to bring in and then for you to call an election,YouTube
"Truly, a sad day for Canada. The duopoly cemented through installation. The working class is broken, not knowing where to turn. Gig economy and pittance UBI on there way within 10 years",YouTube
😂😂😂😂 not a serious country...,YouTube
feels so corrupt,YouTube
And this guy's going to liquidate the assets 😂,YouTube
"Yes the PM position is defacto, and he's the King of the land, not the people, your here because you contribute to the upkeep with your tax dollars 😂",YouTube
Get out there !  We want election.,YouTube
NOT MY PRIME MINISTER!!!!!,YouTube
embarrassing.,YouTube
Peep freeland tweaking as per usual,YouTube
Good to know that he practiced his French this time,YouTube
Call the Election!!!!,YouTube
Election time. Pierre for PM,YouTube
"Trump quicksand…..Lol
We are watching the greatest show on earth",YouTube
"Dear Banks of Canada and England, and the King of course, thank you for tightening the reins of power in this time of great changes. lol",YouTube
How is this even allowed lol what,YouTube
"he seems like a pretty personal guy, still a banker though",YouTube
Can someone say dictatorship..Who elected this guy..God save the King...,YouTube
Gross,YouTube
Disgraceful,YouTube
How is this even possible!!!,YouTube
And the gong show continues. I’m gonna pack my bags and move to Narnia now. 🌁🌄,YouTube
Remind me what electoral district he is MP for?,YouTube
"Total bull crap ,during a crisis with our number one trading partner",YouTube
"Better call and election, you see selected not elected",YouTube
He is Rishi Sunak of Canada,YouTube
"Well, you see, they created a system for themselves and convinced us it was for our benefit, people still believe this, in droves 😂",YouTube
He is a placeholder call an election.,YouTube
Finance bro as PM,YouTube
A Big Mistake in Canada.,YouTube
How the actual... How is HE the Prime Minister???,YouTube
So many crybabies in here...,YouTube
How about an election by the people! Eh,YouTube
BOOOOO,YouTube
WEF vs Canada 🇨🇦,YouTube
Ok now call election,YouTube
This is wrong I say.Terribly wrong.,YouTube
❤ Go Canada!!❤,YouTube
This guy is a joke,YouTube
"So proud of Mr. Carney.   People need to look at his track record.   It's amazing!   We need to look at merit and he has merit far beyond any other person in Canada.   Education in the top global universities, Governor of the Bank of Canada and Governor of the Bank of England.   Has worked all over the world and understands the different cultural sensitbilities.   He's the man to do the job.   Traditionally I'm not a liberal voter but I have so much confidence in Mr. Carney I will vote for the liberal because he's smart, mature, responsible, respectful and states the fact.",YouTube
Congratulations Prime Minister Carney 🇨🇦,YouTube
He said he is calling an election asap,YouTube
Wheres the puke button. Canada is screwed.,YouTube
The trolls are out in full force trying to screw with the next election,YouTube
Guy who moved his businesses to USA.,YouTube
Election now please,YouTube
Its sad and disappointing that a lot of Canadians have no clue how Canadian politics works. Probably never even voted.,YouTube
Welp were done for,YouTube
Definitely voting Carney.   Never maga Pierre,YouTube
Nobody  voted for the guy,YouTube
When did I vote for him? 🤔,YouTube
Not my prime minister,YouTube
But how does this happen if we never elected him?,YouTube
This guy will get crushed if ever we get a fair election,YouTube
The devil is now on his throne.,YouTube
"Moi, I would also like to become prime minister please",YouTube
Trudeau part 2.,YouTube
❤ from Ottawa,YouTube
Call election.,YouTube
Federal election asap,YouTube
Here we go again push for an election quick go Pierre 😂,YouTube
Steward of Gondor,YouTube
"Not my prime minister, was not voted in by the people.",YouTube
@CTV I hope you are looking in your comments.,YouTube
"Apointed, not elected.",YouTube
Not my PM,YouTube
"Election time,,,,,,,",YouTube
keep telling yourself that,YouTube
"87% voted for him, dummy!",YouTube
Awful.,YouTube
❤welcome Pm,YouTube
What a show!,YouTube
Canada's last prime minister,YouTube
Call an election,YouTube
Nothing there for me.,YouTube
Musical Chairs,YouTube
So anybody can run  now. You dont need to be a mp anymore. Im running to.,YouTube
Election now!!,YouTube
What riding was he elected in?,YouTube
Congratulations sir,YouTube
"he serves the king, not the canadians",YouTube
Funny ... his french. Useless,YouTube
Winning times ahead folks,YouTube
Not my  PM,YouTube
Election… NOW,YouTube
51st state now!,YouTube
No one voted for him 😂😂😂 he was The finance minister for the last leader and look how that turned out,YouTube
"Be great if he visited China, like PM Chretien did last year great interview on CGTN Leader's Talk..Race to the Future and Modernization..Reporterfy Media-Cyrus Janssen",YouTube
It'll be short lived.,YouTube
the king is canadians head of state. so we all serve the king.,YouTube
He also ran the Bank of Canada for Stephen Harper (a conservative PM) look how that turned out.  Pulled through the 08 financial crisis because of him.,YouTube
We don’t vote for Prime Ministers.,YouTube
@ - he didn’t run the Bank of Canada under Trudeau.  My argument is you have no idea what you are talking about.,YouTube
@ - no he wasn’t; thanks for proving my point,YouTube
@jayc5373  I was wrong but still not getting my vote,YouTube
Not elected,YouTube
LETS GOOOOOO,YouTube
"The new, but hopefully short term, PM.",YouTube
If this guy is a clown that makes Trump the whole Carnival.,YouTube
Neil McCoy Ward - The Disturbing Truth behind Canada's New Prime Minister,YouTube
Not my Prime Minister.,YouTube
Freeland is buzzing on something and huffing and puffing moving your feet and head twitching like a bobblehead 😅,YouTube
GB 2.0,YouTube
Congrats Marj🇨🇦🇨🇦🇨🇦,YouTube
Never received 1 vote ... 🤣 kamala Harris 2.0,YouTube
🤮,YouTube
Such A Crying Shame! He Has No Right To Be prime Minister! Disgusting!,YouTube
All i can say is do your research.,YouTube
not my prime minister,YouTube
Call an election now!!!!,YouTube
Congradulation,YouTube
👏🏻👏🏻👏🏻,YouTube
God save the king,YouTube
Election,YouTube
"They purposely shot down parliament, so they're not criticised!",YouTube
Call an election NOW!!! This guy lives in the U.S. his wife is still in New York.,YouTube
What a farce.,YouTube
Kim Campbell 2.0,YouTube
All the people complaining about not having elected him should read a book and maybe find out how our parliamentary system works.,YouTube
Barf,YouTube
Hmmm,YouTube
Our new Prime Minister Mark Carney  🙌 👊,YouTube
What a farce…,YouTube
No Canadian citizen voted for this.,YouTube
Not my king🇨🇦🇨🇦🇨🇦,YouTube
J'aime ton accent le grand ❤,YouTube
"As an American the existence of Canada has never made much sense to me. Like why does your country even exist? The map just makes so much more sense when the US controls all of North America. Your guy's country only exists for one reason: British imperialism. The British decided to keep you from being a part of the United States just so they control your land and natural resources. Literally no other reason... What kind of national identity is that? At this point the existence of Canada is tantamount to the British continuing to control Northern Ireland, or parts of Cypress, or part of Spain (Gibraltar) or part of Argentina (the Malvinas). Let's face it... You can make whataboutisms all you want or spew your propaganda but you actually can't come up with a single good reason why you shouldn't join the US.",YouTube
Canadian did NOT vote for him. Elections now,YouTube
"Finally, someone who is well educated in a position of power. Love to see it! I'm excited to vote for him when he calls a re-election!",YouTube
😢,YouTube
Election now!!!!!!!!,YouTube
Canada heading right down the tube's!!!,YouTube
How is this guy out PM when no one voted for him?!?!?! Call the election now,YouTube
This is ultimate corruption.,YouTube
Gross that britain is still a part of Canada... Time for the natives to take the land back..,YouTube
"I think you need to learn history a little more. Canada exists because a bunch of people from the states went north during/after the revolutionary war because they were loyalists of the crown, didn't support your founding fathers and didn't like the revolution. Canada/Canadian people have never and will never be with Americans/part of the USA. If anything we're more with the British. We respect our traditions.",YouTube
Nooooooo,YouTube
What a joke Canada is completely  tucked,YouTube
God help us!,YouTube
👏👏👏👏🇨🇦🇨🇦🇨🇦🇨🇦❤❤❤,YouTube
Pierre Poilevre coming .,YouTube
TIME FOR AN ELECTION ASP!!!,YouTube
Le accent 🫥,YouTube
Quite the coup,YouTube
🤦‍♀️,YouTube
He is not Canadian,YouTube
Swearing  to majesty.... Not for people of Canada.. Constitutional monarchy,YouTube
🤣🤣🤣🤣🤣🤣🤣🤣 temporary Minister lol,YouTube
Election!!,YouTube
We need someone with this economic background to lead. No questions asked. Now is not time for political loyalty. It is time to think about riding the economic tide and surviving.,YouTube
